0,0,0,0,0,-0.030843,0.70643,-0.030843,0.70643,0,0,0,0
0.0070437,0,9.7851,0.79438,-0.023437,-0.030843,0.70643,-0.030843,0.70643,-9.014,3.4808,-1462,85467
0.014087,0,9.5997,0.86422,0.13519,-0.030843,0.70643,-0.030843,0.70643,-10.357,-2.2415,-1444.4,83936
0.021131,0,9.8204,0.80962,0.07512,-0.030843,0.70643,-0.030843,0.70643,-2.622,15.835,-1454.9,84050
0.028175,0,11.154,0.8735,0.10116,-0.030843,0.70643,-0.030843,0.70643,-8.9472,5.1639,-1487.8,83274
0.035219,0,72.751,6.3896,5.4176,-0.030843,0.70643,-0.030843,0.70643,-13.361,3.8061,-1451.3,84528
0.042262,0,78.334,6.9678,6.0579,-0.030843,0.70643,-0.030843,0.70643,2.4833,1.3329,-1494,86238
0.049306,0,80,7.022,6.2912,-0.030843,0.70643,-0.030843,0.70643,-1.4366,4.1203,-1459.2,84509
0.05635,0,104.82,9.1494,8.3509,-0.030843,0.70643,-0.030843,0.70643,-6.8541,-14.093,-1480.9,84123
0.063393,0,110.72,9.7009,8.8389,-0.030843,0.70643,-0.030843,0.70643,3.1691,-7.3985,-1457.8,84972
0.070437,0,116.32,10.23,9.3274,-0.030843,0.70643,-0.030843,0.70643,-12.554,-8.8408,-1483.2,84298
0.077481,0,120.34,10.594,9.9404,-0.030843,0.70643,-0.030843,0.70643,7.6202,-3.5464,-1493.6,85090
0.084524,0,123.53,10.811,9.8751,-0.030843,0.70643,-0.030843,0.70643,14.79,-2.2696,-1480.4,85028
0.091568,0,124.95,10.974,10.055,-0.030843,0.70643,-0.030843,0.70643,0.97529,-10.795,-1482.1,85016
0.098612,0,124.53,10.886,10.109,-0.030843,0.70643,-0.030843,0.70643,3.687,-14.554,-1468,84205
0.10566,0,124.24,10.985,10.061,-0.030843,0.70643,-0.030843,0.70643,2.0362,12.35,-1470.5,84094
0.1127,0,124.12,10.974,9.9155,-0.030843,0.70643,-0.030843,0.70643,-4.8959,16.259,-1459.6,82740
0.11974,0,123.57,10.797,10.01,-0.030843,0.70643,-0.030843,0.70643,-0.55861,6.4012,-1471.8,83412
0.12679,0,123,10.766,9.7497,-0.030843,0.70643,-0.030843,0.70643,-3.8262,-6.9813,-1471.9,84824
0.13383,0,122.24,10.59,9.8028,-0.030843,0.70643,-0.030843,0.70643,-13.73,-10.084,-1481.2,86179
0.14087,0,121.57,10.818,10.039,-0.030843,0.70643,-0.030843,0.70643,-21.965,10.144,-1471.4,86149
0.14792,0,120.94,10.753,9.6885,-0.030843,0.70643,-0.030843,0.70643,-3.895,-4.9241,-1474.8,84455
0.15496,0,120.94,10.622,9.8405,-0.030843,0.70643,-0.030843,0.70643,1.3105,-3.7594,-1477.9,83770
0.16201,0,120.94,10.468,9.8151,-0.030843,0.70643,-0.030843,0.70643,9.1738,13.889,-1462.2,84798
0.16905,0,121.05,10.529,9.9993,-0.030843,0.70643,-0.030843,0.70643,-10.333,-10.627,-1473.3,86121
0.17609,0,120.96,10.626,10.784,-0.030839,0.70643,-0.030845,0.70643,-8.7513,-10.035,-1460.7,84911
0.18314,0,121.27,10.579,10.767,-0.030829,0.70644,-0.03085,0.70643,-6.642,20.394,-1473.5,84294
0.19018,0,121.32,10.53,10.71,-0.030812,0.70644,-0.030859,0.70643,7.871,7.8824,-1460.7,84016
0.19722,0,121.36,10.533,10.858,-0.030788,0.70645,-0.030872,0.70642,-14.664,-5.0002,-1477,85726
0.20427,0,121.51,10.486,10.978,-0.030755,0.70646,-0.030889,0.70641,-14.256,-5.1291,-1453.2,85504
0.21131,0,121.39,10.494,10.962,-0.030715,0.70647,-0.030911,0.7064,-3.1179,1.9769,-1475.8,85516
0.21835,0,121.66,10.69,10.86,-0.030665,0.70648,-0.030938,0.70639,-4.6643,-2.4111,-1471.2,84802
0.2254,0,121.56,10.514,10.999,-0.030605,0.70649,-0.03097,0.70638,4.4342,-0.3392,-1474.1,88156
0.23244,0,121.9,10.439,10.827,-0.030535,0.70651,-0.031009,0.70636,-21.867,4.8484,-1481.2,85797
0.23949,0,121.81,10.426,10.665,-0.030455,0.70653,-0.031055,0.70634,-7.3434,3.1811,-1474.8,83317
0.24653,0,122.04,10.39,10.782,-0.030362,0.70655,-0.031108,0.70633,16.317,2.5207,-1465.5,85678
0.25357,0,122.09,10.531,11.014,-0.030258,0.70658,-0.031168,0.7063,20.206,-5.3831,-1468.7,86298
0.26062,0,122.15,10.591,10.9,-0.03014,0.7066,-0.031237,0.70628,10.446,-8.0353,-1465.1,83883
0.26766,0,122.46,10.545,10.893,-0.030008,0.70663,-0.031315,0.70625,-6.0022,12.605,-1459,85023
0.2747,0,122.47,10.4,11.023,-0.029862,0.70666,-0.031403,0.70622,-18.825,-9.4291,-1472.9,87072
0.28175,0,122.4,10.646,11.03,-0.029701,0.70669,-0.0315,0.70619,-17.828,-7.7855,-1459.7,85938
0.28879,0,122.7,10.595,11.039,-0.029524,0.70673,-0.031608,0.70616,-10.614,-11.106,-1474.8,83538
0.29584,0,122.8,10.722,11.035,-0.02933,0.70677,-0.031728,0.70612,-1.4362,-1.3991,-1479.7,83558
0.30288,0,122.72,10.634,10.91,-0.029119,0.70681,-0.03186,0.70609,-2.066,-5.5055,-1485,85652
0.30992,0,122.97,10.69,10.899,-0.028889,0.70685,-0.032004,0.70604,2.9588,3.7772,-1469.7,84156
0.31697,0,123.15,10.544,11.096,-0.02864,0.7069,-0.032162,0.706,-6.7504,-20.928,-1499.6,84726
0.32401,0,123.25,10.674,11.046,-0.028371,0.70695,-0.032334,0.70595,5.4419,-5.8138,-1450.3,84497
0.33105,0,123.25,10.509,11.03,-0.028081,0.707,-0.032521,0.70591,12.603,-10.161,-1490.2,85432
0.3381,0,123.64,10.658,11.112,-0.02777,0.70706,-0.032723,0.70585,-0.46028,-1.2218,-1473.9,86495
0.34514,0,123.68,10.664,11.033,-0.027436,0.70711,-0.032942,0.7058,22.138,15.419,-1479.2,84853
0.35219,0,123.91,10.708,10.933,-0.027079,0.70717,-0.033178,0.70574,-12.339,-6.7293,-1489.4,83146
0.35923,0,124.01,10.631,11.159,-0.026697,0.70724,-0.033431,0.70568,-25.904,7.1534,-1471.9,84812
0.36627,0,124.13,10.753,11.146,-0.026291,0.7073,-0.033703,0.70562,-4.5446,18.767,-1485.7,84954
0.37332,0,124.25,10.638,11.092,-0.025858,0.70737,-0.033994,0.70555,2.0721,7.5592,-1484.4,84817
0.38036,0,124.2,10.653,10.833,-0.025399,0.70745,-0.034306,0.70548,-4.2599,-8.7349,-1483.2,86163
0.3874,0,124.37,10.818,11.051,-0.024912,0.70752,-0.034638,0.7054,-5.2079,1.8413,-1486.7,85232
0.39445,0,124.53,10.79,11.037,-0.024397,0.7076,-0.034992,0.70533,-13.273,1.2778,-1478.5,84586
0.40149,0,124.47,11.049,11.102,-0.023852,0.70768,-0.035369,0.70525,-1.3078,8.1236,-1486.5,85263
0.40853,0,124.8,10.851,11.267,-0.023277,0.70776,-0.035769,0.70516,1.9137,-0.72074,-1470.3,86027
0.41558,0,125,10.979,11.166,-0.02267,0.70785,-0.036193,0.70507,15.488,0.50919,-1472.8,83358
0.42262,0,124.96,10.885,11.215,-0.022032,0.70793,-0.036642,0.70498,-14.964,4.1006,-1497.5,84976
0.42967,0,125.02,11.058,11.105,-0.02136,0.70802,-0.037118,0.70489,-4.5132,9.9007,-1494.2,83882
0.43671,0,125.29,10.815,10.98,-0.020655,0.70812,-0.037619,0.70479,-11.728,-2.4477,-1481.9,85147
0.44375,0,125.33,10.948,11.051,-0.019914,0.70821,-0.038149,0.70469,3.6796,6.9379,-1501,84804
0.4508,0,125.72,11.05,10.952,-0.019138,0.70831,-0.038707,0.70458,18.111,4.4215,-1475.6,85331
0.45784,0,125.36,10.851,10.875,-0.018326,0.70841,-0.039294,0.70447,12.787,0.30088,-1482.8,84127
0.46488,0,125.58,11.03,10.824,-0.017476,0.70851,-0.039912,0.70435,12.828,-8.0165,-1501.7,83617
0.47193,0,125.68,11.17,10.988,-0.016588,0.70862,-0.04056,0.70423,5.0083,-11.035,-1472,85536
0.47897,0,125.93,11.093,10.961,-0.015661,0.70873,-0.041241,0.7041,-14.671,-7.9339,-1471.7,84078
0.48602,0,126.06,11.047,11.059,-0.014693,0.70883,-0.041954,0.70397,3.982,5.4175,-1490.4,85443
0.49306,0,126.09,11.076,11.037,-0.013685,0.70894,-0.042701,0.70384,1.1034,-6.9627,-1480.6,84158
0.5001,0,126.04,11.218,10.939,-0.012635,0.70906,-0.043483,0.7037,2.7433,-20.665,-1481.8,83704
0.50715,0,126.34,11.126,10.929,-0.011543,0.70917,-0.0443,0.70355,11.305,-2.6459,-1495,84600
0.51419,0,126.52,11.413,10.868,-0.010407,0.70928,-0.045153,0.7034,-24.285,-4.3944,-1488.7,84559
0.52123,0,126.73,11.409,10.908,-0.0092275,0.7094,-0.046044,0.70324,-13.35,-2.3143,-1492.8,84194
0.52828,0,126.79,11.055,10.83,-0.0080027,0.70951,-0.046973,0.70308,4.6536,0.91926,-1491.6,83108
0.53532,0,126.82,11.355,10.828,-0.0067322,0.70963,-0.047941,0.70291,-9.9453,-15.452,-1500.3,84330
0.54237,0,126.76,11.418,10.84,-0.0054152,0.70974,-0.048949,0.70274,2.9109,-3.4149,-1479.9,85504
0.54941,0,126.95,11.54,10.844,-0.0040509,0.70986,-0.049998,0.70255,7.3074,-4.9369,-1479,82899
0.55645,0,127.29,11.504,10.699,-0.0026386,0.70998,-0.051089,0.70236,6.5854,4.1345,-1497.6,82905
0.5635,0,127.15,11.592,10.556,-0.0011775,0.71009,-0.052222,0.70217,2.6144,-7.2424,-1496.3,84177
0.57054,0,127.41,11.609,10.634,0.00033295,0.71021,-0.053399,0.70197,1.901,10.769,-1492.8,85001
0.57758,0,127.37,11.675,10.43,0.0018936,0.71032,-0.05462,0.70175,5.1795,-3.3691,-1498.3,84375
0.58463,0,127.8,11.751,10.661,0.0035051,0.71043,-0.055886,0.70154,1.8768,9.8039,-1480.4,82721
0.59167,0,127.93,11.65,10.609,0.0051681,0.71054,-0.057199,0.70131,4.2346,-2.0654,-1497.1,86651
0.59871,0,127.94,11.843,10.541,0.0068832,0.71065,-0.058558,0.70107,12.977,6.5043,-1489.7,84935
0.60576,0,127.91,11.967,10.668,0.0086512,0.71075,-0.059966,0.70083,11.34,-1.795,-1484.6,84487
0.6128,0,128,11.961,10.43,0.010472,0.71085,-0.061422,0.70058,6.1942,12.608,-1495.9,85145
0.61985,0,128.4,11.986,10.179,0.012348,0.71095,-0.062928,0.70031,11.005,-3.0288,-1489.6,83047
0.62689,0,128.3,12.126,10.218,0.014278,0.71104,-0.064484,0.70004,18.607,8.2803,-1480.8,84275
0.63393,0,128.5,12.264,10.202,0.016263,0.71113,-0.066091,0.69976,-3.599,-9.1096,-1486.8,85945
0.64098,0,128.74,12.321,10.193,0.018303,0.71121,-0.067751,0.69946,5.1588,-7.0985,-1489.5,85208
0.64802,0,128.74,12.372,10.052,0.0204,0.71129,-0.069464,0.69916,3.5849,-0.88156,-1482.3,84811
0.65506,0,128.93,12.472,10.015,0.022554,0.71136,-0.07123,0.69884,3.9811,9.4623,-1497.1,84631
0.66211,0,129.1,12.653,9.9478,0.024764,0.71143,-0.073051,0.69852,9.3785,-1.6154,-1481.6,86612
0.66915,0,129.09,12.639,9.9698,0.027032,0.71148,-0.074927,0.69818,3.0062,-10.615,-1494.7,85218
0.6762,0,129.38,12.606,9.6226,0.029358,0.71153,-0.07686,0.69782,5.6735,-0.96439,-1494.3,84376
0.68324,0,129.45,12.842,9.6559,0.031743,0.71157,-0.07885,0.69746,24.031,-12.609,-1490,85400
0.69028,0,129.6,12.953,9.3662,0.034186,0.7116,-0.080897,0.69708,-2.8188,19.985,-1500.9,84827
0.69733,1,129.57,13.07,9.5264,0.036688,0.71162,-0.083003,0.69668,2.9891,13.393,-1496.2,84587
0.70437,0,129.76,13.023,9.5596,0.03925,0.71162,-0.085168,0.69627,-7.8768,8.7713,-1493.9,86013
0.71141,0,130.17,13.074,9.3663,0.041871,0.71162,-0.087393,0.69585,0.57307,-0.21099,-1508.8,85998
0.71846,0,130.14,13.184,9.2162,0.044552,0.7116,-0.089679,0.69541,2.4949,18.995,-1506.1,83532
0.7255,0,130.41,13.307,9.196,0.047294,0.71157,-0.092026,0.69495,-5.1764,4.3226,-1509.8,85025
0.73255,0,130.52,13.331,9.0124,0.050096,0.71152,-0.094435,0.69448,1.9249,11.425,-1497.4,85051
0.73959,0,130.74,13.351,8.9768,0.052958,0.71146,-0.096907,0.69399,7.5701,-7.0183,-1514.2,83947
0.74663,0,130.69,13.562,8.743,0.055882,0.71138,-0.099443,0.69348,-9.7218,4.9479,-1519.9,85002
0.75368,0,130.67,13.613,8.6681,0.058866,0.71129,-0.10204,0.69296,4.367,18.072,-1500.2,83561
0.76072,0,131.02,13.713,8.5131,0.061912,0.71118,-0.10471,0.69241,-10.435,10.466,-1514.1,85174
0.76776,0,130.89,13.76,8.3606,0.065018,0.71104,-0.10744,0.69185,8.6767,-1.5332,-1494.6,83461
0.77481,0,131.31,13.801,8.3473,0.068186,0.71089,-0.11023,0.69126,-5.9616,6.5724,-1507,84142
0.78185,0,131.24,13.95,8.1475,0.071415,0.71071,-0.11309,0.69065,14.469,15.001,-1499.1,83711
0.78889,0,131.52,14.108,7.9563,0.074706,0.71051,-0.11602,0.69002,3.1874,-1.1001,-1497.4,84741
0.79594,0,131.83,14.244,8.0417,0.078058,0.71029,-0.11902,0.68937,-9.9679,-15.47,-1498.4,85956
0.80298,0,132.03,14.266,7.6416,0.081471,0.71004,-0.12208,0.6887,1.8274,-4.4985,-1517,85177
0.81003,0,132.14,14.385,7.6512,0.084945,0.70976,-0.12522,0.688,-2.1559,14.063,-1496.7,83934
0.81707,0,132.1,14.228,7.3603,0.08848,0.70946,-0.12842,0.68728,28.592,-1.1617,-1507.1,82553
0.82411,0,132.08,14.524,7.3207,0.092076,0.70912,-0.13169,0.68653,7.3304,-10.788,-1501,86707
0.83116,0,132.35,14.534,7.0906,0.095733,0.70876,-0.13503,0.68575,2.3603,-2.3456,-1506.7,84231
0.8382,0,132.45,14.819,7.0718,0.099451,0.70837,-0.13844,0.68495,17.128,4.384,-1504.7,82908
0.84524,0,132.22,14.737,6.64,0.10323,0.70794,-0.14192,0.68413,-0.43665,-10.148,-1499.2,83177
0.85229,0,132.53,15.018,6.4244,0.10707,0.70747,-0.14548,0.68327,7.5538,0.28117,-1506.9,83621
0.85933,0,132.75,15.075,6.5074,0.11097,0.70697,-0.1491,0.68238,-0.86146,4.5345,-1517.2,83513
0.86638,0,132.96,15.119,6.0475,0.11492,0.70643,-0.15279,0.68147,8.198,4.9225,-1512,84440
0.87342,0,133.1,15.303,5.8773,0.11894,0.70586,-0.15656,0.68052,-3.0252,4.5959,-1518.3,85588
0.88046,0,133.18,15.195,5.7436,0.12302,0.70524,-0.1604,0.67954,6.3485,4.7535,-1507.4,85564
0.88751,0,133.35,15.4,5.8127,0.12715,0.70458,-0.16431,0.67853,3.8983,13.471,-1506.5,83729
0.89455,0,133.52,15.559,5.3486,0.13135,0.70387,-0.16829,0.67749,-13.454,3.2607,-1517.4,84761
0.90159,0,133.54,15.503,5.1884,0.1356,0.70312,-0.17234,0.67641,4.2014,-0.01991,-1515.6,83466
0.90864,0,133.72,15.654,4.8125,0.13991,0.70233,-0.17646,0.6753,-2.1344,17.519,-1515.6,86203
0.91568,0,133.83,15.588,4.8331,0.14428,0.70148,-0.18066,0.67415,-11.136,9.0709,-1519.6,83883
0.92273,0,133.96,15.879,4.4444,0.1487,0.70058,-0.18493,0.67296,-6.1372,16.583,-1503.5,84565
0.92977,0,134.1,16.026,4.0301,0.15318,0.69963,-0.18926,0.67174,10.725,-11.196,-1517.3,84547
0.93681,0,134.46,16.004,3.8592,0.15772,0.69862,-0.19367,0.67048,15.292,-18.046,-1518,83742
0.94386,0,134.43,16.15,3.8354,0.16231,0.69756,-0.19816,0.66917,13.654,-9.4936,-1527,86140
0.9509,0,134.23,16.236,3.6207,0.16696,0.69644,-0.20271,0.66783,16.461,-7.9266,-1503.8,85995
0.95794,0,134.51,16.358,3.2067,0.17166,0.69527,-0.20733,0.66645,-14.248,1.8635,-1542.6,85039
0.96499,0,134.54,16.51,2.8399,0.17641,0.69402,-0.21202,0.66502,4.5511,-11.711,-1504.9,83516
0.97203,0,134.7,16.364,2.8723,0.18122,0.69272,-0.21678,0.66355,17.427,-5.6424,-1528,85500
0.97907,0,134.68,16.357,2.4163,0.18608,0.69135,-0.22161,0.66204,18.362,18.873,-1502.8,85010
0.98612,0,134.8,16.506,2.1864,0.19099,0.68991,-0.22651,0.66048,-12.373,5.7796,-1534,83353
0.99316,0,134.92,16.693,1.9162,0.19596,0.68841,-0.23148,0.65887,12.316,2.492,-1543.1,83638
1.0002,0,135.15,16.496,1.6242,0.20097,0.68683,-0.23651,0.65722,5.5262,-15.826,-1514.7,81985
1.0072,0,134.98,16.451,1.4336,0.20604,0.68518,-0.24161,0.65551,5.3708,-3.5751,-1528.6,83488
1.0143,0,135.13,16.949,1.0932,0.21115,0.68345,-0.24678,0.65376,3.0426,-7.5288,-1543.4,85185
1.0213,0,135.29,16.586,1.1046,0.21632,0.68165,-0.25201,0.65196,3.9903,-8.1616,-1533.8,85363
1.0284,0,135.42,16.706,0.60833,0.22153,0.67977,-0.2573,0.6501,13.137,12.297,-1522.5,85034
1.0354,0,135.65,16.721,0.42805,0.22679,0.67781,-0.26266,0.64819,-1.5799,3.6539,-1532,84591
1.0425,0,135.64,16.743,0.064019,0.23209,0.67576,-0.26808,0.64623,9.7957,31.433,-1538.5,83510
1.0495,0,135.75,16.871,-0.30459,0.23744,0.67363,-0.27356,0.64421,20.694,-5.3159,-1539.6,82848
1.0566,0,135.68,16.827,-0.82699,0.24284,0.67142,-0.2791,0.64213,5.4842,3.6957,-1514.1,84184
1.0636,0,135.93,16.818,-0.73922,0.24828,0.66911,-0.28469,0.63999,0.3849,5.452,-1529.2,85430
1.0706,0,136.04,16.894,-1.0279,0.25377,0.66672,-0.29034,0.6378,1.2402,3.8769,-1544,85500
1.0777,0,136.13,16.789,-1.522,0.25929,0.66423,-0.29605,0.63554,-5.8416,-5.3221,-1533.8,82753
1.0847,0,136.04,16.831,-1.8684,0.26486,0.66165,-0.30181,0.63322,6.786,26.181,-1531.9,83287
1.0918,0,136.3,16.722,-2.2442,0.27047,0.65898,-0.30763,0.63084,32.476,0.57916,-1528.2,83236
1.0988,0,136.19,16.732,-2.358,0.27612,0.6562,-0.31349,0.62839,15.71,0.37524,-1521.2,84987
1.1059,0,136.3,16.437,-2.7267,0.28181,0.65333,-0.3194,0.62588,-3.8385,4.603,-1533.1,83369
1.1129,0,136.57,16.734,-2.9385,0.28754,0.65036,-0.32536,0.62329,4.7032,2.6044,-1544.9,85070
1.1199,0,136.43,16.844,-3.1319,0.2933,0.64728,-0.33137,0.62064,-5.1285,2.5583,-1531.5,86123
1.127,0,136.74,16.452,-3.5609,0.29911,0.6441,-0.33742,0.61792,-2.1646,2.5877,-1544.6,84579
1.134,0,136.93,16.489,-4.08,0.30494,0.64081,-0.34351,0.61512,6.2468,1.1599,-1539.4,83532
1.1411,0,137.1,16.502,-4.2791,0.31081,0.63741,-0.34964,0.61225,25.357,0.86067,-1532.2,83620
1.1481,0,137.14,16.434,-4.4068,0.31672,0.63391,-0.35581,0.6093,-1.6933,-15.047,-1549.3,83819
1.1552,0,137.38,16.443,-5.2122,0.32265,0.63029,-0.36201,0.60628,2.0919,2.4931,-1541.7,83488
1.1622,0,137.53,16.269,-5.2123,0.32862,0.62656,-0.36825,0.60317,12.087,-2.5056,-1561.6,81648
1.1693,0,137.63,16.205,-5.6027,0.33461,0.62272,-0.37452,0.59999,10.227,-12.35,-1552.2,83688
1.1763,0,137.49,16.069,-5.8358,0.34064,0.61877,-0.38081,0.59672,5.0914,1.3186,-1537.3,83708
1.1833,0,137.65,15.871,-6.1489,0.34669,0.61469,-0.38714,0.59337,26.226,-2.8088,-1544.8,81903
1.1904,0,137.6,15.863,-6.5365,0.35277,0.6105,-0.39348,0.58993,0.33687,-8.3753,-1551,83766
1.1974,0,137.75,15.84,-6.7221,0.35887,0.60619,-0.39985,0.5864,0.15183,-4.2758,-1544.2,84886
1.2045,0,137.9,15.631,-7.0071,0.365,0.60176,-0.40624,0.58278,19.758,10.651,-1552.6,81325
1.2115,0,138.02,15.725,-7.363,0.37114,0.59721,-0.41264,0.57907,14.63,-3.5952,-1539.8,83617
1.2186,0,138.14,15.298,-7.8071,0.37731,0.59254,-0.41906,0.57526,19.121,33.311,-1568.5,84086
1.2256,0,138.2,15.283,-7.9211,0.3835,0.58774,-0.42549,0.57136,1.6063,-3.71,-1555,83606
1.2326,0,138.21,15.084,-8.3687,0.3897,0.58282,-0.43192,0.56736,17.262,-15.165,-1539.9,83280
1.2397,0,138.47,15.06,-8.4297,0.39592,0.57777,-0.43837,0.56326,16.54,13.549,-1555.4,83043
1.2467,0,138.67,14.818,-8.8311,0.40215,0.5726,-0.44481,0.55905,13.057,10.093,-1557.5,82448
1.2538,0,138.53,14.569,-9.0773,0.4084,0.56731,-0.45126,0.55475,-9.2545,-0.37932,-1558.1,84029
1.2608,0,138.72,14.391,-9.4831,0.41465,0.56188,-0.4577,0.55033,-5.6862,2.373,-1555.6,84273
1.2679,0,138.98,14.163,-9.9135,0.42091,0.55633,-0.46414,0.54581,0.2145,21.775,-1556.8,86446
1.2749,0,138.99,14.217,-10.042,0.42718,0.55065,-0.47057,0.54118,5.6009,-10.228,-1568.4,83237
1.282,0,138.96,14.089,-10.541,0.43345,0.54484,-0.47698,0.53643,2.7389,17.923,-1539.3,85031
1.289,0,139.53,13.759,-10.588,0.43972,0.53891,-0.48338,0.53157,9.3992,-6.7371,-1561.9,84243
1.296,0,139.31,13.724,-10.942,0.44599,0.53284,-0.48977,0.52659,9.8497,0.49219,-1560.4,84177
1.3031,0,139.35,13.299,-11.301,0.45226,0.52664,-0.49613,0.52149,13.997,5.7645,-1553,82970
1.3101,0,139.48,13.238,-11.587,0.45852,0.52032,-0.50248,0.51628,5.7283,7.9133,-1564.3,83784
1.3172,0,139.49,12.738,-11.831,0.46478,0.51386,-0.50879,0.51093,10.265,-6.6889,-1583.6,82186
1.3242,0,139.47,12.526,-12.065,0.47102,0.50728,-0.51508,0.50547,-9.3329,4.7787,-1567,83862
1.3313,0,139.51,12.553,-12.311,0.47726,0.50057,-0.52133,0.49987,-12.252,-7.7761,-1570.5,84574
1.3383,0,139.62,12.227,-12.46,0.48347,0.49372,-0.52755,0.49415,3.0529,13.847,-1560.4,83551
1.3453,0,139.89,11.981,-12.743,0.48967,0.48675,-0.53373,0.4883,-4.4089,4.9127,-1589.9,83221
1.3524,0,140.07,11.6,-13.14,0.49584,0.47964,-0.53987,0.48231,19.84,-0.36018,-1584.3,83478
1.3594,0,140.08,11.326,-13.418,0.50199,0.47241,-0.54596,0.47619,9.6932,-9.1074,-1562.6,82156
1.3665,0,140.16,11.127,-13.661,0.50811,0.46505,-0.55201,0.46994,-4.5364,0.55714,-1567.9,82471
1.3735,0,140.09,10.591,-13.624,0.5142,0.45756,-0.558,0.46354,21.527,-17.641,-1568.8,84937
1.3806,0,140.05,10.439,-13.996,0.52025,0.44994,-0.56394,0.45701,7.1397,1.3622,-1555.4,83895
1.3876,0,140.14,10.047,-14.37,0.52627,0.44219,-0.56983,0.45033,2.529,11.219,-1570.9,83930
1.3947,0,140.28,9.8185,-14.644,0.53224,0.43432,-0.57565,0.44351,-5.9919,8.0082,-1575.8,82694
1.4017,1,140.31,9.4368,-14.853,0.53817,0.42632,-0.58142,0.43655,10.064,-8.9567,-1574.3,83246
1.4087,0,140.22,9.0532,-15.115,0.54405,0.41819,-0.58711,0.42945,16.582,21.11,-1582.6,83985
1.4158,0,140.42,8.6997,-15.323,0.54988,0.40993,-0.59274,0.42219,8.2268,-7.0303,-1591.1,83575
1.4228,0,140.46,8.4213,-15.21,0.55565,0.40155,-0.5983,0.41479,3.2729,0.7056,-1584.9,84088
1.4299,0,140.47,8.0169,-15.658,0.56136,0.39305,-0.60378,0.40724,-9.8182,-16.007,-1577.2,84870
1.4369,0,140.51,7.508,-15.739,0.567,0.38442,-0.60918,0.39954,-5.7944,1.6032,-1602.6,83254
1.444,0,140.57,7.211,-15.946,0.57258,0.37566,-0.6145,0.3917,14.888,2.2224,-1600.8,85073
1.451,0,140.52,6.7375,-16.263,0.57808,0.36678,-0.61973,0.3837,7.8394,-3.2964,-1604.5,84139
1.458,0,140.31,6.4322,-16.19,0.58351,0.35778,-0.62488,0.37555,10.993,5.3226,-1585.9,85235
1.4651,0,140.35,5.8171,-16.356,0.58885,0.34866,-0.62994,0.36725,9.9813,-5.8628,-1597.3,84024
1.4721,0,140.22,5.4899,-16.673,0.59411,0.33942,-0.6349,0.3588,-2.6836,12.362,-1598.5,83506
1.4792,0,140.35,5.1109,-16.743,0.59927,0.33005,-0.63976,0.3502,7.4578,-0.9167,-1604.6,82011
1.4862,0,140.42,4.6293,-16.885,0.60435,0.32057,-0.64453,0.34145,21.982,1.6287,-1601.7,85037
1.4933,0,140.34,3.9737,-17.077,0.60932,0.31097,-0.64919,0.33254,12.802,-6.5546,-1600.9,84032
1.5003,0,140.33,3.4344,-17.042,0.61419,0.30124,-0.65374,0.32349,15.828,-2.3024,-1599.8,84018
1.5074,0,140.46,3.1138,-17.307,0.61895,0.2914,-0.65819,0.31429,1.6575,-1.7447,-1603.9,82749
1.5144,0,140.16,2.5344,-17.406,0.6236,0.28145,-0.66252,0.30494,8.8534,-5.1034,-1631.6,84386
1.5214,0,140.34,1.831,-17.227,0.62813,0.27137,-0.66673,0.29544,10.586,5.8132,-1592.7,82760
1.5285,0,140.45,1.5079,-17.439,0.63253,0.26118,-0.67082,0.2858,-3.9686,-9.6585,-1588.3,82303
1.5355,0,140.61,0.87099,-17.449,0.63682,0.25088,-0.67479,0.27601,21.32,-1.1699,-1609,82848
1.5426,0,140.66,0.36328,-17.464,0.64097,0.24046,-0.67863,0.26608,14.931,15.057,-1605.7,82155
1.5496,0,140.91,-0.19935,-17.449,0.64498,0.22993,-0.68234,0.25601,3.0558,13.456,-1603.8,82345
1.5567,0,141.12,-0.85227,-17.335,0.64886,0.21928,-0.68591,0.2458,12.81,13.868,-1601.1,83695
1.5637,0,141.41,-1.6212,-17.566,0.65259,0.20853,-0.68935,0.23546,12.67,4.815,-1596.9,84122
1.5707,0,141.41,-2.0445,-17.196,0.65617,0.19766,-0.69264,0.22498,21.286,4.0175,-1613.2,82969
1.5778,0,141.67,-2.7846,-17.32,0.6596,0.18669,-0.69579,0.21436,0.023631,-2.2605,-1595.4,84747
1.5848,0,141.45,-3.2867,-17.344,0.66288,0.17561,-0.69878,0.20362,10.665,5.3616,-1614.6,83740
1.5919,0,141.46,-3.8518,-17.059,0.66599,0.16442,-0.70162,0.19275,18.894,5.5482,-1630.9,82593
1.5989,0,141.3,-4.3989,-17.079,0.66893,0.15312,-0.70431,0.18176,-6.3575,-3.3642,-1619.4,84043
1.606,0,141.47,-5.0061,-16.854,0.67171,0.14172,-0.70683,0.17064,24.557,0.88867,-1617.4,83247
1.613,0,141.57,-5.5849,-16.729,0.67431,0.13021,-0.70918,0.15941,6.4063,-12.187,-1617.2,83738
1.6201,0,141.57,-6.2879,-16.384,0.67674,0.11861,-0.71136,0.14807,-0.98248,5.434,-1617,85096
1.6271,0,141.68,-6.9589,-16.079,0.67898,0.1069,-0.71337,0.13661,3.6074,9.6042,-1610.5,83685
1.6341,0,141.88,-7.3546,-15.799,0.68104,0.095096,-0.7152,0.12505,23.061,-3.3293,-1628.1,83530
1.6412,0,142,-8.27,-15.524,0.68291,0.083193,-0.71684,0.11338,14.99,-2.4727,-1638.2,83162
1.6482,0,142.01,-8.6598,-15.171,0.68458,0.071196,-0.7183,0.10162,7.7826,11.8,-1610.9,84627
1.6553,0,142.22,-9.2634,-14.889,0.68606,0.059106,-0.71956,0.089761,15.881,0.67265,-1623.7,84312
1.6623,0,142.24,-9.8527,-14.485,0.68735,0.046925,-0.72062,0.077811,18.088,2.0603,-1640.5,83714
1.6694,0,142.35,-10.45,-14.107,0.68843,0.034655,-0.72148,0.065775,14.306,9.7487,-1611.7,83918
1.6764,0,142.35,-10.913,-13.589,0.6893,0.0223,-0.72214,0.053656,1.9012,20.366,-1633.6,80052
1.6834,0,142.71,-11.622,-13.326,0.68997,0.009861,-0.72258,0.04146,2.7359,2.7247,-1630.2,82509
1.6905,0,142.58,-11.932,-12.872,0.69043,-0.002658,-0.72281,0.029191,-2.9016,-8.7036,-1622.2,84294
1.6975,0,142.53,-12.614,-12.24,0.69067,-0.015254,-0.72281,0.016852,-1.6465,-3.9975,-1637.2,83329
1.7046,0,142.51,-13.043,-11.739,0.6907,-0.027925,-0.72259,0.0044496,8.2763,37.366,-1634,83117
1.7116,0,142.72,-13.576,-11.301,0.69051,-0.040666,-0.72214,-0.0080126,24.25,0.091283,-1624.3,83059
1.7187,0,142.55,-13.986,-10.621,0.69009,-0.053473,-0.72145,-0.02053,16.332,-16.362,-1630.6,84368
1.7257,0,142.82,-14.444,-10.206,0.68945,-0.066344,-0.72052,-0.033097,4.4858,1.1192,-1633.3,83018
1.7328,0,142.9,-14.821,-9.577,0.68859,-0.079274,-0.71935,-0.045709,-1.66,3.2286,-1658.5,83182
1.7398,0,142.79,-15.245,-9.0309,0.6875,-0.092259,-0.71793,-0.058362,26.333,-10.322,-1660.5,83966
1.7468,0,142.83,-15.649,-8.2693,0.68617,-0.10529,-0.71626,-0.071051,-0.25392,-2.6496,-1640,81879
1.7539,0,143,-15.821,-7.5772,0.68462,-0.11837,-0.71433,-0.083771,24.912,3.4559,-1644.7,80129
1.7609,0,143.04,-16.187,-7.1396,0.68283,-0.13149,-0.71214,-0.096516,13.39,8.9613,-1653.8,82630
1.768,0,143.07,-16.49,-6.4051,0.6808,-0.14465,-0.70968,-0.10928,31.872,-6.3001,-1655.8,84010
1.775,0,143,-16.803,-5.6265,0.67853,-0.15783,-0.70695,-0.12207,17.481,20.91,-1659.6,82998
1.7821,0,143.17,-17.126,-4.9523,0.67603,-0.17104,-0.70395,-0.13486,20.227,6.8644,-1646.5,83735
1.7891,0,143.22,-17.269,-4.2085,0.67328,-0.18427,-0.70067,-0.14766,2.0348,-12.652,-1653,82758
1.7961,0,143.29,-17.401,-3.4835,0.67028,-0.19751,-0.69711,-0.16046,18.013,18.482,-1636.3,82445
1.8032,0,143.22,-17.652,-2.991,0.66704,-0.21075,-0.69327,-0.17326,15.771,13.034,-1640.5,82438
1.8102,0,143.01,-17.688,-2.1914,0.66355,-0.22399,-0.68914,-0.18605,2.9983,8.5532,-1660.2,82868
1.8173,0,143.04,-17.607,-1.6629,0.65981,-0.23723,-0.68472,-0.19883,11.948,11.13,-1672.9,83995
1.8243,0,143.03,-17.703,-1.1359,0.65582,-0.25045,-0.68001,-0.21158,17.434,-2.1661,-1650.8,83046
1.8314,0,143.11,-17.88,-0.066539,0.65157,-0.26365,-0.675,-0.22431,6.454,7.3129,-1687.5,83008
1.8384,0,143.44,-17.778,0.48615,0.64707,-0.27681,-0.6697,-0.23702,24.653,-1.2215,-1683.1,82791
1.8455,0,143.51,-17.675,1.1357,0.64232,-0.28995,-0.66409,-0.24969,23.56,-4.726,-1684.9,81370
1.8525,0,143.53,-17.901,1.8774,0.6373,-0.30303,-0.65819,-0.26231,19.309,13.959,-1660.1,82890
1.8595,0,143.55,-17.813,2.5753,0.63202,-0.31607,-0.65198,-0.2749,5.65,8.527,-1683.7,82434
1.8666,0,143.45,-17.675,3.1168,0.62648,-0.32904,-0.64548,-0.28743,22.141,5.6545,-1675.3,84915
1.8736,0,143.65,-17.362,3.9628,0.62067,-0.34195,-0.63866,-0.2999,-1.9016,13.077,-1671.4,83381
1.8807,0,143.42,-17.462,4.4188,0.6146,-0.35478,-0.63155,-0.31232,27.02,7.9088,-1692.6,82296
1.8877,0,143.53,-17.076,5.1435,0.60826,-0.36753,-0.62413,-0.32466,3.9327,12.299,-1680.1,82511
1.8948,0,143.75,-16.903,5.6627,0.60165,-0.38018,-0.6164,-0.33693,26.415,-12.795,-1684.4,82165
1.9018,0,143.66,-16.733,6.3208,0.59477,-0.39273,-0.60838,-0.34912,-6.4804,-2.6351,-1693,82439
1.9088,0,143.62,-16.56,6.8822,0.58762,-0.40517,-0.60005,-0.36123,25.639,-11.199,-1680.3,82456
1.9159,0,143.73,-16.207,7.526,0.58019,-0.4175,-0.59141,-0.37324,27.029,-1.9319,-1679.9,83718
1.9229,0,143.83,-15.771,8.2629,0.57249,-0.4297,-0.58248,-0.38515,10.428,-19.202,-1687.7,82817
1.93,0,143.79,-15.799,8.8561,0.56451,-0.44176,-0.57324,-0.39695,18.512,0.47963,-1684.9,81618
1.937,0,143.72,-15.162,9.1877,0.55625,-0.45368,-0.56371,-0.40865,21.661,14.145,-1686.4,81868
1.9441,0,143.61,-15.21,9.7461,0.54771,-0.46545,-0.55389,-0.42022,28.152,5.8552,-1681,83137
1.9511,0,143.83,-14.542,10.352,0.53889,-0.47706,-0.54377,-0.43166,7.4025,8.9723,-1689.1,83716
1.9581,0,143.93,-14.222,10.943,0.52979,-0.4885,-0.53336,-0.44297,14.353,-6.571,-1696.7,82992
1.9652,0,144.01,-13.768,11.318,0.5204,-0.49976,-0.52266,-0.45414,13.663,16.054,-1701.5,84170
1.9722,0,143.94,-13.397,12.099,0.51074,-0.51084,-0.51168,-0.46516,-3.5072,-12.922,-1705.7,83796
1.9793,0,144.31,-12.953,12.39,0.50079,-0.52173,-0.50041,-0.47602,34.381,9.4908,-1687.1,82788
1.9863,0,144.27,-12.591,13.133,0.49056,-0.53242,-0.48887,-0.48671,9.0188,-1.8714,-1703.7,81867
1.9934,0,144.37,-11.928,13.305,0.48005,-0.5429,-0.47705,-0.49723,17.399,4.9709,-1711.9,82749
2.0004,0,144.39,-11.355,13.659,0.46926,-0.55316,-0.46497,-0.50757,10.402,14.101,-1700.4,82378
2.0075,0,144.63,-10.952,14.277,0.45818,-0.56319,-0.45261,-0.51771,26.794,11.183,-1716,82590
2.0145,0,144.85,-10.421,14.731,0.44683,-0.573,-0.44,-0.52765,9.2094,7.0867,-1706.2,82909
2.0215,0,144.69,-9.8057,15.134,0.4352,-0.58256,-0.42712,-0.53739,21.945,2.3275,-1706.2,83658
2.0286,0,144.43,-9.2452,15.506,0.42329,-0.59188,-0.41399,-0.54691,23.834,9.1944,-1732.2,85197
2.0356,0,144.33,-8.4081,15.826,0.41111,-0.60095,-0.40062,-0.5562,24.106,0.54215,-1710.7,81898
2.0427,0,144.2,-7.8868,16.171,0.39866,-0.60975,-0.38699,-0.56526,10.921,17.514,-1716,82941
2.0497,0,143.95,-7.1683,16.572,0.38594,-0.61828,-0.37313,-0.57407,3.9698,18.561,-1713.9,81940
2.0568,0,144.29,-6.2598,16.8,0.37295,-0.62653,-0.35904,-0.58263,18.397,2.6795,-1727.7,83845
2.0638,0,144.64,-5.7181,17.019,0.35971,-0.6345,-0.34471,-0.59093,9.4611,12.925,-1731.5,83017
2.0708,0,145.04,-4.7432,17.47,0.34621,-0.64218,-0.33016,-0.59895,2.3925,8.1997,-1728.8,80964
2.0779,0,145.37,-4.0617,17.518,0.33246,-0.64956,-0.31539,-0.60669,25.527,6.9269,-1720.2,81782
2.0849,0,145.12,-3.4496,17.673,0.31846,-0.65663,-0.3004,-0.61415,15.388,3.4189,-1720.1,81300
2.092,0,145.06,-2.5063,17.951,0.30422,-0.66339,-0.28521,-0.6213,20.048,13.119,-1715.4,81571
2.099,0,144.8,-1.6447,17.976,0.28975,-0.66983,-0.26981,-0.62815,23.591,-6.6868,-1737.8,82928
2.1061,1,144.56,-0.82701,17.992,0.27505,-0.67594,-0.25422,-0.63468,5.7489,9.5165,-1746.8,80995
2.1131,0,144.9,0.094499,17.914,0.26013,-0.68172,-0.23843,-0.64089,12.472,9.4191,-1737.5,82286
2.1202,0,145.12,0.87347,17.79,0.245,-0.68716,-0.22246,-0.64677,21.131,9.0672,-1733.8,82462
2.1272,0,145.23,1.8403,18.02,0.22966,-0.69224,-0.20631,-0.6523,12.509,6.0852,-1740.9,81048
2.1342,0,145.4,2.7406,17.789,0.21412,-0.69697,-0.18998,-0.65749,21.069,1.1959,-1746.4,82124
2.1413,0,145.51,3.5312,17.614,0.19839,-0.70134,-0.17349,-0.66232,15.92,14.773,-1753.6,80711
2.1483,0,145.61,4.6814,17.276,0.18248,-0.70534,-0.15684,-0.66678,29.814,8.9399,-1730.1,81865
2.1554,0,145.5,5.3346,17.143,0.1664,-0.70896,-0.14003,-0.67088,14.137,5.8673,-1743.9,80020
2.1624,0,145.39,6.3433,16.782,0.15016,-0.71219,-0.12308,-0.6746,17.747,-2.0937,-1744.9,82281
2.1695,0,145.25,7.1673,16.371,0.13376,-0.71503,-0.106,-0.67794,5.7709,6.3262,-1748.3,81513
2.1765,0,145.02,8.2765,16.065,0.11722,-0.71748,-0.088777,-0.68089,10.64,29.343,-1747.6,82296
2.1835,0,145.28,9.1168,15.462,0.10055,-0.71951,-0.071436,-0.68344,20.708,11.107,-1751.7,83294
2.1906,0,145.46,9.8403,14.897,0.083762,-0.72114,-0.053981,-0.68559,26.509,10.978,-1755.7,82818
2.1976,0,145.79,10.721,14.438,0.066859,-0.72234,-0.03642,-0.68733,8.6138,24.827,-1755.4,82171
2.2047,0,145.71,11.691,13.792,0.049856,-0.72312,-0.018764,-0.68867,30.667,14.116,-1740.4,82909
2.2117,0,145.92,12.165,13.367,0.032763,-0.72346,-0.0010204,-0.68959,8.0987,-13.009,-1764.6,81122
2.2188,0,145.53,13.071,12.536,0.015591,-0.72337,0.0168,-0.69008,25.172,12.77,-1768,80625
2.2258,0,145.19,13.498,11.68,-0.0016468,-0.72283,0.034687,-0.69016,14.926,8.5481,-1755.6,81611
2.2329,0,144.84,13.992,10.81,-0.018941,-0.72183,0.05263,-0.6898,5.0124,10.112,-1764.2,83101
2.2399,0,144.86,14.626,9.8646,-0.036279,-0.72038,0.070619,-0.68902,29.856,11.309,-1770,82455
2.2469,0,144.9,15.246,9.3525,-0.053649,-0.71847,0.088641,-0.6878,19.527,11.095,-1797.7,81521
2.254,0,144.95,16.036,8.4424,-0.071041,-0.71609,0.10669,-0.68614,31.913,15.025,-1778.8,81776
2.261,0,145.42,16.373,7.7802,-0.088442,-0.71323,0.12474,-0.68405,16.492,-23.997,-1756.8,79490
2.2681,0,145.33,16.547,6.8316,-0.10584,-0.7099,0.14279,-0.68151,-1.9649,12.647,-1762.1,81456
2.2751,0,145.2,16.938,5.7293,-0.12322,-0.70608,0.16082,-0.67853,27.109,11.155,-1789.7,81638
2.2822,0,145.26,17.18,4.83,-0.14058,-0.70178,0.17883,-0.6751,48.651,11.83,-1777.7,79915
2.2892,0,145.54,17.542,3.8795,-0.1579,-0.69699,0.19679,-0.67122,31.834,15.648,-1777.5,81151
2.2962,0,145.56,17.831,3.1694,-0.17517,-0.69172,0.2147,-0.66689,5.8633,0.42217,-1793.7,81477
2.3033,0,145.36,17.97,1.9947,-0.19238,-0.68594,0.23253,-0.66212,19.201,24.356,-1774.6,80765
2.3103,0,145.46,17.911,1.2025,-0.20951,-0.67968,0.25028,-0.65689,3.9537,4.123,-1783.1,82481
2.3174,0,145.91,18.159,0.24942,-0.22656,-0.67291,0.26793,-0.6512,32.822,2.7169,-1805.9,81194
2.3244,0,145.77,18.112,-0.58881,-0.24351,-0.66566,0.28547,-0.64507,17.622,-3.0592,-1760.1,81457
2.3315,0,145.4,18.01,-1.5476,-0.26035,-0.6579,0.30287,-0.63848,18.752,25.771,-1785.2,81764
2.3385,0,145.05,17.853,-2.5083,-0.27707,-0.64965,0.32013,-0.63143,8.1272,8.0882,-1797,80779
2.3456,0,144.68,17.552,-3.2683,-0.29365,-0.64091,0.33723,-0.62393,28.338,10.348,-1784.4,81092
2.3526,0,145.2,17.669,-4.1506,-0.31008,-0.63167,0.35415,-0.61597,16.752,14.016,-1807.8,81849
2.3596,0,145.12,17.365,-5.1271,-0.32635,-0.62194,0.37088,-0.60756,18.878,5.9131,-1801.5,80988
2.3667,0,144.8,16.902,-5.8102,-0.34245,-0.61173,0.38741,-0.59869,19.882,-4.7074,-1797.4,81889
2.3737,0,145.55,16.76,-6.7837,-0.35836,-0.60103,0.40371,-0.58937,17.346,-5.7089,-1801.8,81373
2.3808,0,145.09,16.427,-7.5498,-0.37407,-0.58986,0.41977,-0.5796,16.734,3.0986,-1798.8,81081
2.3878,0,144.62,15.915,-8.4154,-0.38957,-0.57821,0.43557,-0.56938,8.2441,5.6502,-1803.1,84079
2.3949,0,143.93,15.358,-9.0103,-0.40484,-0.56609,0.45111,-0.55871,6.1603,0.060035,-1813.9,82090
2.4019,0,145.11,15.093,-10.015,-0.41986,-0.55351,0.46636,-0.54759,26.63,10.752,-1811.4,80771
2.4089,0,144.43,14.599,-10.393,-0.43463,-0.54047,0.48132,-0.53602,28.013,8.4986,-1820,82503
2.416,0,143.97,14.106,-11.142,-0.44914,-0.52698,0.49596,-0.52402,7.1122,10.464,-1818.3,79691
2.423,0,144.88,13.552,-11.829,-0.46336,-0.51305,0.51026,-0.51157,30.404,10.337,-1803.3,82497
2.4301,0,144.62,13.014,-12.427,-0.47728,-0.49869,0.52423,-0.4987,20.221,10.724,-1812.1,81211
2.4371,0,143.97,12.292,-13.053,-0.49089,-0.4839,0.53784,-0.48539,19.055,3.5966,-1814.5,81050
2.4442,0,143.48,11.486,-13.687,-0.50417,-0.46869,0.55107,-0.47166,11.878,10.474,-1817.4,81880
2.4512,0,144.65,10.869,-14.201,-0.51711,-0.45308,0.56392,-0.45751,43.444,9.2107,-1822,80941
2.4583,0,144.4,9.9814,-14.996,-0.52969,-0.43707,0.57636,-0.44295,13.184,5.6774,-1823,82033
2.4653,0,144.64,9.2826,-15.308,-0.5419,-0.42067,0.5884,-0.42798,14.578,17.815,-1841.2,83158
2.4723,0,144.11,8.5338,-15.722,-0.55373,-0.40389,0.6,-0.41262,28.9,28.034,-1831.4,79848
2.4794,0,144.01,7.6807,-16.089,-0.56516,-0.38674,0.61117,-0.39687,7.8439,12.146,-1840.9,81538
2.4864,0,144.01,6.4424,-16.676,-0.57617,-0.36924,0.62188,-0.38073,26.035,-4.7285,-1842.4,82337
2.4935,0,143.9,5.7402,-17.137,-0.58675,-0.35139,0.63213,-0.36423,30.118,5.6377,-1835,81373
2.5005,0,143.53,4.5973,-17.201,-0.59689,-0.33321,0.6419,-0.34737,8.3979,18.729,-1835.9,79312
2.5076,0,143.47,3.7882,-17.481,-0.60658,-0.3147,0.65117,-0.33015,20.608,11.16,-1847.1,80895
2.5146,0,143.49,2.8204,-17.538,-0.61579,-0.29589,0.65995,-0.3126,18.873,21.468,-1825.8,79664
2.5216,0,143.33,1.9179,-17.512,-0.62452,-0.27678,0.66821,-0.29473,26.366,16.471,-1871.5,79988
2.5287,0,142.91,0.80435,-17.628,-0.63275,-0.25738,0.67595,-0.27654,28.773,16.365,-1837.9,80546
2.5357,0,142.77,-0.44552,-17.886,-0.64047,-0.23771,0.68315,-0.25806,14.835,3.5914,-1852.6,80019
2.5428,0,142.78,-1.7305,-17.612,-0.64768,-0.21779,0.6898,-0.23929,33.815,21.313,-1856.6,79822
2.5498,0,142.44,-2.5666,-17.424,-0.65434,-0.19762,0.69589,-0.22026,27.951,4.9539,-1850,82569
2.5569,0,141.61,-3.7135,-17.113,-0.66047,-0.17723,0.70142,-0.20097,17.321,20.078,-1869.5,81768
2.5639,0,140.83,-4.6653,-16.82,-0.66604,-0.15662,0.70636,-0.18144,37.23,0.77952,-1864,79601
2.571,0,140.16,-5.7894,-16.318,-0.67104,-0.13581,0.71071,-0.1617,18.552,11.636,-1845.4,81110
2.578,0,141.66,-6.8709,-16.203,-0.67547,-0.11482,0.71446,-0.14175,40.104,1.8842,-1861.3,81016
2.585,0,141.41,-7.9098,-15.54,-0.67932,-0.093667,0.71761,-0.12161,34.937,12.904,-1871.2,81202
2.5921,0,140.84,-8.8184,-15.056,-0.68257,-0.072361,0.72013,-0.10131,21.73,14.125,-1890,78355
2.5991,0,140.06,-9.5719,-14.423,-0.68523,-0.050922,0.72203,-0.080858,37.517,-4.0029,-1868.5,80160
2.6062,0,139.19,-10.601,-13.508,-0.68728,-0.029368,0.72329,-0.060275,15.122,2.9451,-1855.3,79187
2.6132,0,139.27,-11.441,-12.915,-0.68871,-0.0077172,0.72391,-0.039581,30.06,18.981,-1868.8,81466
2.6203,0,139.41,-12.205,-12.157,-0.68953,0.014012,0.72388,-0.018795,19.211,5.9096,-1899.6,80935
2.6273,0,138.41,-13.051,-11.072,-0.68972,0.0358,0.72319,0.0020645,36.672,21.808,-1893.9,80967
2.6343,0,137.99,-13.608,-10.289,-0.68928,0.057627,0.72183,0.022977,21.84,16.785,-1869.8,80633
2.6414,0,138.35,-14.39,-9.309,-0.68821,0.079473,0.71981,0.043924,19.519,28.209,-1888.9,82535
2.6484,0,138.67,-14.808,-8.2456,-0.6865,0.10132,0.71711,0.064884,24.041,14.015,-1888.6,79322
2.6555,0,138.08,-15.519,-7.6809,-0.68415,0.12314,0.71373,0.085837,20.574,15.183,-1885.2,80170
2.6625,0,136.87,-15.691,-6.4069,-0.68115,0.14492,0.70967,0.10676,27.068,-4.7769,-1882,80784
2.6696,0,137.24,-16.216,-5.5057,-0.67752,0.16663,0.70492,0.12764,14.646,24.242,-1904.1,77933
2.6766,0,137.41,-16.561,-4.381,-0.67323,0.18825,0.69948,0.14846,29.08,14.569,-1905.2,81020
2.6837,0,135.72,-16.578,-3.5509,-0.6683,0.20977,0.69336,0.16918,11.634,13.045,-1897.5,80089
2.6907,0,135.73,-16.805,-2.2614,-0.66273,0.23115,0.68654,0.1898,43.972,17.089,-1908.5,80655
2.6977,0,136.38,-16.916,-1.2569,-0.65651,0.25237,0.67904,0.21028,31.366,22.91,-1890.9,80962
2.7048,0,136.37,-17.028,-0.35963,-0.64964,0.27341,0.67084,0.23062,32.268,-10.771,-1914,80593
2.7118,0,135.47,-16.793,0.95757,-0.64213,0.29425,0.66197,0.25078,35.65,19.939,-1926,80947
2.7189,0,134.65,-16.654,1.8166,-0.63397,0.31486,0.65241,0.27076,23.627,13.829,-1935.9,81791
2.7259,0,133.67,-16.313,2.8052,-0.62518,0.33521,0.64217,0.29052,29.512,8.6628,-1913,81583
2.733,0,132.88,-16.12,3.7114,-0.61575,0.3553,0.63126,0.31005,24.771,16.525,-1900.9,79758
2.74,0,133.69,-15.887,4.6123,-0.60568,0.37508,0.61969,0.32932,33.056,5.8722,-1919.8,80517
2.747,0,133.65,-15.62,5.6326,-0.59499,0.39454,0.60745,0.34832,15.344,9.2215,-1915.7,79329
2.7541,0,132.24,-15.004,6.507,-0.58368,0.41365,0.59457,0.36702,29.609,13.405,-1905.6,79759
2.7611,0,131.67,-14.688,7.1445,-0.57175,0.4324,0.58104,0.3854,40.769,31.573,-1930.8,80936
2.7682,0,133.12,-14.322,8.2928,-0.5592,0.45075,0.56688,0.40344,25.258,13.137,-1916.6,79674
2.7752,0,131.92,-13.612,9.0633,-0.54606,0.46869,0.5521,0.42112,38.113,-2.9343,-1925.3,79228
2.7823,0,130.86,-13.202,9.7481,-0.53231,0.48618,0.53671,0.43841,25.859,5.2928,-1949.2,78528
2.7893,0,130.98,-12.393,10.423,-0.51798,0.50322,0.52073,0.45531,21.902,6.8199,-1948,79231
2.7964,0,131.57,-11.725,11.283,-0.50307,0.51978,0.50416,0.47177,26.718,-1.964,-1948.6,79941
2.8034,0,130.57,-11.15,11.928,-0.4876,0.53583,0.48703,0.4878,38.56,7.1351,-1955.8,80414
2.8104,1,129.34,-10.414,12.429,-0.47156,0.55135,0.46934,0.50335,24.269,-0.17936,-1954.9,80202
2.8175,0,129.95,-9.6299,13.256,-0.45499,0.56633,0.45111,0.51841,48.15,18.437,-1934.9,79016
2.8245,0,131.37,-8.7499,13.848,-0.43788,0.58075,0.43236,0.53297,36.353,33.933,-1938.2,79099
2.8316,0,130.53,-7.9792,14.085,-0.42026,0.59458,0.41311,0.54699,39.023,18.966,-1946.6,80488
2.8386,0,130.45,-7.0515,14.54,-0.40213,0.60781,0.39337,0.56047,26.1,27.654,-1941.2,80457
2.8457,0,128.08,-5.7528,14.557,-0.38351,0.62041,0.37316,0.57338,14.835,21.871,-1954.4,79223
2.8527,0,127.83,-5.0648,14.882,-0.36443,0.63238,0.3525,0.58569,32.817,11.101,-1956,80354
2.8597,0,128.3,-3.9511,15.576,-0.3449,0.64368,0.33141,0.5974,38.056,5.7648,-1962.7,80280
2.8668,0,128.89,-2.8031,15.597,-0.32493,0.65431,0.30991,0.60848,25.161,20.868,-1971.9,80789
2.8738,0,128.54,-1.8091,15.965,-0.30455,0.66425,0.28802,0.61892,36.415,7.1879,-1961.3,78794
2.8809,0,128.58,-0.63489,15.98,-0.28377,0.67348,0.26577,0.6287,45.509,23.664,-1981.6,80502
2.8879,0,128.66,0.30559,15.863,-0.26262,0.68199,0.24317,0.6378,34.565,26.403,-1972.8,80293
2.895,0,128.51,1.307,15.823,-0.24113,0.68976,0.22024,0.6462,16.357,24.239,-1983.9,79055
2.902,0,127.97,2.5846,15.839,-0.2193,0.69678,0.19702,0.6539,48.693,17.699,-1981,79101
2.909,0,127.95,3.5525,15.461,-0.19717,0.70304,0.17352,0.66087,24.001,42.411,-1992.6,79171
2.9161,0,128.15,4.6288,15.154,-0.17477,0.70851,0.14977,0.66711,24.019,34.927,-1986.1,80826
2.9231,0,128.26,5.8261,14.777,-0.15211,0.7132,0.12579,0.6726,50.501,35.563,-1985.5,79682
2.9302,0,127.76,6.7263,14.124,-0.12922,0.71708,0.10161,0.67733,25.429,10.987,-1986.3,81521
2.9372,0,127.43,7.7792,13.708,-0.10612,0.72016,0.077248,0.68128,8.5119,8.7742,-1971.3,78748
2.9443,0,127.31,8.6755,13.062,-0.082854,0.72241,0.05274,0.68446,33.243,15.841,-2005.6,79120
2.9513,0,127.45,9.6865,12.395,-0.059437,0.72383,0.028111,0.68684,28.805,27.292,-1975.6,81702
2.9584,0,127.13,10.682,11.68,-0.035898,0.7244,0.0033863,0.68843,10.857,31.316,-1997.9,80245
2.9654,0,126.39,11.309,11.005,-0.012265,0.72414,-0.021404,0.68921,46.652,6.0862,-1988.2,77542
2.9724,0,126.4,12.291,9.8648,0.011433,0.72302,-0.046233,0.68919,48.427,27.884,-1990.9,80051
2.9795,0,126.93,12.805,9.1028,0.035167,0.72103,-0.07107,0.68835,29.114,8.9499,-1989.6,79394
2.9865,0,126.65,13.55,8.0159,0.05891,0.71819,-0.095885,0.68669,22.944,27.33,-2021.9,80116
2.9936,0,124.13,13.572,6.8655,0.082633,0.71448,-0.12065,0.6842,42.237,22.858,-2001.3,79033
3.0006,0,123.83,14.158,5.7516,0.10631,0.7099,-0.14533,0.6809,27.901,24.237,-2005.6,80183
3.0077,0,124.33,14.682,5.0377,0.1299,0.70445,-0.1699,0.67677,18.037,7.3513,-2023.4,79718
3.0147,0,125.08,15.179,4.0362,0.15338,0.69813,-0.19432,0.67181,43.841,29.718,-2022.8,79324
3.0217,0,122.85,14.982,2.8282,0.17673,0.69094,-0.21857,0.66603,41.256,11.143,-2029.3,80078
3.0288,0,122.94,15.181,1.6738,0.19991,0.68288,-0.24261,0.65943,29.049,-2.2474,-2034.6,78348
3.0358,0,123.34,15.465,0.8141,0.2229,0.67396,-0.26641,0.65201,31.713,13.191,-2019.5,79180
3.0429,0,124.15,15.646,-0.24609,0.24566,0.66419,-0.28994,0.64377,44.053,23.808,-2028.8,76699
3.0499,0,121.48,15.005,-1.495,0.26816,0.65356,-0.31316,0.63473,49.184,14.687,-2026.3,80686
3.057,0,122.08,15.081,-2.4493,0.29038,0.64209,-0.33605,0.62487,26.019,20.055,-2037.6,78828
3.064,0,122.62,14.714,-3.393,0.31229,0.62978,-0.35857,0.61423,24.48,34.409,-2041.4,79672
3.0711,0,123.1,14.497,-4.6119,0.33385,0.61665,-0.38069,0.60279,38.055,17.687,-2036.8,79160
3.0781,0,121.63,14.002,-5.5761,0.35504,0.60271,-0.40237,0.59057,28.137,5.7054,-2058.6,78731
3.0851,0,120.69,13.421,-6.4387,0.37583,0.58797,-0.42359,0.57759,26.9,26.475,-2045.5,79481
3.0922,0,121.25,13.123,-7.2106,0.39619,0.57245,-0.44432,0.56384,31.693,6.51,-2041.6,77147
3.0992,0,121.93,12.607,-8.0076,0.41609,0.55615,-0.46452,0.54935,45.547,25.823,-2046.6,78171
3.1063,0,122.02,12.075,-9.0609,0.4355,0.53911,-0.48416,0.53412,38.598,29.886,-2064.9,79238
3.1133,0,120.01,11.269,-9.6884,0.4544,0.52133,-0.50322,0.51818,47.198,25.227,-2049.4,79707
3.1204,0,120.85,10.478,-10.43,0.47275,0.50284,-0.52167,0.50153,23.877,7.0466,-2074.7,80004
3.1274,0,121.58,9.9529,-11.184,0.49053,0.48365,-0.53947,0.48419,36.009,1.2905,-2064.1,78231
3.1344,0,122.35,9.266,-12.013,0.50771,0.46379,-0.5566,0.46619,27.247,18.375,-2064.1,78962
3.1415,0,121.47,8.2068,-12.556,0.52426,0.44329,-0.57303,0.44753,33.026,-5.4863,-2070.7,81108
3.1485,0,120.08,7.3519,-12.719,0.54016,0.42216,-0.58874,0.42824,53.978,13.579,-2063,78171
3.1556,0,118.66,6.4717,-13.239,0.55539,0.40044,-0.6037,0.40834,39.529,26.389,-2091.1,76511
3.1626,0,119.39,5.555,-13.906,0.56991,0.37813,-0.61788,0.38786,31.427,23.07,-2082.3,79311
3.1697,0,121.61,4.6769,-14.417,0.58371,0.35529,-0.63127,0.36681,47.205,14.768,-2094.7,77800
3.1767,0,120.12,3.6433,-14.552,0.59675,0.33192,-0.64385,0.34522,32.413,18.384,-2087.2,78976
3.1838,0,119.1,2.6307,-14.528,0.60902,0.30807,-0.65558,0.32312,24.481,36.884,-2100.8,79395
3.1908,0,117.95,1.3481,-14.492,0.62049,0.28376,-0.66645,0.30053,44.91,17.526,-2088.3,78188
3.1978,0,118.64,0.32252,-14.653,0.63114,0.25901,-0.67644,0.27749,42.639,24.365,-2082.2,79525
3.2049,0,119.77,-0.71566,-14.71,0.64095,0.23387,-0.68554,0.25401,42.387,16.085,-2091.8,78665
3.2119,0,118.58,-1.8584,-14.55,0.64991,0.20836,-0.69371,0.23014,45.483,18.701,-2085.5,79499
3.219,0,117.14,-2.9079,-14.138,0.65799,0.18252,-0.70095,0.2059,23.481,21.78,-2100.6,80377
3.226,0,117.95,-4.1774,-14.1,0.66518,0.15638,-0.70725,0.18132,22.011,19.134,-2094.4,79690
3.2331,0,119.93,-5.2319,-13.943,0.67146,0.12997,-0.71258,0.15645,11.178,16.753,-2108.3,77730
3.2401,0,118.49,-6.1297,-13.363,0.67682,0.10333,-0.71694,0.1313,49.83,9.2652,-2109.7,79669
3.2471,0,117.29,-7.0931,-12.78,0.68124,0.076497,-0.7203,0.10592,39.385,23.917,-2101.6,78508
3.2542,0,116.38,-8.0636,-12.083,0.68472,0.049501,-0.72267,0.08034,19.288,22.419,-2114,77439
3.2612,0,118.39,-9.1453,-11.863,0.68724,0.022383,-0.72403,0.054599,62.191,25.336,-2109.4,77612
3.2683,0,118.84,-9.9788,-10.99,0.68879,-0.0048207,-0.72438,0.028731,37.847,22.537,-2112.9,78641
3.2753,0,119.02,-11.011,-10.113,0.68937,-0.032073,-0.7237,0.0027728,65.251,24.581,-2125,78633
3.2824,0,119.01,-11.617,-9.0926,0.68896,-0.059334,-0.72199,-0.023237,46.488,26.178,-2137.5,78025
3.2894,0,118.89,-12.285,-8.1338,0.68758,-0.086566,-0.71925,-0.049262,35.019,19.431,-2128.9,76719
3.2965,0,118.34,-12.874,-7.1074,0.6852,-0.11373,-0.71547,-0.075264,26.409,-0.17198,-2123.4,78101
3.3035,0,117.99,-13.312,-6.3266,0.68184,-0.14079,-0.71065,-0.10121,22.521,37.747,-2111,77622
3.3105,0,118.25,-13.831,-4.876,0.67749,-0.16769,-0.7048,-0.12705,50.832,33.329,-2137.4,77542
3.3176,0,118.17,-14.279,-3.7963,0.67215,-0.19441,-0.69792,-0.15275,37.048,41.688,-2142.4,78469
3.3246,0,117.61,-14.373,-2.8642,0.66582,-0.2209,-0.69,-0.17828,27.559,4.6652,-2141.4,75951
3.3317,0,117.27,-14.354,-1.7172,0.65852,-0.24712,-0.68106,-0.2036,48.175,46.328,-2147.5,79423
3.3387,0,117.41,-14.505,-0.45673,0.65023,-0.27303,-0.67109,-0.22866,29.679,24.607,-2129.7,78874
3.3458,0,117.24,-14.639,0.53438,0.64098,-0.29859,-0.66012,-0.25343,36.218,13.675,-2168.4,77416
3.3528,0,116.74,-14.531,1.5657,0.63077,-0.32376,-0.64815,-0.27788,34.228,3.3161,-2160.1,77016
3.3598,0,116.6,-14.307,2.7712,0.6196,-0.3485,-0.63519,-0.30195,40.791,26.719,-2156,76641
3.3669,0,116.82,-14.135,3.9828,0.6075,-0.37276,-0.62126,-0.32563,27.531,35.471,-2142.6,78887
3.3739,0,117.17,-13.486,4.7606,0.59447,-0.39651,-0.60636,-0.34886,44.395,26.996,-2163.9,80312
3.381,0,116.86,-13.271,5.9167,0.58053,-0.41971,-0.59053,-0.37161,47.144,21.648,-2159.6,76882
3.388,0,115.66,-12.611,6.8764,0.56569,-0.44232,-0.57378,-0.39385,37.13,25.189,-2182.8,78237
3.3951,0,114.22,-12.041,7.5684,0.54998,-0.46431,-0.55613,-0.41553,33.908,11.645,-2167,77686
3.4021,0,113.52,-11.538,8.582,0.5334,-0.48562,-0.53759,-0.43663,59.948,32.851,-2170.5,78835
3.4092,0,114.45,-10.537,9.3099,0.51598,-0.50624,-0.51821,-0.45711,49.138,21.405,-2165.3,78577
3.4162,0,115.13,-10.036,10.161,0.49774,-0.52612,-0.49799,-0.47692,44.267,17.346,-2161,77294
3.4232,0,116.08,-9.343,10.908,0.47871,-0.54522,-0.47698,-0.49605,57.092,32.239,-2175.7,78088
3.4303,0,115.57,-8.1987,11.696,0.45891,-0.56352,-0.45519,-0.51445,50.274,20.34,-2180.2,77277
3.4373,0,115.74,-7.5323,12.153,0.43836,-0.58097,-0.43266,-0.53209,52.713,18.16,-2175.5,78431
3.4444,0,113.32,-6.5119,12.52,0.41709,-0.59756,-0.40942,-0.54894,38.643,31.896,-2187.4,77577
3.4514,0,111.52,-5.4166,12.675,0.39513,-0.61324,-0.3855,-0.56497,50.147,17.069,-2194.9,77025
3.4585,0,112.35,-4.1955,13.185,0.37252,-0.628,-0.36095,-0.58015,34.455,24.049,-2196.6,77482
3.4655,0,112.95,-3.3043,13.617,0.34927,-0.64179,-0.33578,-0.59445,31.492,27.769,-2195.3,76753
3.4725,0,114.14,-2.0758,13.877,0.32544,-0.6546,-0.31004,-0.60784,48.297,24.613,-2199.8,76296
3.4796,0,113.25,-1.0769,14.121,0.30104,-0.6664,-0.28377,-0.62029,42.521,16.963,-2197.4,77367
3.4866,0,111.47,-0.0836,13.947,0.27613,-0.67716,-0.25701,-0.63179,46.011,17.215,-2204.6,75940
3.4937,0,112.47,1.0579,13.803,0.25072,-0.68687,-0.2298,-0.6423,39.669,28.281,-2217.3,76688
3.5007,0,112.78,2.0523,13.625,0.22487,-0.69549,-0.20217,-0.6518,44.836,26.952,-2218.1,76875
3.5078,0,115.6,3.4253,13.936,0.19861,-0.70302,-0.17418,-0.66028,42.425,20.041,-2218.4,77744
3.5148,1,110.7,4.135,12.92,0.17199,-0.70944,-0.14586,-0.66771,42.644,27.204,-2228.8,76908
3.5219,0,111.64,5.4784,12.805,0.14504,-0.71473,-0.11725,-0.67408,31.343,40.244,-2219.7,76349
3.5289,0,112.2,6.4961,12.384,0.11781,-0.71887,-0.088409,-0.67937,41.379,57.982,-2198.4,76095
3.5359,0,113.21,7.4021,11.946,0.090335,-0.72185,-0.059375,-0.68356,39.913,33.023,-2234.2,77038
3.543,0,114.15,8.4281,11.402,0.062668,-0.72366,-0.030194,-0.68664,50.559,30.91,-2226.2,77264
3.55,0,112.12,9.4594,10.381,0.034851,-0.7243,-0.00091294,-0.68861,48.711,19.113,-2238.5,76930
3.5571,0,111.21,9.8612,9.5592,0.0069292,-0.72375,0.02842,-0.68945,38.801,31.752,-2239.1,77808
3.5641,0,111.99,10.878,8.7566,-0.021051,-0.722,0.057757,-0.68915,44.371,18.632,-2246.4,76522
3.5712,0,112.38,11.5,7.7887,-0.049043,-0.71907,0.087049,-0.68772,32.118,25.737,-2231.4,78171
3.5782,0,112.87,12.29,6.6412,-0.077,-0.71494,0.11625,-0.68514,50.809,40.605,-2260.4,76368
3.5852,0,112.17,12.784,5.8066,-0.10488,-0.70961,0.14531,-0.68143,67.834,36.495,-2251.4,77417
3.5923,0,111.35,12.909,4.5878,-0.13262,-0.70309,0.17417,-0.67657,43.596,24.371,-2261.8,76176
3.5993,0,110.02,13.221,3.4249,-0.16019,-0.69538,0.2028,-0.67057,47.908,26.18,-2256.3,76948
3.6064,0,107.8,13.32,2.3174,-0.18753,-0.68649,0.23113,-0.66343,48.376,34.808,-2264.9,78226
3.6134,0,109.16,13.543,1.3165,-0.21461,-0.67642,0.25912,-0.65517,40.278,20.462,-2271.8,77804
3.6205,0,109.23,13.663,-0.080529,-0.24136,-0.6652,0.28673,-0.64579,46.436,21.14,-2272.4,76006
3.6275,0,106.52,13.262,-1.1792,-0.26775,-0.65282,0.31389,-0.6353,32.13,30.127,-2294.2,77021
3.6346,0,104.29,12.887,-1.9537,-0.29372,-0.63931,0.34056,-0.62372,46.643,31.171,-2284.7,77214
3.6416,0,101.15,12.346,-2.9461,-0.31924,-0.62469,0.3667,-0.61105,47.152,25.831,-2269.5,76682
3.6486,0,103.33,12.115,-3.8953,-0.34425,-0.60897,0.39225,-0.59732,64.495,32.678,-2282.8,78541
3.6557,0,102.34,11.725,-4.9312,-0.36871,-0.59217,0.41717,-0.58255,52.841,16.319,-2304.4,76834
3.6627,0,100.26,10.921,-5.9119,-0.39257,-0.57433,0.4414,-0.56675,48.464,24.191,-2291.6,77103
3.6698,0,97.615,10.333,-6.5307,-0.41579,-0.55546,0.46491,-0.54994,45.384,34.812,-2300.3,75736
3.6768,0,95.406,9.4642,-7.0814,-0.43833,-0.5356,0.48765,-0.53216,54.383,19.241,-2312.7,76395
3.6839,0,98.555,9.17,-8.1203,-0.46014,-0.51477,0.50958,-0.51343,63.292,27.225,-2288.8,76394
3.6909,0,95.909,8.2296,-8.6456,-0.48118,-0.49302,0.53064,-0.49378,35.702,29.03,-2292.4,75651
3.6979,0,93.808,7.3408,-8.876,-0.50141,-0.47037,0.55081,-0.47324,74.701,9.3,-2290.8,76672
3.705,0,91.584,6.2971,-9.4141,-0.5208,-0.44686,0.57004,-0.45183,39.608,22.708,-2297.4,77028
3.712,0,89.219,5.3074,-9.6733,-0.53929,-0.42252,0.58829,-0.4296,42.832,8.2628,-2296.9,76782
3.7191,0,86.065,4.3628,-9.7805,-0.55687,-0.39741,0.60552,-0.40658,59.166,34.701,-2319,75613
3.7261,0,88.773,3.5751,-10.451,-0.57348,-0.37156,0.62171,-0.3828,67.157,29.051,-2320.2,75884
3.7332,0,86.586,2.6861,-10.275,-0.58911,-0.34502,0.63681,-0.35832,51.925,33.365,-2322.2,75028
3.7402,0,84.441,1.8952,-10.27,-0.6037,-0.31783,0.6508,-0.33316,48.229,36.771,-2337.4,76002
3.7473,0,82.558,0.97573,-10.223,-0.61724,-0.29003,0.66364,-0.30737,71.653,30.836,-2328.8,76472
3.7543,0,80.276,0.1736,-9.9009,-0.62969,-0.26169,0.67531,-0.281,43.16,46.032,-2311.6,78322
3.7613,0,78.551,-0.90027,-9.6936,-0.64103,-0.23283,0.68579,-0.25409,48.278,11.31,-2331,74576
3.7684,0,75.66,-1.4224,-9.1303,-0.65124,-0.20353,0.69504,-0.22668,55.022,25.119,-2345.7,77059
3.7754,0,71.351,-1.9985,-8.5435,-0.66028,-0.17382,0.70305,-0.19883,57.149,24.606,-2330,76308
3.7825,0,69.529,-2.7253,-8.202,-0.66814,-0.14377,0.7098,-0.17059,56.819,21.756,-2328.5,76509
3.7895,0,68.322,-3.2879,-7.7616,-0.67479,-0.11342,0.71528,-0.142,41.223,30.597,-2350.2,76316
3.7966,0,66.929,-4.0048,-7.4161,-0.68023,-0.082835,0.71946,-0.11313,22.481,44.909,-2341.2,76211
3.8036,0,65.79,-4.5094,-6.7234,-0.68444,-0.052065,0.72234,-0.084011,41.215,39.073,-2356,76305
3.8106,0,64.599,-4.8554,-6.2408,-0.6874,-0.021168,0.7239,-0.05471,54.331,20.133,-2358.6,76324
3.8177,0,62.997,-5.3084,-5.6605,-0.68911,0.0097986,0.72415,-0.025278,45.113,35.917,-2358.9,75465
3.8247,0,60.742,-5.7683,-5.0617,-0.68956,0.040778,0.72306,0.0042307,52.704,37.277,-2381.5,78909
3.8318,0,59.156,-5.9222,-4.7434,-0.68875,0.071714,0.72066,0.033761,43.934,41.86,-2360.6,77198
3.8388,0,58.332,-6.2999,-3.6436,-0.68666,0.10255,0.71692,0.063257,47.69,23.13,-2360.7,78447
3.8459,0,57.261,-6.3926,-3.2588,-0.68331,0.13322,0.71186,0.092663,67.805,29.604,-2353.4,75982
3.8529,0,56.067,-6.545,-2.3875,-0.6787,0.16368,0.70549,0.12192,60.357,12.383,-2357.7,76365
3.8599,0,55.133,-6.7232,-2.0183,-0.67283,0.19386,0.6978,0.15099,40.167,28.033,-2372.8,76697
3.867,0,54.02,-6.7049,-1.1404,-0.66571,0.22371,0.68881,0.17979,61.252,39.509,-2384.6,75770
3.874,0,52.876,-6.5906,-0.66578,-0.65734,0.25316,0.67854,0.20829,38.494,43.252,-2389.2,76158
3.8811,0,51.843,-6.5104,-0.3629,-0.64776,0.28218,0.667,0.23642,34.504,26.265,-2400.1,76405
3.8881,0,50.863,-6.3216,0.49198,-0.63696,0.31069,0.65421,0.26413,72.489,31.45,-2389.9,77324
3.8952,0,49.801,-6.1069,0.86238,-0.62496,0.33865,0.64019,0.29137,60.921,42.54,-2379.6,74647
3.9022,0,47.27,-5.852,1.4635,-0.6118,0.36599,0.62496,0.31809,53.033,30.426,-2395.2,76426
3.9093,0,46.18,-5.323,1.8951,-0.59748,0.39267,0.60855,0.34423,48.418,33.437,-2386.5,73908
3.9163,0,45.153,-5.0619,2.1745,-0.58203,0.41864,0.59099,0.36975,63.813,22.294,-2402.5,76742
3.9233,0,43.814,-4.7657,2.6738,-0.56549,0.44383,0.57231,0.39459,70.13,36.086,-2409,74347
3.9304,0,43.289,-4.3103,2.8717,-0.54787,0.46821,0.55254,0.41871,48.706,41.875,-2405.4,74403
3.9374,0,42.545,-4.032,3.5266,-0.52922,0.49173,0.53171,0.44206,46.714,43.592,-2427.6,74975
3.9445,0,42.017,-3.6831,3.6169,-0.50956,0.51434,0.50987,0.46459,70.445,32.498,-2418.3,75658
3.9515,0,41.571,-3.4441,3.9899,-0.48892,0.53598,0.48706,0.48626,51.886,45.679,-2401.6,75598
3.9586,0,40.901,-3.003,4.0137,-0.46736,0.55663,0.46331,0.50703,68.812,25.333,-2432.2,76740
3.9656,0,40.462,-2.7635,4.4031,-0.4449,0.57624,0.43867,0.52685,47.616,40.811,-2411.7,75664
3.9726,0,39.787,-1.9755,4.3696,-0.42159,0.59477,0.41319,0.54569,55.443,38.167,-2429.8,74480
3.9797,0,39.233,-1.8104,4.364,-0.39747,0.61218,0.38692,0.56351,59.325,41.082,-2419.4,74624
3.9867,0,38.797,-1.3697,4.66,-0.37258,0.62844,0.35989,0.58027,53.938,42.942,-2444.2,75241
3.9938,0,37.81,-1.1432,4.4742,-0.34698,0.64352,0.33217,0.59595,61.7,26.128,-2432.1,74850
4.0008,0,36.163,-0.5805,4.5481,-0.3207,0.65738,0.3038,0.6105,67.016,24.251,-2446.2,74915
4.0079,0,35.784,-0.22722,4.5657,-0.2938,0.67,0.27485,0.6239,54.486,30.135,-2424.5,75530
4.0149,0,35.312,0.21924,4.2821,-0.26632,0.68134,0.24535,0.63612,52.146,23.44,-2438.1,75437
4.022,0,34.535,0.69754,4.3115,-0.23833,0.6914,0.21538,0.64713,55.979,53.012,-2475.4,74415
4.029,0,34.266,0.84911,4.1594,-0.20987,0.70014,0.18498,0.65692,61.438,55.841,-2449.6,74022
4.036,0,33.463,1.2451,4.0732,-0.18099,0.70754,0.15422,0.66546,61.389,40.786,-2461.9,76142
4.0431,0,33.028,1.4024,3.6811,-0.15175,0.7136,0.12315,0.67274,58.325,51.357,-2458,74572
4.0501,0,32.252,1.8931,3.5366,-0.12221,0.7183,0.091834,0.67873,57.141,25.327,-2443.4,75409
4.0572,0,31.89,1.9858,3.3916,-0.092424,0.72163,0.060329,0.68343,50.744,40.83,-2465.1,75103
4.0642,0,31.539,2.276,3.1261,-0.062447,0.72357,0.028697,0.68682,39.651,45.871,-2466.8,73866
4.0713,0,30.994,2.4642,2.9173,-0.032337,0.72413,-0.0030014,0.6889,57.37,28.577,-2466.2,74937
4.0783,0,30.213,2.7749,2.6282,-0.0021531,0.7233,-0.034706,0.68965,37.16,43.992,-2465.6,73523
4.0853,0,29.808,2.9405,2.3785,0.028047,0.72109,-0.066355,0.68909,64.422,33.138,-2481,74492
4.0924,0,29.421,3.0397,1.9506,0.058205,0.71749,-0.097888,0.6872,42.14,36.96,-2498.1,74460
4.0994,0,28.88,3.3723,1.6635,0.088263,0.71251,-0.12924,0.68399,60.192,35.639,-2491.4,76396
4.1065,0,28.287,3.3248,1.5461,0.11816,0.70615,-0.16036,0.67946,53.206,26.056,-2488.3,75843
4.1135,0,27.988,3.3899,0.9428,0.14784,0.69844,-0.19118,0.67363,56.709,37.762,-2502.9,74192
4.1206,0,27.554,3.2012,0.62954,0.17725,0.68938,-0.22165,0.66649,79.094,48.412,-2501.9,74380
4.1276,0,26.981,3.2931,0.41861,0.20632,0.67899,-0.25169,0.65807,52.016,48.405,-2486.2,74306
4.1347,0,26.473,3.2884,0.1722,0.23501,0.66728,-0.28126,0.64838,47.44,47.052,-2519.2,74076
4.1417,0,25.195,3.2607,-0.25862,0.26325,0.65429,-0.3103,0.63743,65.38,35.29,-2531.2,75237
4.1487,0,23.955,2.9559,-0.53897,0.29099,0.64002,-0.33874,0.62526,40.143,29.841,-2505.4,75778
4.1558,0,23.479,2.8032,-0.66291,0.31818,0.62452,-0.36654,0.61187,57.682,44.162,-2516.4,73510
4.1628,0,22.568,2.6443,-0.93197,0.34476,0.6078,-0.39364,0.5973,54.129,32.828,-2517.8,74696
4.1699,0,21.901,2.4165,-1.0518,0.37068,0.5899,-0.41999,0.58157,52.4,27.827,-2528,73571
4.1769,0,21.375,2.238,-1.2405,0.39589,0.57086,-0.44553,0.56471,33.829,43.007,-2527.3,73050
4.184,0,20.79,2.0611,-1.2157,0.42034,0.5507,-0.47021,0.54675,85.695,45.765,-2520.9,73959
4.191,0,20.045,1.8399,-1.4567,0.44398,0.52948,-0.49399,0.52774,75.111,42.755,-2529.3,74966
4.198,0,19.169,1.7229,-1.7076,0.46677,0.50722,-0.51682,0.50769,43.889,18.055,-2536.8,73414
4.2051,0,18.473,1.4916,-1.6784,0.48866,0.48397,-0.53865,0.48666,61.16,57.118,-2542.1,71811
4.2121,0,17.642,1.1665,-1.7943,0.50961,0.45978,-0.55944,0.46469,65.024,-0.29346,-2547.7,73499
4.2192,1,16.729,0.92275,-1.7415,0.52957,0.43469,-0.57914,0.44181,49.538,32.048,-2532.1,73573
4.2262,0,15.567,0.80591,-1.6403,0.54851,0.40875,-0.59773,0.41807,69.386,30.303,-2534,73435
4.2333,0,14.625,0.48057,-1.6388,0.56639,0.38201,-0.61516,0.39351,62.924,31.599,-2523.1,74266
4.2403,0,13.631,0.33238,-1.5146,0.58317,0.35453,-0.63139,0.36819,57.118,45.318,-2543.7,73640
4.2474,0,12.613,0.34543,-1.4381,0.59883,0.32635,-0.6464,0.34215,68.761,40.228,-2551.7,77496
4.2544,0,11.646,0.052832,-1.3105,0.61332,0.29754,-0.66015,0.31544,49.642,25.912,-2557.7,72176
4.2614,0,10.609,0.11776,-1.5432,0.62663,0.26814,-0.67262,0.28811,59.456,37.448,-2581.5,72949
4.2685,0,9.6653,-0.15055,-1.0437,0.63872,0.23822,-0.68379,0.26023,64.008,54.179,-2562.1,75930
4.2755,0,8.6071,-0.25417,-0.93541,0.64957,0.20784,-0.69362,0.23183,68.94,53.758,-2539.5,73491
4.2826,0,7.7924,-0.3133,-0.99424,0.65916,0.17704,-0.70211,0.20298,49.119,43.529,-2573.3,72530
4.2896,0,6.7915,-0.26846,-0.83855,0.66747,0.14591,-0.70923,0.17373,61.456,38.667,-2563.9,74289
4.2967,0,5.9676,-0.34202,-0.82337,0.67449,0.11448,-0.71497,0.14415,58.774,47.825,-2581.3,73582
4.3037,0,5.1039,-0.25662,-0.67677,0.68019,0.082838,-0.71932,0.11428,66.929,40.642,-2580.7,74367
4.3107,0,4.0195,-0.36638,-0.5336,0.68457,0.051032,-0.72227,0.084185,58.293,28.521,-2582.6,73714
4.3178,0,3.0776,-0.25613,-0.25848,0.68762,0.019126,-0.72381,0.053928,58.671,39.077,-2599.7,73195
4.3248,0,1.8517,-0.021182,-0.03073,0.68933,-0.012815,-0.72395,0.023565,72.145,44.68,-2608.7,72508
4.3319,0,0.84546,0.13858,0.093486,0.68971,-0.044729,-0.72267,-0.0068445,53.251,43.727,-2594.3,74721
4.3389,0,-0.61024,0.21826,-0.0016168,0.68874,-0.076553,-0.71999,-0.037242,86.423,11.831,-2605.6,71183
4.346,0,-1.8862,0.5323,-0.052362,0.68643,-0.10822,-0.71591,-0.067567,73.195,58.806,-2617.5,73158
4.353,0,-2.8861,0.39768,0.25137,0.68279,-0.13968,-0.71044,-0.097762,80.66,40.861,-2608.5,74102
4.3601,0,-3.9722,0.66189,0.16028,0.67783,-0.17086,-0.70359,-0.12777,58.979,28.991,-2601.9,73855
4.3671,0,-5.1751,0.79821,0.19834,0.67154,-0.2017,-0.69537,-0.15752,65.093,37.64,-2592.4,72744
4.3741,0,-6.2727,1.0463,0.11245,0.66395,-0.23215,-0.6858,-0.18697,71.814,53.273,-2620.6,74119
4.3812,0,-7.348,0.98426,0.041061,0.65508,-0.26213,-0.67489,-0.21606,67.925,41.937,-2605.1,74433
4.3882,0,-8.6869,1.3511,-0.14246,0.64493,-0.2916,-0.66268,-0.24472,66.152,33.146,-2624.9,75576
4.3953,0,-9.7673,1.3725,-0.040328,0.63353,-0.3205,-0.64919,-0.27291,70.587,40.387,-2626.7,72743
4.4023,0,-10.688,1.3617,-0.30907,0.6209,-0.34876,-0.63444,-0.30056,67.588,44.956,-2629.9,73335
4.4094,0,-11.336,1.4018,-0.53707,0.60706,-0.37635,-0.61847,-0.32763,65.208,49.638,-2631.2,73477
4.4164,0,-11.249,1.4214,-0.54449,0.59205,-0.40319,-0.60129,-0.35406,60.623,38.573,-2631.6,74277
4.4234,0,-11.949,1.3907,-0.71241,0.5759,-0.42925,-0.58296,-0.37979,68.267,28.109,-2625.2,72769
4.4305,0,-12.789,1.6283,-0.86336,0.55863,-0.45447,-0.56351,-0.40479,51.659,42.111,-2636.8,74631
4.4375,0,-14.02,1.4646,-1.0599,0.54028,-0.4788,-0.54297,-0.42899,80.428,43.58,-2630,73028
4.4446,0,-15.108,1.3992,-1.2037,0.52089,-0.50219,-0.52139,-0.45236,67.914,54.112,-2627.9,72671
4.4516,0,-16.111,1.5432,-1.3756,0.50049,-0.52461,-0.4988,-0.47485,61.591,47.074,-2649.5,72626
4.4587,0,-17.165,1.4721,-1.4782,0.47914,-0.54601,-0.47526,-0.49641,64.677,47.155,-2651.1,73197
4.4657,0,-18.089,1.4373,-1.627,0.45686,-0.56635,-0.45081,-0.51701,83.539,40.791,-2641.3,73487
4.4728,0,-18.823,1.2562,-1.9881,0.4337,-0.58559,-0.4255,-0.5366,55.968,33.952,-2648.4,73337
4.4798,0,-19.851,1.107,-2.1105,0.40972,-0.60369,-0.39938,-0.55515,62.983,30.833,-2663.2,72887
4.4868,0,-20.778,0.86063,-2.2015,0.38495,-0.62062,-0.37249,-0.57262,51.295,32.35,-2654.7,72361
4.4939,0,-21.467,0.85586,-2.345,0.35945,-0.63635,-0.3449,-0.58897,57.148,40.184,-2669.1,73552
4.5009,0,-22.385,0.38369,-2.4958,0.33327,-0.65086,-0.31666,-0.60419,54.732,38.756,-2650.9,72797
4.508,0,-22.982,0.29582,-2.6345,0.30646,-0.6641,-0.28781,-0.61824,73.368,45.242,-2692.1,72336
4.515,0,-23.787,0.012583,-2.7753,0.27906,-0.67607,-0.25843,-0.63109,65.101,37.714,-2693.2,72470
4.5221,0,-24.324,-0.28357,-2.9452,0.25115,-0.68673,-0.22856,-0.64272,60.882,34.909,-2706.3,73937
4.5291,0,-24.757,-0.48512,-3.0619,0.22276,-0.69607,-0.19827,-0.65311,63.797,48.38,-2704.4,74540
4.5361,0,-25.015,-0.78807,-2.7465,0.19396,-0.70407,-0.1676,-0.66225,53.138,29.46,-2696.8,72452
4.5432,0,-24.654,-1.2207,-2.6182,0.1648,-0.71072,-0.13663,-0.67011,73.825,65.061,-2710.7,72780
4.5502,0,-24.565,-1.1428,-2.7037,0.13534,-0.71601,-0.10542,-0.67668,65.791,47.885,-2696.1,71261
4.5573,0,-25.126,-1.4508,-2.5789,0.10563,-0.71993,-0.074015,-0.68196,66.296,42.637,-2705.7,74197
4.5643,0,-25.43,-1.779,-2.4757,0.075737,-0.72247,-0.042486,-0.68593,60.699,39.145,-2693.4,71526
4.5714,0,-26.218,-2.0364,-2.4288,0.045712,-0.72363,-0.010891,-0.68859,52.015,51.223,-2712.7,72651
4.5784,0,-26.255,-2.4277,-2.2496,0.015615,-0.7234,0.020709,-0.68994,67.62,35.245,-2715.9,71554
4.5855,0,-26.8,-2.5522,-2.0129,-0.014498,-0.72181,0.052252,-0.68997,69.277,50.979,-2713.9,72957
4.5925,0,-27.226,-2.8901,-1.9183,-0.044568,-0.71883,0.08368,-0.68869,80.354,20.865,-2728.6,72758
4.5995,0,-27.684,-3.1114,-1.6576,-0.07454,-0.7145,0.11493,-0.6861,82.795,45.394,-2729.9,73034
4.6066,0,-28.122,-3.3044,-1.3071,-0.10436,-0.7088,0.14595,-0.68221,66.71,43.378,-2728,73039
4.6136,0,-28.61,-3.2694,-1.1126,-0.13396,-0.70177,0.17667,-0.67702,70.093,47.097,-2734,72802
4.6207,0,-29.041,-3.3654,-0.94088,-0.16329,-0.69341,0.20704,-0.67056,74.683,60.503,-2724.4,72342
4.6277,0,-29.508,-3.5751,-0.70504,-0.19231,-0.68375,0.237,-0.66283,70.024,49.893,-2742.8,72609
4.6348,0,-29.959,-4.0312,-0.3009,-0.22094,-0.67279,0.26649,-0.65385,70.888,58.939,-2733,73824
4.6418,0,-30.372,-3.9582,0.098631,-0.24914,-0.66057,0.29546,-0.64364,71.182,11.992,-2738.6,72955
4.6488,0,-29.878,-3.8589,0.54045,-0.27686,-0.64712,0.32385,-0.63222,75.266,47.356,-2738.3,71730
4.6559,0,-30.481,-3.9122,0.71132,-0.30404,-0.63245,0.35162,-0.61962,70.337,46.704,-2759.8,71810
4.6629,0,-30.871,-3.6888,0.9906,-0.33064,-0.6166,0.37871,-0.60586,64.037,42.023,-2756.2,74390
4.67,0,-31.525,-3.6546,1.4621,-0.3566,-0.5996,0.40507,-0.59096,76.707,48.012,-2751.1,73223
4.677,0,-32.197,-3.8547,1.6779,-0.38188,-0.58149,0.43065,-0.57496,81.221,47.333,-2743.3,71856
4.6841,0,-32.684,-3.6741,2.0996,-0.40643,-0.5623,0.4554,-0.55789,83.427,57.338,-2745.8,71909
4.6911,0,-33.332,-3.3947,2.5372,-0.4302,-0.54207,0.47929,-0.53979,56.242,48.106,-2760.8,72921
4.6982,0,-33.84,-3.1551,2.901,-0.45315,-0.52083,0.50227,-0.52068,73.476,42.59,-2766.4,71043
4.7052,0,-51.003,-4.6083,4.5754,-0.47525,-0.49864,0.52429,-0.50062,65.865,48.534,-2776.1,72513
4.7122,0,-50.906,-4.0838,4.8877,-0.49644,-0.47554,0.54532,-0.47963,60.74,41.651,-2771.1,72799
4.7193,0,-50.731,-3.5168,5.1065,-0.51669,-0.45156,0.56531,-0.45776,74.149,34.45,-2781.1,72544
4.7263,0,-50.12,-3.1935,5.4517,-0.53597,-0.42677,0.58424,-0.43505,76.376,39.326,-2790,73136
4.7334,0,-50.529,-2.75,5.7345,-0.55423,-0.4012,0.60207,-0.41155,76.27,51.183,-2785.3,70585
4.7404,0,-51.214,-2.243,5.8354,-0.57146,-0.37491,0.61877,-0.3873,86.855,46.986,-2786.4,73112
4.7475,0,-51.539,-1.7791,6.166,-0.58761,-0.34794,0.63431,-0.36236,62.957,44.527,-2801.1,70478
4.7545,0,-52.436,-1.0092,6.3196,-0.60266,-0.32036,0.64867,-0.33676,73.259,29.554,-2798.2,70462
4.7615,0,-52.069,-0.6842,6.2389,-0.61658,-0.2922,0.66181,-0.31056,70.891,39.562,-2780.7,72712
4.7686,0,-53.646,-0.26661,6.4921,-0.62936,-0.26354,0.67373,-0.28381,73.179,46.785,-2796,71446
4.7756,0,-55.813,0.42444,6.871,-0.64096,-0.23441,0.6844,-0.25656,82.541,37.475,-2802.6,72872
4.7827,0,-50.18,0.76213,5.8665,-0.65138,-0.20488,0.6938,-0.22887,71.789,52.595,-2802.5,70462
4.7897,0,-49.807,1.4035,5.8995,-0.66059,-0.175,0.70192,-0.20077,71.698,38.79,-2822.3,70497
4.7968,0,-49.373,1.9095,5.7083,-0.66858,-0.14482,0.70875,-0.17234,84.104,54.905,-2804.1,73446
4.8038,0,-49.262,2.4796,5.3154,-0.67535,-0.11441,0.71428,-0.14361,70.149,64.835,-2794,73291
4.8109,0,-48.928,2.8582,5.2617,-0.68087,-0.083819,0.7185,-0.11465,85.405,39.696,-2816.7,72395
4.8179,0,-48.793,3.369,4.9202,-0.68516,-0.053101,0.72141,-0.085505,73.016,39.982,-2813,72398
4.8249,0,-47.752,3.663,4.51,-0.68819,-0.022314,0.72301,-0.056231,84.55,37.584,-2827.7,69997
4.832,0,-47.445,4.0217,4.2112,-0.68997,0.0084845,0.72329,-0.026881,45.546,34.628,-2826.4,70147
4.839,0,-48.587,4.5489,3.9048,-0.6905,0.03924,0.72227,0.0024913,73.44,61.603,-2826.3,72310
4.8461,0,-51.259,5.15,3.7461,-0.68977,0.069896,0.71994,0.031833,81.299,50.524,-2830.3,71028
4.8531,0,-51.354,5.3085,3.2043,-0.68781,0.1004,0.71631,0.061091,87.587,46.031,-2827.5,70312
4.8602,0,-50.709,5.7039,2.8389,-0.68461,0.13069,0.7114,0.090214,87.283,38.158,-2831.4,72268
4.8672,0,-50.146,5.7827,2.3906,-0.68018,0.16072,0.70522,0.11915,57.222,51.98,-2826.4,70794
4.8742,0,-49.261,5.924,1.884,-0.67453,0.19043,0.69777,0.14784,74.644,37.763,-2851.6,73322
4.8813,0,-48.883,5.9959,1.2765,-0.66768,0.21978,0.68908,0.17625,72.55,68.679,-2845.9,72361
4.8883,0,-48.023,6.0933,0.76551,-0.65964,0.2487,0.67917,0.20431,75.2,40.566,-2855.8,69512
4.8954,0,-47.445,5.9337,0.22421,-0.65044,0.27715,0.66806,0.23198,62.473,66.635,-2854.2,70429
4.9024,0,-51.48,6.2398,-0.36111,-0.64008,0.30508,0.65577,0.25922,90.76,44.125,-2856.2,69987
4.9095,0,-50.768,6.5035,-0.95578,-0.62859,0.33244,0.64232,0.28597,83.287,60.571,-2854.9,71233
4.9165,0,-50.152,6.0329,-1.1831,-0.616,0.35919,0.62774,0.31219,78.798,50.395,-2876.2,71730
4.9235,1,-49.509,5.8763,-1.8971,-0.60233,0.38527,0.61207,0.33784,75.42,46.141,-2853.7,72409
4.9306,0,-48.699,5.8798,-2.2971,-0.5876,0.41065,0.59533,0.36286,86.13,48.045,-2869.9,71333
4.9376,0,-48.192,5.3686,-2.7688,-0.57185,0.43527,0.57756,0.38723,78.16,40.542,-2892.8,72681
4.9447,0,-47.497,5.1611,-3.0924,-0.55511,0.45911,0.55879,0.41088,78.928,47.927,-2892.8,71038
4.9517,0,-47.111,4.8388,-3.333,-0.53741,0.48211,0.53905,0.4338,81.138,57.289,-2880.5,71411
4.9588,0,-51.49,5.0203,-4.2375,-0.51877,0.50425,0.51839,0.45593,60.762,41.648,-2866.2,70943
4.9658,0,-50.515,4.5811,-4.4598,-0.49925,0.52548,0.49684,0.47725,68.155,40.568,-2894.4,70152
4.9729,0,-49.717,4.0969,-4.8467,-0.47887,0.54578,0.47444,0.49771,62.085,49.919,-2883.3,71556
4.9799,0,-48.99,3.5875,-5.0129,-0.45767,0.5651,0.45124,0.51729,68.643,62.923,-2896.3,70312
4.9869,0,-48.464,3.0911,-5.2854,-0.43569,0.58342,0.42727,0.53594,73.157,53.055,-2909,71879
4.994,0,-47.595,2.5883,-5.5269,-0.41298,0.6007,0.40259,0.55365,76.695,63.942,-2897.3,71549
5.001,0,-47.444,2.0761,-5.5729,-0.38957,0.61693,0.37723,0.57038,85.874,60.483,-2905.6,70997
5.0081,0,-46.225,1.6756,-5.5729,-0.3655,0.63208,0.35124,0.58611,75.592,50.321,-2890.6,70462
5.0151,0,-46.458,1.1806,-5.7013,-0.34082,0.64612,0.32467,0.6008,76.24,60.702,-2903.1,69557
5.0222,0,-50.254,0.73672,-6.2323,-0.31558,0.65903,0.29756,0.61445,74.027,64.519,-2908.3,69369
5.0292,0,-49.258,0.19922,-6.2272,-0.28981,0.67079,0.26997,0.62703,86.564,55.39,-2908.5,71940
5.0362,0,-48.567,-0.22706,-5.8664,-0.26357,0.68139,0.24194,0.63852,80.178,51.24,-2916.7,70969
5.0433,0,-47.943,-0.63357,-6.088,-0.2369,0.69081,0.21352,0.6489,74.494,54.916,-2917.3,70653
5.0503,0,-47.463,-1.3739,-5.75,-0.20985,0.69904,0.18477,0.65816,96.393,53.848,-2938.7,70283
5.0574,0,-46.645,-1.6585,-5.5316,-0.18247,0.70606,0.15572,0.66628,70.482,62.835,-2925.4,70807
5.0644,0,-46.04,-2.0238,-5.2724,-0.1548,0.71188,0.12644,0.67326,84.738,44.894,-2937.8,70924
5.0715,0,-45.482,-2.5917,-4.8935,-0.12688,0.71648,0.096969,0.67908,65.459,52.285,-2931.1,70198
5.0785,0,-45.111,-2.7062,-4.6884,-0.098783,0.71986,0.067361,0.68375,105.97,45.15,-2941.1,69831
5.0856,0,-45.585,-3.1488,-4.5391,-0.070539,0.72201,0.037667,0.68725,91.227,53.884,-2943.2,71224
5.0926,0,-46.528,-3.72,-4.2733,-0.042201,0.72294,0.0079359,0.68958,76.633,45.04,-2905,70578
5.0996,0,-47.11,-4.1463,-4.0651,-0.013818,0.72264,-0.021781,0.69074,82.272,64.232,-2941.5,70114
5.1067,0,-47.241,-4.3996,-3.6192,0.014564,0.72113,-0.051433,0.69074,88.711,52.4,-2943.6,69193
5.1137,0,-47.45,-4.7664,-3.2968,0.042896,0.7184,-0.080971,0.68957,87.802,43.381,-2955,69909
5.1208,0,-48.226,-5.1509,-3.0361,0.07113,0.71447,-0.11035,0.68724,94.034,55.707,-2947.7,69513
5.1278,0,-48.724,-5.3901,-2.6154,0.099219,0.70934,-0.13951,0.68376,61.694,40.972,-2952.2,69920
5.1349,0,-46.729,-5.2611,-1.8626,0.12712,0.70303,-0.16841,0.67914,77.328,56.598,-2954.9,70711
5.1419,0,-45.512,-5.247,-1.5858,0.15478,0.69555,-0.197,0.67338,85.958,47.136,-2967,70327
5.1489,0,-45.719,-5.6288,-1.1157,0.18215,0.68692,-0.22524,0.66651,91.94,51.939,-2978.6,71528
5.156,0,-45.969,-5.6762,-0.73726,0.2092,0.67715,-0.25307,0.65853,76.524,55.764,-2965,71408
5.163,0,-46.291,-5.9001,-0.33743,0.23588,0.66626,-0.28046,0.64946,61.103,40.114,-2970,69490
5.1701,0,-46.506,-5.8353,0.33657,0.26214,0.65428,-0.30735,0.63932,80.405,40.958,-2967,69365
5.1771,0,-46.882,-5.827,0.69987,0.28794,0.64123,-0.33371,0.62813,72.616,52.524,-2969.3,69725
5.1842,0,-47.569,-5.8946,1.2307,0.31325,0.62712,-0.3595,0.61592,70.467,54.874,-2979.1,69007
5.1912,0,-48.108,-5.6385,1.6534,0.33801,0.612,-0.38467,0.60269,86.764,42.253,-2984.7,68928
5.1983,0,-47.318,-5.5215,2.1815,0.36219,0.59588,-0.40917,0.58849,86.635,43.18,-2996.5,70594
5.2053,0,-45.482,-5.1519,2.445,0.38576,0.5788,-0.43299,0.57333,74.541,48.783,-2991.6,70252
5.2123,0,-45.053,-4.8997,2.8465,0.40868,0.56078,-0.45606,0.55724,92.55,68.312,-2996.1,70224
5.2194,0,-45.147,-4.8219,3.0846,0.4309,0.54186,-0.47837,0.54025,76.38,68.871,-2994.6,68442
5.2264,0,-45.521,-4.5203,3.5251,0.4524,0.52208,-0.49988,0.52239,76.403,52.608,-2997.9,69357
5.2335,0,-45.74,-4.0903,3.9578,0.47314,0.50146,-0.52055,0.50369,79.702,55.075,-3000.7,69436
5.2405,0,-46.304,-3.7361,4.5142,0.49309,0.48004,-0.54035,0.4842,76.02,63.316,-3002.1,72222
5.2476,0,-47.142,-3.4296,4.7255,0.51222,0.45787,-0.55925,0.46392,89.765,76.244,-3019.4,70872
5.2546,0,-46.584,-3.0268,4.846,0.53051,0.43497,-0.57723,0.44292,73.284,52.053,-3004.7,68226
5.2616,0,-44.689,-2.4584,5.0185,0.54791,0.41139,-0.59425,0.42121,86.294,40.708,-3006.1,70495
5.2687,0,-43.881,-1.9091,4.9828,0.56442,0.38716,-0.6103,0.39884,79.87,62.079,-3008.9,71006
5.2757,0,-44.295,-1.6049,5.3354,0.58,0.36234,-0.62534,0.37585,97.447,49.187,-3030,70058
5.2828,0,-44.625,-1.1726,5.3719,0.59463,0.33695,-0.63937,0.35227,65.699,66.707,-3020.4,71163
5.2898,0,-44.848,-1.0068,5.8105,0.60829,0.31105,-0.65235,0.32815,87.222,47.305,-3028.6,69953
5.2969,0,-44.644,-0.25689,5.4869,0.62096,0.28467,-0.66427,0.30351,77.747,44.635,-3040.4,68983
5.3039,0,-44.33,-0.029899,5.6409,0.63262,0.25786,-0.67512,0.27842,95.553,63.934,-3023.1,70449
5.311,0,-45.461,0.5335,5.6122,0.64326,0.23066,-0.68488,0.2529,107.48,61.373,-3029,71197
5.318,0,-49.12,1.1074,6.0364,0.65286,0.20312,-0.69353,0.227,83.551,67.813,-3044.2,69056
5.325,0,-49.852,1.5306,6.0741,0.66142,0.17528,-0.70107,0.20075,90.992,52.486,-3030.1,70290
5.3321,0,-42.874,1.5748,5.0833,0.66891,0.14719,-0.70749,0.17422,95.399,69.697,-3035.3,68259
5.3391,0,-43.07,1.9889,4.9585,0.67533,0.1189,-0.71278,0.14743,89.763,57.652,-3042.5,70260
5.3462,0,-42.619,2.4698,4.603,0.68068,0.090437,-0.71694,0.12043,96.598,34.876,-3056.1,69899
5.3532,0,-42.562,2.7905,4.4415,0.68494,0.061861,-0.71996,0.093258,88.66,60.784,-3052.4,70388
5.3603,0,-42.237,3.1369,4.2552,0.68811,0.033215,-0.72183,0.065966,73.765,49.363,-3064.1,69087
5.3673,0,-42.049,3.4757,3.9423,0.6902,0.0045423,-0.72257,0.038595,85.494,52.913,-3051.4,70657
5.3743,0,-42.084,3.7256,3.7806,0.6912,-0.024111,-0.72217,0.011187,80.535,39.64,-3071,70368
5.3814,0,-41.585,3.9034,3.2744,0.69111,-0.0527,-0.72064,-0.016215,102.38,57.472,-3083.6,68573
5.3884,0,-40.883,3.9802,2.9468,0.68994,-0.081181,-0.71798,-0.043567,80.201,73.469,-3066.6,68898
5.3955,0,-41.716,4.4123,2.7815,0.68769,-0.10951,-0.7142,-0.070828,84.399,64.415,-3067.1,68970
5.4025,0,-44.202,4.8597,2.3634,0.68436,-0.13764,-0.7093,-0.097954,87.958,52.065,-3072.3,70489
5.4096,0,-44.825,5.1031,1.8385,0.67997,-0.16553,-0.70331,-0.1249,76.303,44.187,-3085.3,69952
5.4166,0,-44.43,5.1418,1.4898,0.67452,-0.19314,-0.69622,-0.15164,96.794,51.675,-3092.8,68295
5.4237,0,-43.815,5.228,1.296,0.66803,-0.22042,-0.68806,-0.17811,84.954,48.618,-3089.8,69280
5.4307,0,-43.49,5.2243,0.60851,0.66051,-0.24734,-0.67884,-0.20428,95.638,54.668,-3090.4,68002
5.4377,0,-43.231,5.3303,0.1781,0.65197,-0.27384,-0.66857,-0.23012,64.567,63.164,-3084.7,69535
5.4448,0,-42.797,5.2794,-0.07423,0.64243,-0.2999,-0.65729,-0.25557,83.484,72.517,-3080.7,68049
5.4518,0,-41.955,5.1686,-0.47002,0.6319,-0.32548,-0.64499,-0.28061,105.57,50.326,-3094.8,68301
5.4589,0,-41.283,4.9659,-0.70435,0.62042,-0.35053,-0.63172,-0.3052,86.146,46.988,-3078.9,70519
5.4659,0,-40.494,4.8121,-1.2801,0.60798,-0.37501,-0.61749,-0.32929,76.638,45.617,-3111.2,69525
5.473,0,-40.463,4.6877,-1.5783,0.59462,-0.3989,-0.60232,-0.35286,72.759,60.919,-3095.2,67509
5.48,0,-40.671,4.6984,-2.0572,0.58037,-0.42216,-0.58624,-0.37587,91.277,60.085,-3104,69253
5.487,0,-40.57,4.4431,-2.2943,0.56523,-0.44475,-0.56928,-0.39828,83.627,52.29,-3108.2,67223
5.4941,0,-40.798,4.3428,-2.8981,0.54925,-0.46663,-0.55147,-0.42006,85.059,55.205,-3097.2,69063
5.5011,0,-40.731,4.1247,-3.2163,0.53244,-0.48779,-0.53284,-0.44119,75.754,50.772,-3113.6,70057
5.5082,0,-40.658,3.8109,-3.2534,0.51484,-0.50819,-0.51341,-0.46163,85.266,72.515,-3116.5,68199
5.5152,0,-40.848,3.4476,-3.7536,0.49647,-0.5278,-0.49321,-0.48134,85.212,71.13,-3128.5,68021
5.5223,0,-40.999,3.2912,-3.9134,0.47736,-0.54659,-0.47229,-0.50032,84.836,49.848,-3125.7,69109
5.5293,0,-40.652,2.9104,-4.194,0.45754,-0.56453,-0.45067,-0.51851,92.014,36.233,-3130.2,68862
5.5364,0,-39.888,2.3422,-4.3902,0.43705,-0.58161,-0.42839,-0.53591,100.63,53.541,-3126.1,70506
5.5434,0,-39.68,2.0469,-4.4828,0.41591,-0.59779,-0.40549,-0.55249,96.299,64.975,-3121.4,70314
5.5504,0,-39.88,1.889,-4.6841,0.39417,-0.61306,-0.38199,-0.56822,85.449,52.807,-3136.1,68295
5.5575,0,-39.931,1.3981,-4.7485,0.37185,-0.62739,-0.35795,-0.58308,91.681,54.581,-3129.4,68752
5.5645,0,-40.054,1.2044,-4.9432,0.34899,-0.64077,-0.33338,-0.59706,98.726,60.638,-3153.6,69921
5.5716,0,-40.108,0.69181,-4.9413,0.32563,-0.65317,-0.30834,-0.61012,80.88,66.392,-3119.1,68320
5.5786,0,-40.121,0.42787,-4.9826,0.3018,-0.66459,-0.28286,-0.62227,95.527,56.752,-3143.4,69282
5.5857,0,-40.201,-0.14119,-5.0512,0.27754,-0.67501,-0.25699,-0.63347,91.387,67.563,-3152.6,70586
5.5927,0,-40.128,-0.36072,-5.1361,0.25288,-0.68441,-0.23075,-0.64372,96.927,64.98,-3152.8,70660
5.5997,0,-39.684,-0.81154,-4.8367,0.22787,-0.69279,-0.20419,-0.65301,83.155,70.521,-3159.9,69180
5.6068,0,-39.181,-1.0716,-4.7168,0.20254,-0.70013,-0.17735,-0.66132,85.026,60.363,-3167,69032
5.6138,0,-39.088,-1.3907,-4.6884,0.17694,-0.70643,-0.15028,-0.66863,89.647,54.811,-3155.3,68378
5.6209,0,-39.252,-1.8317,-4.3945,0.15109,-0.71167,-0.123,-0.67496,86.106,55.496,-3174.4,67916
5.6279,1,-39.171,-2.2433,-4.3658,0.12503,-0.71586,-0.095572,-0.68028,98.305,80.707,-3156.1,68827
5.635,0,-39.411,-2.5523,-4.174,0.09882,-0.71899,-0.068023,-0.68459,96.238,67.917,-3177.1,67252
5.642,0,-39.224,-2.6803,-4.3215,0.072481,-0.72106,-0.040399,-0.68789,96.358,50.179,-3172,67851
5.6491,0,-39.375,-3.0564,-3.8464,0.046058,-0.72207,-0.01274,-0.69017,91.173,64.548,-3150.5,67959
5.6561,0,-39.56,-3.3614,-3.5238,0.019589,-0.72202,0.014914,-0.69144,94.416,49.206,-3175.3,69365
5.6631,0,-39.297,-3.5122,-3.1692,-0.0068865,-0.72091,0.042522,-0.69169,89.378,45.517,-3176.2,70117
5.6702,0,-38.593,-3.7031,-2.8292,-0.033329,-0.71874,0.070044,-0.69093,87.215,66.959,-3200.5,67927
5.6772,0,-38.471,-3.8851,-2.5868,-0.059701,-0.71554,0.097441,-0.68917,84.756,56.438,-3181.5,68501
5.6843,0,-38.382,-3.978,-1.9883,-0.085963,-0.71129,0.12467,-0.68639,101.64,65.252,-3205.8,69088
5.6913,0,-38.647,-4.3564,-1.9041,-0.11208,-0.70601,0.1517,-0.68263,104.06,55.126,-3191.6,67326
5.6984,0,-38.592,-4.3634,-1.5652,-0.138,-0.69971,0.17848,-0.67787,92.636,62.856,-3204,69677
5.7054,0,-38.704,-4.5479,-1.1159,-0.16371,-0.6924,0.20499,-0.67213,96.631,72.482,-3211.2,68349
5.7124,0,-38.67,-4.6132,-0.89378,-0.18916,-0.68409,0.23117,-0.66543,117.97,62.906,-3209,68544
5.7195,0,-38.751,-4.612,-0.56037,-0.21431,-0.67481,0.257,-0.65777,88.19,57.773,-3209.6,69642
5.7265,0,-38.758,-4.5815,-0.10778,-0.23913,-0.66456,0.28244,-0.64916,86.355,65.332,-3200.8,66919
5.7336,0,-38.808,-4.6262,-0.045874,-0.26358,-0.65336,0.30744,-0.63963,88.23,62.361,-3226.8,66696
5.7406,0,-38.666,-4.7394,0.65238,-0.28763,-0.64123,0.33199,-0.62919,108.26,61.104,-3193.5,69059
5.7477,0,-39.67,-4.7343,0.95687,-0.31125,-0.62819,0.35604,-0.61785,90.754,71.619,-3208.6,67368
5.7547,0,-41.067,-4.8093,1.3315,-0.3344,-0.61426,0.37956,-0.60564,92.688,60.127,-3213.8,66950
5.7618,0,-40.713,-4.6492,1.4883,-0.35706,-0.59946,0.40251,-0.59257,104.67,67.528,-3240.3,67424
5.7688,0,-40.253,-4.4175,1.9357,-0.37918,-0.58382,0.42487,-0.57867,109.45,69.14,-3225,70422
5.7758,0,-39.653,-4.2418,2.2492,-0.40075,-0.56736,0.44661,-0.56396,77.025,71.237,-3211.2,70142
5.7829,0,-39.403,-4.1122,2.4948,-0.42172,-0.5501,0.46769,-0.54845,111.18,53.568,-3234.2,67484
5.7899,0,-39.004,-3.9347,2.9382,-0.44208,-0.53208,0.48809,-0.53218,95.832,72.241,-3246,66512
5.797,0,-37.754,-3.6379,3.0493,-0.4618,-0.51332,0.50778,-0.51517,93.769,64.441,-3221.6,67569
5.804,0,-37.436,-3.2251,3.2848,-0.48085,-0.49385,0.52673,-0.49745,101.41,82.794,-3230.6,69750
5.8111,0,-39.362,-3.0701,3.7114,-0.4992,-0.4737,0.54492,-0.47904,95.222,69.042,-3230.6,66701
5.8181,0,-41.038,-3.0593,4.2669,-0.51683,-0.4529,0.56232,-0.45996,85.921,55.133,-3233.8,67274
5.8251,0,-40.412,-2.6705,4.3575,-0.53372,-0.43147,0.57892,-0.44026,70.982,51.474,-3234.5,68221
5.8322,0,-39.931,-2.284,4.5617,-0.54984,-0.40946,0.59468,-0.41996,100.08,61.944,-3260.1,68352
5.8392,0,-39.395,-1.864,4.6145,-0.56518,-0.3869,0.6096,-0.39908,94.859,64.006,-3261,67146
5.8463,0,-38.822,-1.4008,4.6948,-0.57972,-0.36381,0.62365,-0.37766,84.514,71.39,-3240,66888
5.8533,0,-38.496,-1.1094,4.7997,-0.59344,-0.34023,0.63681,-0.35573,94.922,67.869,-3251.6,67310
5.8604,0,-38.177,-0.58704,4.6497,-0.60631,-0.3162,0.64907,-0.33332,102.32,55.56,-3257.3,67208
5.8674,0,-37.672,-0.47152,4.7056,-0.61833,-0.29175,0.66042,-0.31047,97.391,80.09,-3277.5,68520
5.8744,0,-37.411,-0.35359,4.6899,-0.62949,-0.26692,0.67083,-0.28721,99.209,64.169,-3271.9,68372
5.8815,0,-37.231,0.13094,4.6134,-0.63975,-0.24174,0.6803,-0.26356,99.196,55.384,-3261,68065
5.8885,0,-39.829,0.58901,4.9157,-0.64913,-0.21624,0.68882,-0.23957,93.909,60.962,-3259.9,67235
5.8956,0,-39.956,0.89263,4.9152,-0.6576,-0.19047,0.69638,-0.21526,89.665,62.965,-3263.7,67933
5.9026,0,-39.183,1.3359,4.765,-0.66515,-0.16446,0.70297,-0.19068,95.24,64.513,-3273.3,68354
5.9097,0,-38.959,1.9395,4.4385,-0.67178,-0.13825,0.70858,-0.16586,101.57,64.606,-3268.8,69014
5.9167,0,-38.449,2.0665,4.3652,-0.67748,-0.11187,0.71322,-0.14083,98.837,57.093,-3283.6,66678
5.9238,0,-38.12,2.5228,4.3179,-0.68224,-0.085362,0.71686,-0.11562,111.65,83.189,-3291,68625
5.9308,0,-37.639,2.6003,3.9322,-0.68606,-0.05876,0.71952,-0.090277,110.83,60.024,-3299.5,66498
5.9378,0,-37.457,2.8499,3.6992,-0.68894,-0.032101,0.72119,-0.064831,83.058,65.506,-3289.7,67715
5.9449,0,-36.455,2.9835,3.4817,-0.69088,-0.0054216,0.72188,-0.039317,89.168,53.965,-3296.7,66293
5.9519,0,-35.521,3.064,3.2782,-0.69187,0.021241,0.72158,-0.013771,96.001,60.857,-3282.2,67476
5.959,0,-36.095,3.2525,2.8464,-0.69192,0.047851,0.72029,0.011773,111.56,72.37,-3303.7,67512
5.966,0,-38.249,3.7714,2.8607,-0.69102,0.074373,0.71803,0.03728,100.3,64.854,-3313.5,68004
5.9731,0,-39.001,4.096,2.5195,-0.68919,0.10077,0.71479,0.062715,75.859,80.258,-3316,67028
5.9801,0,-38.474,4.2144,2.4123,-0.68642,0.12701,0.71059,0.088043,81.226,62.289,-3307.8,67196
5.9871,0,-38.082,4.4348,1.902,-0.68273,0.15305,0.70543,0.11323,95.514,80.143,-3281.4,68850
5.9942,0,-37.91,4.5057,1.6354,-0.67812,0.17887,0.69932,0.13824,104.33,90.282,-3307.5,68164
6.0012,0,-37.619,4.4178,1.1177,-0.67259,0.20442,0.69228,0.16305,106.75,72.429,-3310.8,68413
6.0083,0,-37.028,4.3514,0.97857,-0.66617,0.22967,0.6843,0.18761,113.77,67.669,-3330.8,67238
6.0153,0,-36.739,4.5058,0.60913,-0.65885,0.25459,0.67542,0.21191,94.89,72.708,-3318,67301
6.0224,0,-36.524,4.3353,0.24776,-0.65066,0.27915,0.66564,0.23589,89.573,60.522,-3325.8,68506
6.0294,0,-36.075,4.4844,0.045148,-0.6416,0.30332,0.65497,0.25954,114.67,77.934,-3304.3,66794
6.0365,0,-35.562,4.1886,-0.63689,-0.63169,0.32706,0.64344,0.28282,109.1,74.209,-3333.7,69416
6.0435,0,-35.468,4.3535,-0.70653,-0.62095,0.35034,0.63105,0.30571,100.12,74.776,-3334.4,67811
6.0505,0,-35.54,4.0868,-1.1813,-0.60939,0.37313,0.61784,0.32816,118.69,83.336,-3332.6,67909
6.0576,0,-35.649,4.0873,-1.2869,-0.59702,0.39541,0.60382,0.35017,95.296,57.739,-3338.8,68932
6.0646,0,-36.274,4.1391,-1.7039,-0.58388,0.41715,0.589,0.37168,121.01,79.875,-3349.2,68995
6.0717,0,-36.238,3.9566,-1.9095,-0.56997,0.43831,0.57342,0.39269,106.67,84.431,-3340.4,66991
6.0787,0,-36.633,3.7808,-2.2582,-0.55532,0.45888,0.55709,0.41316,97.168,76.181,-3341.9,68704
6.0858,0,-36.786,3.6853,-2.6234,-0.53995,0.47882,0.54004,0.43306,85.159,61.629,-3350.4,66587
6.0928,0,-37.494,3.6954,-2.8302,-0.52387,0.49811,0.52229,0.45238,83.093,63.401,-3345.9,66521
6.0998,0,-38.013,3.2878,-3.0984,-0.50713,0.51673,0.50387,0.47109,80.122,88.687,-3353.5,67152
6.1069,0,-37.4,3.1018,-3.308,-0.48973,0.53466,0.4848,0.48916,99.061,42.752,-3354,66889
6.1139,0,-35.856,2.767,-3.4271,-0.4717,0.55187,0.46511,0.50657,101.79,71.29,-3332.4,65733
6.121,0,-35.337,2.4255,-3.6692,-0.45307,0.56834,0.44483,0.52331,100.22,66.807,-3356.9,66315
6.128,0,-35.501,2.1924,-3.7672,-0.43386,0.58405,0.42398,0.53935,110.57,82.116,-3357.4,66774
6.1351,0,-35.672,1.9257,-4.22,-0.4141,0.59898,0.4026,0.55467,96.469,67.526,-3358.1,68165
6.1421,0,-36.077,1.5766,-4.2326,-0.39382,0.61312,0.38071,0.56926,103.47,63.131,-3363.8,65668
6.1492,0,-36.269,1.3428,-4.0383,-0.37304,0.62645,0.35834,0.58309,93.565,69.48,-3373.5,67434
6.1562,0,-36.161,1.2075,-4.382,-0.3518,0.63895,0.33553,0.59615,103.07,46.709,-3382.8,66856
6.1632,0,-36.42,0.88392,-4.511,-0.33011,0.65061,0.3123,0.60843,102.86,76.16,-3364.1,67305
6.1703,0,-36.913,0.39786,-4.6098,-0.30802,0.66142,0.28869,0.61992,113.72,75.857,-3382.6,65781
6.1773,0,-37.204,0.10611,-4.6283,-0.28555,0.67137,0.26473,0.63059,118.67,67.869,-3385.8,66714
6.1844,0,-36.92,-0.36616,-4.7385,-0.26273,0.68044,0.24044,0.64044,101.88,63.093,-3364.9,67107
6.1914,0,-35.778,-0.67027,-4.6256,-0.23959,0.68862,0.21587,0.64946,104.62,57.623,-3391.6,66240
6.1985,0,-34.796,-0.82041,-4.2837,-0.21615,0.69591,0.19104,0.65764,112.43,77.336,-3378.7,66142
6.2055,0,-35.118,-1.1983,-4.2804,-0.19246,0.7023,0.16599,0.66497,110.05,61.732,-3380,66145
6.2125,0,-35.042,-1.3635,-4.0781,-0.16855,0.70778,0.14074,0.67143,98.225,83.534,-3391.7,66876
6.2196,0,-35.268,-1.9593,-4.2124,-0.14443,0.71236,0.11534,0.67704,99.269,74.105,-3392.9,66315
6.2266,0,-35.392,-2.1784,-3.997,-0.12016,0.71602,0.089818,0.68177,106.96,76.604,-3395.5,65779
6.2337,0,-35.706,-2.2823,-3.8901,-0.095745,0.71876,0.0642,0.68564,108.66,78.155,-3384,66686
6.2407,0,-35.968,-2.501,-3.6068,-0.071231,0.72058,0.038524,0.68862,99.503,68.672,-3418.3,65831
6.2478,0,-35.852,-2.8811,-3.6597,-0.046647,0.72149,0.012821,0.69073,102.5,90.661,-3410.4,66641
6.2548,0,-34.935,-2.9735,-3.2201,-0.022023,0.72148,-0.012876,0.69196,91.888,74.497,-3413.8,68237
6.2619,0,-34.122,-3.2185,-2.9772,0.0026079,0.72056,-0.038534,0.69232,100.13,76.37,-3410.7,67361
6.2689,0,-33.738,-3.2841,-2.4532,0.027216,0.71872,-0.06412,0.6918,111.12,77.309,-3414.4,67587
6.2759,0,-34.161,-3.5696,-2.2017,0.051769,0.71599,-0.089604,0.6904,113.38,72.96,-3412.7,66924
6.283,0,-34.113,-3.6965,-2.3094,0.076238,0.71235,-0.11495,0.68814,110.07,75.739,-3431.7,66460
6.29,0,-34.384,-3.8803,-1.854,0.10059,0.70782,-0.14013,0.68501,105.41,69.907,-3428.1,66576
6.2971,0,-34.442,-4.1699,-1.4782,0.1248,0.7024,-0.16512,0.68103,100.58,68.792,-3413.3,66907
6.3041,0,-34.787,-4.2527,-1.4079,0.14883,0.69611,-0.18987,0.67619,117.94,76.289,-3441.3,66830
6.3112,0,-34.702,-4.1062,-0.98839,0.17265,0.68895,-0.21437,0.67051,109.54,73.569,-3421.1,67765
6.3182,0,-35.07,-4.1214,-0.73113,0.19624,0.68093,-0.23858,0.664,110,74.1,-3417.6,65364
6.3252,0,-35.392,-4.3921,-0.47974,0.21956,0.67208,-0.26247,0.65667,118.88,67.229,-3430,65563
6.3323,1,-35.598,-4.4008,-0.22598,0.24259,0.66239,-0.28601,0.64852,104.29,71.635,-3439.9,66168
6.3393,0,-35.096,-4.2965,0.10711,0.2653,0.65189,-0.30918,0.63958,101.62,73.63,-3451.8,64570
6.3464,0,-34.072,-4.1189,0.33956,0.28767,0.64059,-0.33194,0.62984,99.964,85.764,-3428.3,67308
6.3534,0,-33.212,-4.0706,0.87607,0.30965,0.62851,-0.35428,0.61934,110,82.36,-3446,66007
6.3605,0,-33.45,-3.9238,1.0487,0.33124,0.61566,-0.37615,0.60807,99.963,95.461,-3440,66140
6.3675,0,-33.625,-4.073,1.2513,0.3524,0.60206,-0.39755,0.59607,94.894,96.591,-3456.3,65164
6.3746,0,-33.78,-3.7305,1.5977,0.37311,0.58772,-0.41843,0.58334,113.03,74.414,-3449.9,65849
6.3816,0,-33.945,-3.5985,1.9189,0.39334,0.57268,-0.43879,0.5699,93.364,47.276,-3452.9,65350
6.3886,0,-33.961,-3.5216,2.0639,0.41307,0.55694,-0.45858,0.55578,102.81,90.191,-3480.1,66036
6.3957,0,-34.203,-3.531,2.4511,0.43228,0.54054,-0.4778,0.54098,97.534,86.584,-3465.5,64763
6.4027,0,-34.228,-3.2748,2.69,0.45095,0.52348,-0.49642,0.52553,97.272,56.38,-3470,65033
6.4098,0,-34.554,-3.0709,2.8541,0.46905,0.5058,-0.51441,0.50945,118.18,94.366,-3472.3,66310
6.4168,0,-34.917,-2.8926,3.2895,0.48656,0.48752,-0.53176,0.49277,98.547,63.915,-3465.9,65933
6.4239,0,-31.376,-2.3193,2.9933,0.50346,0.46865,-0.54845,0.47549,113.19,74.047,-3468,65662
6.4309,0,-31.47,-2.213,3.282,0.51974,0.44923,-0.56446,0.45765,98.183,65.857,-3476.1,65718
6.4379,0,-31.464,-2.0204,3.5061,0.53537,0.42929,-0.57977,0.43927,120.71,84.664,-3472.2,66345
6.445,0,-31.635,-1.7065,3.5176,0.55034,0.40883,-0.59436,0.42038,105.32,68.134,-3484.5,66152
6.452,0,-31.495,-1.4019,3.5434,0.56463,0.3879,-0.60822,0.40099,98.914,70.563,-3483.6,65762
6.4591,0,-31.553,-1.1681,3.7074,0.57823,0.36652,-0.62133,0.38112,113.77,66.245,-3498.9,64784
6.4661,0,-31.424,-0.99615,3.6656,0.59112,0.34472,-0.63368,0.36082,105.84,76.968,-3489.1,64715
6.4732,0,-31.725,-0.70278,3.7306,0.60329,0.32251,-0.64526,0.3401,98.495,69.554,-3486.3,64855
6.4802,0,-31.683,-0.48096,3.9157,0.61473,0.29994,-0.65605,0.31898,75.622,59.433,-3489.2,66098
6.4873,0,-31.542,-0.14634,4.0058,0.62541,0.27702,-0.66604,0.2975,105.79,69.482,-3489.7,63703
6.4943,0,-31.076,-0.12316,3.8051,0.63534,0.25379,-0.67523,0.27568,132.09,71.862,-3510.2,65010
6.5013,0,-30.847,0.4138,3.7311,0.6445,0.23028,-0.6836,0.25354,127.88,85.752,-3511.4,64165
6.5084,0,-30.737,0.73085,3.8629,0.65289,0.20651,-0.69114,0.23112,123.05,82.12,-3499.1,66040
6.5154,0,-30.828,0.74659,3.8331,0.66048,0.18251,-0.69786,0.20844,122.13,78.705,-3506.3,66746
6.5225,0,-30.858,1.173,3.6933,0.66729,0.15831,-0.70373,0.18553,98.601,75.221,-3510.8,64723
6.5295,0,-30.779,1.5151,3.6321,0.6733,0.13395,-0.70877,0.16241,85.026,85.196,-3510.8,66267
6.5366,0,-30.724,1.6372,3.601,0.6785,0.10945,-0.71296,0.13912,102.01,66.865,-3498.5,65896
6.5436,0,-31.057,1.9042,3.1873,0.68289,0.084835,-0.71629,0.11569,113.24,73.084,-3513.5,65413
6.5506,0,-30.958,2.1853,3.0978,0.68648,0.060143,-0.71878,0.092132,107.55,77.818,-3513.3,65473
6.5577,0,-30.757,2.1565,2.9828,0.68924,0.035399,-0.72042,0.068486,99.909,81.011,-3533,65625
6.5647,0,-30.883,2.3206,3.0562,0.6912,0.010634,-0.7212,0.044776,107.16,74.953,-3532.7,64993
6.5718,0,-30.969,2.4789,2.8619,0.69233,-0.014123,-0.72113,0.021032,118.54,70.379,-3521.4,64080
6.5788,0,-31.076,2.8332,2.5643,0.69266,-0.038843,-0.72022,-0.0027195,111.73,71.393,-3524.2,65754
6.5859,0,-31.065,3.0614,2.4943,0.69217,-0.063498,-0.71845,-0.026449,119.23,69.832,-3525.5,65456
6.5929,0,-30.818,3.2259,2.2096,0.69086,-0.088058,-0.71585,-0.05013,95.872,77.361,-3551.7,64841
6.6,0,-30.332,3.2806,1.966,0.68875,-0.11249,-0.71241,-0.073735,104.71,56.284,-3550.7,65225
6.607,0,-30.303,3.4775,1.6589,0.68584,-0.13678,-0.70814,-0.097235,101.04,88.293,-3528.1,65125
6.614,0,-30.135,3.4388,1.432,0.68212,-0.16089,-0.70305,-0.1206,101.47,88.503,-3529,65612
6.6211,0,-30.122,3.787,1.036,0.67762,-0.18478,-0.69714,-0.14381,99.048,69.776,-3558.7,65573
6.6281,0,-30.237,3.8272,0.85591,0.67233,-0.20845,-0.69042,-0.16684,121.87,74.244,-3555.2,66268
6.6352,0,-30.255,3.6768,0.60951,0.66626,-0.23185,-0.68291,-0.18965,110.4,86.614,-3548.6,66106
6.6422,0,-30.127,3.6409,0.24944,0.65943,-0.25497,-0.67461,-0.21223,122.6,55.169,-3556.3,66685
6.6493,0,-30.326,3.7609,0.13467,0.65183,-0.27777,-0.66554,-0.23454,107.5,82.011,-3549.2,65756
6.6563,0,-30.141,3.6614,0.052353,0.64349,-0.30023,-0.65571,-0.25657,105.43,88.365,-3570.7,65455
6.6633,0,-30.27,3.657,-0.56307,0.63441,-0.32233,-0.64512,-0.27828,138.19,79.073,-3556.2,66346
6.6704,0,-30.203,3.5018,-0.52253,0.62461,-0.34404,-0.6338,-0.29966,117.43,60.857,-3572.2,66500
6.6774,0,-29.904,3.6226,-0.72362,0.6141,-0.36533,-0.62176,-0.32067,110.52,80.057,-3561.7,63428
6.6845,0,-29.522,3.4668,-1.1584,0.60288,-0.38619,-0.60902,-0.3413,111.35,68.097,-3569,65100
6.6915,0,-29.413,3.327,-1.4362,0.59099,-0.40659,-0.59559,-0.36152,97.808,84.965,-3587.3,65623
6.6986,0,-29.553,3.1633,-1.552,0.57843,-0.4265,-0.58148,-0.38131,91.298,82.259,-3578.6,64811
6.7056,0,-29.483,3.1735,-1.6406,0.56521,-0.44591,-0.56672,-0.40066,147.31,89.27,-3576.2,63687
6.7127,0,-29.438,3.1988,-1.8263,0.55136,-0.4648,-0.55133,-0.41952,109.25,62.34,-3579.9,65979
6.7197,0,-29.325,2.9455,-2.0604,0.53689,-0.48314,-0.53531,-0.4379,116.58,95.874,-3581,65040
6.7267,0,-29.41,2.6839,-2.2932,0.52182,-0.50092,-0.51871,-0.45576,92.752,67.586,-3571.4,65699
6.7338,0,-29.588,2.7171,-2.6266,0.50617,-0.51812,-0.50152,-0.4731,126.94,70.083,-3585.6,66344
6.7408,0,-29.414,2.4998,-2.4337,0.48996,-0.53471,-0.48378,-0.48988,119.58,80.011,-3572.3,63960
6.7479,0,-29.373,2.2984,-2.8359,0.4732,-0.55068,-0.46551,-0.50609,127.95,96.681,-3603.5,65464
6.7549,0,-29.104,1.9021,-2.9902,0.45593,-0.56602,-0.44672,-0.52172,117.25,62.922,-3597.1,64163
6.762,0,-28.983,1.908,-3.0363,0.43815,-0.58071,-0.42744,-0.53675,113.05,82.777,-3588,64527
6.769,0,-28.736,1.5745,-3.0898,0.41989,-0.59473,-0.4077,-0.55116,113.94,96.845,-3603.2,64323
6.776,0,-29.076,1.5855,-3.1878,0.40117,-0.60807,-0.38751,-0.56494,121.74,81.182,-3610.6,64244
6.7831,0,-29.048,1.165,-3.4472,0.38201,-0.62071,-0.3669,-0.57807,115.49,66.988,-3600.9,65284
6.7901,0,-29.358,0.9542,-3.5972,0.36244,-0.63265,-0.3459,-0.59055,113.04,89.644,-3609.6,66562
6.7972,0,-29.349,0.60291,-3.5154,0.34248,-0.64387,-0.32453,-0.60235,114.26,74.375,-3609.2,63600
6.8042,0,-29.619,0.40397,-3.6224,0.32215,-0.65436,-0.3028,-0.61347,119.44,90.322,-3620.7,64053
6.8113,0,-29.832,0.26514,-3.593,0.30147,-0.66411,-0.28076,-0.6239,110.61,82.375,-3603.2,63881
6.8183,0,-29.932,0.10655,-3.7359,0.28048,-0.67311,-0.25842,-0.63362,113.71,83.518,-3616.4,64756
6.8253,0,-30.205,-0.28298,-3.7044,0.25918,-0.68135,-0.23582,-0.64263,135.33,92.119,-3634.3,64637
6.8324,0,-30.379,-0.43146,-3.7434,0.23762,-0.68883,-0.21296,-0.65092,137.72,79.523,-3617.2,64385
6.8394,0,-30.313,-0.84213,-3.7039,0.21581,-0.69553,-0.18989,-0.65848,111.95,80.796,-3599.6,64262
6.8465,0,-29.851,-0.96004,-3.6914,0.19377,-0.70146,-0.16663,-0.66531,119.97,93.127,-3648.1,65030
6.8535,0,-28.949,-1.1067,-3.4224,0.17154,-0.70661,-0.1432,-0.67139,106.81,79.236,-3620.4,64454
6.8606,0,-28.008,-1.3396,-3.2357,0.14914,-0.71097,-0.11963,-0.67673,116.39,73.46,-3632.8,64447
6.8676,0,-28.18,-1.6578,-3.259,0.12659,-0.71455,-0.095949,-0.68131,110.84,56.589,-3610.5,62981
6.8747,0,-27.996,-1.6141,-2.9439,0.10391,-0.71733,-0.072181,-0.68515,134.26,74.78,-3650.3,66197
6.8817,0,-27.693,-1.9125,-2.8436,0.081139,-0.71932,-0.048352,-0.68822,125.86,85.223,-3639.8,65376
6.8887,0,-27.632,-1.7954,-2.6739,0.058294,-0.72053,-0.02449,-0.69054,111.36,75.419,-3635.2,63355
6.8958,0,-27.401,-2.1884,-2.6084,0.035403,-0.72093,-0.00061906,-0.6921,116.81,82.593,-3637.6,64255
6.9028,0,-27.361,-2.7032,-2.2163,0.01249,-0.72055,0.023233,-0.6929,122.53,81.922,-3623.5,65317
6.9099,0,-27.39,-2.6863,-2.0072,-0.010419,-0.71938,0.047041,-0.69294,120.3,85.681,-3648.8,64408
6.9169,0,-26.986,-2.6654,-2.1108,-0.033301,-0.71743,0.070779,-0.69223,110.67,77.426,-3660.1,64030
6.924,0,-26.428,-2.6276,-1.8821,-0.056129,-0.71469,0.09442,-0.69076,113.67,100.57,-3644.9,65314
6.931,0,-26.823,-3.0563,-1.5851,-0.07888,-0.71118,0.11794,-0.68854,109.14,91.907,-3660.1,62484
6.938,0,-28.365,-3.2394,-1.5016,-0.10153,-0.7069,0.14131,-0.68557,117.93,89.413,-3661.7,62843
6.9451,0,-29.301,-3.3796,-1.2077,-0.12405,-0.70186,0.16452,-0.68187,121.81,79.029,-3663.9,63209
6.9521,0,-28.978,-3.3995,-1.1693,-0.14642,-0.69606,0.18752,-0.67742,109.65,75.77,-3680.9,63949
6.9592,0,-28.518,-3.4297,-1.006,-0.16862,-0.68951,0.21031,-0.67225,114.18,102.18,-3668,63190
6.9662,0,-28.197,-3.3885,-0.61173,-0.19061,-0.68222,0.23285,-0.66636,117.24,76.756,-3663.4,64998
6.9733,0,-28.144,-3.2232,-0.46968,-0.21239,-0.6742,0.25512,-0.65975,125.96,85.065,-3683.6,64926
6.9803,0,-27.775,-3.5193,-0.15267,-0.23392,-0.66546,0.27709,-0.65243,121.86,103.29,-3672,64097
6.9874,0,-27.258,-3.302,0.14722,-0.25518,-0.65601,0.29876,-0.64442,106.39,72.38,-3699.2,64616
6.9944,0,-27.01,-3.2938,0.23173,-0.27616,-0.64586,0.32008,-0.63573,116.67,86.258,-3681.9,64341
7.0014,0,-26.892,-3.3827,0.60996,-0.29682,-0.63503,0.34105,-0.62635,132.05,87.24,-3691.8,63148
7.0085,0,-26.674,-3.3249,0.72867,-0.31715,-0.62353,0.36163,-0.61632,118.85,80.616,-3660.4,64097
7.0155,0,-26.227,-3.2112,0.79305,-0.33713,-0.61137,0.38181,-0.60563,113.62,86.663,-3689.7,64887
7.0226,0,-25.751,-3.0535,1.0207,-0.35673,-0.59857,0.40157,-0.59431,124,78.91,-3682.6,63628
7.0296,0,-25.542,-2.917,1.3085,-0.37593,-0.58514,0.42089,-0.58236,115.49,95.362,-3700.3,63321
7.0367,1,-25.875,-2.8473,1.6214,-0.39473,-0.5711,0.43974,-0.5698,110.06,85.661,-3676,63108
7.0437,0,-26.835,-2.7419,1.6372,-0.41309,-0.55646,0.45811,-0.55664,108.63,64.934,-3689.7,64567
7.0507,0,-27.317,-2.6396,1.9888,-0.43099,-0.54124,0.47598,-0.5429,105.79,97.327,-3697.1,65751
7.0578,0,-27.173,-2.5742,2.198,-0.44843,-0.52546,0.49333,-0.5286,123.49,94.11,-3693.3,63974
7.0648,0,-26.945,-2.3804,2.3384,-0.46539,-0.50914,0.51015,-0.51375,125.01,78.76,-3703.8,64996
7.0719,0,-26.662,-2.3931,2.4154,-0.48183,-0.49229,0.52642,-0.49837,133.11,82.788,-3699.7,65008
7.0789,0,-26.423,-1.9466,2.4369,-0.49776,-0.47494,0.54211,-0.48247,112.44,76.922,-3712.3,65071
7.086,0,-26.112,-1.9908,2.6915,-0.51316,-0.4571,0.55723,-0.46608,120.29,90.489,-3705.3,64775
7.093,0,-25.876,-1.8514,2.7273,-0.528,-0.43879,0.57175,-0.44921,118.48,83.346,-3704.9,63236
7.1001,0,-25.551,-1.6263,2.7635,-0.54228,-0.42003,0.58565,-0.43188,141.12,74.25,-3717.9,63722
7.1071,0,-25.245,-1.5177,2.9204,-0.55597,-0.40085,0.59894,-0.41411,117.23,76.899,-3705.8,65395
7.1141,0,-24.869,-1.1778,2.8933,-0.56908,-0.38127,0.61158,-0.39592,109.98,77.064,-3712.8,63033
7.1212,0,-24.385,-0.92983,2.7712,-0.58158,-0.3613,0.62358,-0.37732,124.29,66.742,-3742,64030
7.1282,0,-24.347,-0.78907,2.9499,-0.59347,-0.34097,0.63492,-0.35835,123.76,78.082,-3712.4,65152
7.1353,0,-25.363,-0.61114,3.1499,-0.60473,-0.32029,0.64558,-0.33902,124.38,84.255,-3713.9,64657
7.1423,0,-26.09,-0.46253,3.1981,-0.61535,-0.2993,0.65557,-0.31935,112.52,69.965,-3711.2,62221
7.1494,0,-26.108,-0.26184,3.21,-0.62533,-0.27802,0.66487,-0.29936,132.53,93.28,-3721.7,65083
7.1564,0,-26.023,0.066135,3.3688,-0.63465,-0.25646,0.67347,-0.27908,129.62,101.94,-3730,63964
7.1634,0,-25.813,0.25994,3.1779,-0.64331,-0.23465,0.68137,-0.25852,111.16,92.612,-3733.5,64523
7.1705,0,-25.613,0.52219,3.0033,-0.65129,-0.21262,0.68855,-0.23771,146.17,91.149,-3744.4,62837
7.1775,0,-25.181,0.42373,2.967,-0.6586,-0.19038,0.69502,-0.21666,124.53,89.007,-3745.5,63250
7.1846,0,-24.899,0.52886,2.9823,-0.66522,-0.16797,0.70077,-0.19541,108.88,89.978,-3729.1,62039
7.1916,0,-25.118,1.0366,3.0718,-0.67116,-0.14539,0.70579,-0.17398,114.37,88.93,-3730,64841
7.1987,0,-24.513,1.048,2.761,-0.6764,-0.12269,0.71008,-0.15238,125.51,92.853,-3759.1,63400
7.2057,0,-24.122,1.3993,2.6486,-0.68094,-0.099875,0.71364,-0.13063,124.77,72.723,-3752.6,62196
7.2128,0,-23.674,1.5909,2.4926,-0.68478,-0.076975,0.71647,-0.10877,122.35,74.96,-3750.2,65997
7.2198,0,-23.397,1.5934,2.4685,-0.68791,-0.054014,0.71855,-0.086817,121.1,90.841,-3763.1,64777
7.2268,0,-24.236,1.932,2.2863,-0.69034,-0.031014,0.71991,-0.064786,124.83,98.291,-3761.4,62713
7.2339,0,-25.259,2.0185,2.4179,-0.69207,-0.0079997,0.72052,-0.042706,129.36,92.228,-3750.1,63750
7.2409,0,-25.682,2.1503,2.2377,-0.69309,0.015006,0.7204,-0.020596,126.2,70.48,-3766.4,63999
7.248,0,-25.115,2.4147,2.179,-0.6934,0.037979,0.71955,0.0015183,123.79,100.63,-3772.6,62716
7.255,0,-25.029,2.4359,1.8037,-0.69301,0.060896,0.71797,0.023616,126.64,83.602,-3756.7,62256
7.2621,0,-24.83,2.6332,1.9078,-0.69191,0.083734,0.71565,0.045675,113.57,90.141,-3782.5,64452
7.2691,0,-24.691,2.6327,1.4655,-0.69012,0.10647,0.71262,0.067672,116.24,94.769,-3768.8,62881
7.2761,0,-24.28,2.8838,1.5371,-0.68762,0.12908,0.70886,0.089585,117.62,91.244,-3784.7,65753
7.2832,0,-24.029,2.5697,1.2815,-0.68444,0.15155,0.7044,0.11139,117.23,92.088,-3776.8,64480
7.2902,0,-24.034,2.7133,0.91223,-0.68056,0.17384,0.69922,0.13307,97.699,100.34,-3776.5,61620
7.2973,0,-23.864,2.7593,0.85966,-0.676,0.19594,0.69334,0.1546,112,104.22,-3804.9,64508
7.3043,0,-23.775,2.8673,0.68269,-0.67077,0.21783,0.68677,0.17596,123.12,87.872,-3782.1,63482
7.3114,0,-23.315,2.9765,0.74706,-0.66486,0.23949,0.67951,0.19713,122.42,83.03,-3776.7,62247
7.3184,0,-23.372,2.8467,0.28136,-0.6583,0.26089,0.67158,0.21809,118.94,92.374,-3779.3,63295
7.3255,0,-23.124,2.9273,0.11991,-0.65107,0.28201,0.66298,0.23881,117.12,92.633,-3790.8,62403
7.3325,0,-23.069,2.8588,-0.01031,-0.6432,0.30283,0.65372,0.25928,127.68,83.632,-3779.5,62920
7.3395,0,-22.634,2.7937,-0.21465,-0.6347,0.32333,0.64382,0.27948,115.08,71.838,-3803.5,62214
7.3466,0,-22.551,2.6955,-0.34287,-0.62556,0.3435,0.63328,0.29939,117.95,102.61,-3797.7,63480
7.3536,0,-22.63,2.506,-0.62853,-0.61581,0.36331,0.62212,0.31898,136.69,76.928,-3805.9,63509
7.3607,0,-22.532,2.8299,-0.78365,-0.60546,0.38275,0.61034,0.33824,129.73,72.663,-3791.5,62266
7.3677,0,-22.623,2.7872,-0.95127,-0.59451,0.40179,0.59797,0.35716,113.12,89.54,-3810.4,62649
7.3748,0,-22.725,2.4856,-0.94687,-0.58297,0.42041,0.58501,0.37571,111.26,105.12,-3813.8,63469
7.3818,0,-22.748,2.4833,-1.2368,-0.57087,0.43861,0.57149,0.39387,146.02,83.421,-3816.6,62643
7.3888,0,-22.905,2.3947,-1.5171,-0.55821,0.45636,0.5574,0.41163,127.02,84.419,-3813.9,62927
7.3959,0,-22.792,2.3457,-1.6384,-0.54501,0.47364,0.54278,0.42897,140.77,74.832,-3799,63773
7.4029,0,-23.156,2.2714,-1.7433,-0.53128,0.49045,0.52763,0.44588,117.74,85.619,-3833.8,64427
7.41,0,-23.126,2.2634,-1.8843,-0.51703,0.50676,0.51197,0.46234,124.26,103.32,-3817,62848
7.417,0,-23.258,2.0512,-1.9323,-0.50229,0.52256,0.49582,0.47833,120.64,77.374,-3820,63039
7.4241,0,-23.213,1.929,-2.1654,-0.48706,0.53783,0.47919,0.49385,126.29,93.619,-3816.6,63253
7.4311,0,-23.262,1.8782,-2.1388,-0.47137,0.55256,0.4621,0.50887,138.66,85.79,-3826.2,61407
7.4382,0,-22.946,1.7527,-2.4924,-0.45523,0.56675,0.44457,0.52338,114.66,82.589,-3817.9,64684
7.4452,0,-22.385,1.4722,-2.2908,-0.43865,0.58036,0.42662,0.53737,131.31,79.874,-3827.3,61168
7.4522,0,-22.01,1.1202,-2.2919,-0.42165,0.5934,0.40827,0.55082,112.26,103.27,-3843.1,64060
7.4593,0,-21.654,1.1188,-2.2893,-0.40425,0.60585,0.38953,0.56373,117.62,81.47,-3841.2,62682
7.4663,0,-21.784,0.95039,-2.8195,-0.38647,0.6177,0.37042,0.57608,114.88,76.469,-3839.7,62738
7.4734,0,-22.057,0.75576,-2.6608,-0.36833,0.62894,0.35097,0.58787,122.17,97.649,-3828,63490
7.4804,0,-22.027,0.66815,-2.6698,-0.34984,0.63956,0.33119,0.59907,117.89,76.366,-3838.6,61420
7.4875,0,-22.078,0.44053,-2.6813,-0.33102,0.64955,0.31111,0.60969,125.61,84.405,-3844.4,63621
7.4945,0,-22.109,0.27509,-2.6549,-0.3119,0.6589,0.29073,0.61971,117.65,86.043,-3837.1,61714
7.5015,0,-22.142,0.27565,-2.7033,-0.29248,0.66761,0.27009,0.62913,111.98,83.627,-3842.4,63517
7.5086,0,-22.046,-0.058616,-2.6748,-0.2728,0.67567,0.24921,0.63793,121.51,106.92,-3854.7,63891
7.5156,0,-22.025,-0.29939,-2.8275,-0.25286,0.68307,0.22809,0.64611,130.48,101.8,-3861.1,61187
7.5227,0,-22.302,-0.41157,-2.6649,-0.2327,0.6898,0.20678,0.65366,132.59,84.262,-3857.6,62604
7.5297,0,-22.253,-0.62106,-2.8652,-0.21232,0.69587,0.18528,0.66058,128.16,84.255,-3864.4,62957
7.5368,0,-22.174,-0.72121,-2.6195,-0.19175,0.70126,0.16361,0.66686,119.82,81.061,-3867.1,61523
7.5438,0,-22.443,-0.7542,-2.6683,-0.17101,0.70597,0.14181,0.67249,127.69,88.675,-3852.8,63538
7.5509,0,-22.031,-1.029,-2.5091,-0.15012,0.71001,0.11989,0.67748,143.66,96.823,-3854.3,62179
7.5579,0,-20.602,-1.3266,-2.2847,-0.1291,0.71336,0.097865,0.68181,121.56,112.84,-3884.9,62466
7.5649,0,-20.84,-1.3072,-2.2525,-0.10797,0.71603,0.075765,0.6855,123.06,98.916,-3867.7,61243
7.572,0,-20.781,-1.4295,-2.3276,-0.086749,0.71801,0.053609,0.68852,136.05,83.777,-3866,63386
7.579,0,-20.819,-1.5994,-1.8336,-0.065459,0.71931,0.031418,0.69088,127.28,96.353,-3862.2,61310
7.5861,0,-20.874,-1.8508,-2.0127,-0.04412,0.71992,0.0092123,0.69259,140.96,88.605,-3870.5,63057
7.5931,0,-20.784,-1.7186,-1.9085,-0.022753,0.71985,-0.012986,0.69364,133.37,112.34,-3879.1,61273
7.6002,0,-21.038,-1.7476,-1.8042,-0.0013769,0.71909,-0.035156,0.69402,142.1,87.741,-3886.7,63516
7.6072,0,-21.016,-2.0874,-1.6916,0.019987,0.71765,-0.057276,0.69375,140.9,79.006,-3886.2,63322
7.6142,0,-20.956,-2.0883,-1.5487,0.041318,0.71554,-0.079327,0.69282,146.83,104.56,-3891.7,64279
7.6213,0,-21.165,-2.2991,-1.3391,0.062596,0.71275,-0.10129,0.69124,129.79,103.64,-3880.4,62832
7.6283,0,-21.301,-2.226,-1.1438,0.083802,0.70928,-0.12314,0.68901,135.73,88.306,-3887.4,60907
7.6354,0,-21.05,-2.4627,-1.0997,0.10492,0.70516,-0.14485,0.68612,119.67,91.005,-3879.6,64785
7.6424,0,-21.225,-2.5342,-0.95636,0.12592,0.70037,-0.16642,0.68259,136.45,77.938,-3903.3,59909
7.6495,0,-21.345,-2.6904,-0.72356,0.14679,0.69492,-0.18781,0.67843,129.07,89.605,-3894.3,62577
7.6565,0,-21.202,-2.5048,-0.56494,0.16751,0.68883,-0.20901,0.67362,134.86,88.118,-3904,62545
7.6636,0,-20.788,-2.5507,-0.39615,0.18805,0.6821,-0.23001,0.66819,119.55,84.94,-3896.7,61830
7.6706,0,-20.337,-2.5466,-0.2548,0.20841,0.67473,-0.25077,0.66213,114.4,103.28,-3910.6,63100
7.6776,0,-19.815,-2.5136,-0.16376,0.22857,0.66673,-0.27128,0.65546,140.1,99.121,-3895.5,63189
7.6847,0,-19.719,-2.4446,0.19835,0.24849,0.65812,-0.29152,0.64818,122.56,98.309,-3919.4,62882
7.6917,0,-19.911,-2.4036,0.20867,0.26817,0.6489,-0.31148,0.6403,133.75,80.341,-3899.1,63432
7.6988,0,-19.928,-2.6099,0.26711,0.28759,0.63908,-0.33113,0.63183,124.35,93.326,-3909.1,62817
7.7058,0,-20.128,-2.6022,0.38528,0.30673,0.62868,-0.35047,0.62278,141.33,90.796,-3920.2,62486
7.7129,0,-20.077,-2.4384,0.65581,0.32557,0.6177,-0.36946,0.61315,121.4,83.63,-3914.6,62541
7.7199,0,-20.13,-2.3705,0.48112,0.3441,0.60615,-0.3881,0.60296,133.02,101.53,-3906.8,61369
7.7269,0,-20.225,-2.3792,0.87405,0.36229,0.59405,-0.40636,0.59222,130.47,110.41,-3931.1,59902
7.734,0,-20.279,-2.2404,1.0061,0.38014,0.5814,-0.42424,0.58094,126.34,111.94,-3920.9,62539
7.741,1,-20.099,-2.2695,1.2426,0.39763,0.56823,-0.44171,0.56912,131.86,92.65,-3911.2,61023
7.7481,0,-19.982,-2.3719,1.1793,0.41474,0.55454,-0.45876,0.55679,132.86,88.818,-3936.9,62706
7.7551,0,-20.168,-2.0182,1.5375,0.43146,0.54035,-0.47538,0.54395,121.18,78.321,-3918.6,61639
7.7622,0,-20.359,-2.0941,1.6815,0.44776,0.52567,-0.49154,0.53063,141.37,102.53,-3924.9,62934
7.7692,0,-20.478,-1.9814,1.6075,0.46365,0.51052,-0.50725,0.51682,127.63,97.035,-3945.9,62355
7.7762,0,-20.046,-1.888,1.6723,0.4791,0.49491,-0.52247,0.50254,129.31,99.502,-3920.4,60908
7.7833,0,-19.421,-1.6327,2.0738,0.49411,0.47885,-0.53721,0.48781,147.92,98.403,-3945.7,60251
7.7903,0,-18.688,-1.4645,1.7883,0.50865,0.46237,-0.55145,0.47265,115.66,78.322,-3938.3,62513
7.7974,0,-18.865,-1.3094,2.1402,0.52271,0.44548,-0.56517,0.45706,149.18,83.773,-3954.7,62573
7.8044,0,-18.857,-1.222,2.0854,0.5363,0.42819,-0.57836,0.44107,116.5,87.675,-3964.6,62877
7.8115,0,-18.687,-1.1446,2.0446,0.54938,0.41052,-0.59102,0.42468,137.91,97.727,-3951,60546
7.8185,0,-18.477,-0.95181,2.1421,0.56195,0.39249,-0.60313,0.40792,142.75,96.375,-3945.1,61001
7.8256,0,-18.474,-0.87201,2.054,0.57401,0.37411,-0.61468,0.39079,125.48,83.772,-3945.1,61631
7.8326,0,-18.447,-0.67036,2.2366,0.58554,0.35541,-0.62567,0.37332,132.85,87.092,-3962.8,61150
7.8396,0,-18.379,-0.65575,2.2107,0.59653,0.33639,-0.63608,0.35553,125.82,101.48,-3965.3,62399
7.8467,0,-18.245,-0.48731,2.3493,0.60697,0.31709,-0.6459,0.33742,134.61,88.423,-3954.6,61561
7.8537,0,-18.325,-0.1924,2.306,0.61686,0.29751,-0.65514,0.31902,132.7,90.81,-3965,62518
7.8608,0,-17.963,-0.1915,2.3893,0.62618,0.27767,-0.66377,0.30034,134.33,108.34,-3958.9,60955
7.8678,0,-18.094,-0.15842,2.4013,0.63494,0.2576,-0.6718,0.2814,135.94,88.527,-3952.6,62066
7.8749,0,-17.882,-0.013652,2.0744,0.64311,0.2373,-0.67922,0.26221,121.6,92.654,-3981.3,62073
7.8819,0,-17.945,0.27244,2.1848,0.6507,0.21681,-0.68602,0.24281,153.48,93.254,-3964.5,61789
7.8889,0,-17.866,0.21336,2.3286,0.65771,0.19614,-0.6922,0.22319,140.62,86.31,-3976.8,60774
7.896,0,-17.519,0.60033,2.1809,0.66411,0.1753,-0.69775,0.20339,127.86,94.431,-3987.7,62069
7.903,0,-17.334,0.53865,2.1548,0.66992,0.15432,-0.70267,0.18341,153.03,98.507,-3996.1,60368
7.9101,0,-17.735,0.66724,1.9979,0.67513,0.13321,-0.70696,0.16329,140.2,83.542,-3964.8,62532
7.9171,0,-18.283,0.91363,2.0467,0.67973,0.112,-0.71061,0.14302,147.29,88.856,-3982.9,61653
7.9242,0,-18.825,1.0603,2.1262,0.68371,0.090705,-0.71363,0.12265,152.96,94.073,-3969,60476
7.9312,0,-19.072,1.3102,1.9319,0.68709,0.069342,-0.71601,0.10217,142.46,72.252,-3971.5,62801
7.9383,0,-18.921,1.3643,1.9357,0.68985,0.047931,-0.71774,0.081615,133.65,95.933,-4007.9,63727
7.9453,0,-18.752,1.647,1.774,0.69199,0.026492,-0.71884,0.061,128.63,106.06,-4003.4,60362
7.9523,0,-18.529,1.4106,1.8174,0.69352,0.005043,-0.71929,0.040342,133.86,90.932,-3993.4,60819
7.9594,0,-18.481,1.6153,1.7192,0.69443,-0.016396,-0.71911,0.01966,140.48,97.489,-3999.9,63278
7.9664,0,-18.237,1.7998,1.4248,0.69472,-0.037806,-0.71828,-0.0010277,138.68,94.472,-3996.8,61623
7.9735,0,-18.175,1.7139,1.3128,0.6944,-0.059168,-0.71682,-0.021702,157.04,102.56,-3995.3,60343
7.9805,0,-18.084,1.6207,1.3303,0.69346,-0.080464,-0.71473,-0.042345,129.96,101.34,-3980.6,61424
7.9876,0,-17.893,1.9727,1.2116,0.69191,-0.10167,-0.71201,-0.062939,158.28,90.368,-4000.9,62789
7.9946,0,-17.857,1.9887,1.1486,0.68975,-0.12278,-0.70866,-0.083466,164.06,103.07,-4023.1,60920
8.0016,0,-17.861,1.918,1.02,0.68699,-0.14376,-0.70469,-0.10391,145.69,90.95,-4010.1,61410
8.0087,0,-17.592,1.9384,0.58876,0.68362,-0.16461,-0.7001,-0.12424,145.17,110.87,-4010.9,61119
8.0157,0,-17.422,1.98,0.61159,0.67965,-0.18529,-0.69489,-0.14446,136.96,101.37,-4030,62746
8.0228,0,-17.204,2.1239,0.74835,0.67508,-0.2058,-0.68908,-0.16454,131.73,113.38,-4023.9,60716
8.0298,0,-16.841,2.1879,0.44072,0.66993,-0.22612,-0.68267,-0.18446,118.75,79.146,-4013.6,62876
8.0369,0,-16.735,1.9676,0.18384,0.66419,-0.24622,-0.67567,-0.20421,148.15,105.51,-4000.4,61480
8.0439,0,-16.749,1.872,0.018387,0.65787,-0.26609,-0.66807,-0.22377,139.22,110.5,-4020.4,60593
8.051,0,-16.599,2.0653,-0.03012,0.65099,-0.28572,-0.6599,-0.24312,139.64,108.7,-4019.5,61807
8.058,0,-16.387,2.2346,-0.075513,0.64353,-0.30509,-0.65116,-0.26225,126.76,97.038,-4030.2,60653
8.065,0,-16.549,1.9537,-0.277,0.63552,-0.32418,-0.64186,-0.28114,147.29,110.31,-4011.8,61446
8.0721,0,-16.602,2.0768,-0.13371,0.62696,-0.34297,-0.632,-0.29977,135.89,104.21,-4024.6,60775
8.0791,0,-16.337,2.0947,-0.38087,0.61786,-0.36145,-0.6216,-0.31813,143.1,79.409,-4021,60957
8.0862,0,-16.7,2.0349,-0.427,0.60823,-0.37961,-0.61067,-0.3362,127.93,95.894,-4052.1,62743
8.0932,0,-16.357,1.9111,-0.58269,0.59808,-0.39742,-0.59921,-0.35398,137.52,96.933,-4045.1,61613
8.1003,0,-16.513,2.1074,-0.83812,0.58741,-0.41488,-0.58724,-0.37143,135.77,86.586,-4042.8,62216
8.1073,0,-16.42,1.9965,-0.92705,0.57624,-0.43197,-0.57477,-0.38856,153.95,77.781,-4042.4,60588
8.1143,0,-16.275,1.8075,-0.83733,0.56458,-0.44868,-0.56182,-0.40533,132.37,89.064,-4042.5,60010
8.1214,0,-16.333,1.7756,-1.1653,0.55244,-0.46499,-0.54838,-0.42175,128.92,85.645,-4043.5,61365
8.1284,0,-16.468,1.7932,-1.3224,0.53983,-0.48088,-0.53448,-0.4378,139.93,77.438,-4037.1,60756
8.1355,0,-16.48,1.647,-1.1854,0.52676,-0.49635,-0.52013,-0.45346,124.02,82.35,-4061.2,59943
8.1425,0,-16.472,1.423,-1.423,0.51324,-0.51139,-0.50534,-0.46872,147.52,93.259,-4046.3,60399
8.1496,0,-16.196,1.4383,-1.4373,0.4993,-0.52597,-0.49012,-0.48357,137.48,87.656,-4037,63865
8.1566,0,-16.183,1.2059,-1.5566,0.48493,-0.5401,-0.4745,-0.49799,152.47,89.291,-4071.9,62615
8.1637,0,-16.033,1.4235,-1.6686,0.47015,-0.55375,-0.45847,-0.51198,148.63,97.396,-4064.8,60886
8.1707,0,-15.749,1.1609,-1.6231,0.45498,-0.56692,-0.44207,-0.52553,129.34,118.2,-4053.4,61942
8.1777,0,-15.806,0.85414,-1.5631,0.43942,-0.57959,-0.42529,-0.53862,135.64,117.97,-4065.2,61118
8.1848,0,-15.727,0.88395,-1.6317,0.4235,-0.59176,-0.40816,-0.55124,129.65,86.796,-4065.1,62125
8.1918,0,-15.923,0.8061,-1.6878,0.40723,-0.60342,-0.3907,-0.56338,130.78,85.733,-4078.4,60920
8.1989,0,-15.863,0.56653,-1.849,0.39062,-0.61456,-0.37291,-0.57504,139.08,99.035,-4059.6,61397
8.2059,0,-15.797,0.51178,-1.9383,0.37369,-0.62517,-0.35482,-0.5862,153.59,99.037,-4051.3,59931
8.213,0,-15.812,0.50567,-1.9408,0.35645,-0.63524,-0.33643,-0.59685,147.06,99.856,-4056.5,60523
8.22,0,-15.873,0.36419,-1.7911,0.33892,-0.64476,-0.31777,-0.60699,151.52,104.54,-4084.4,60872
8.227,0,-15.596,0.15397,-2.0569,0.3211,-0.65373,-0.29886,-0.61662,136.94,105.51,-4069.4,60216
8.2341,0,-15.721,-0.084662,-1.9278,0.30303,-0.66214,-0.2797,-0.62571,133.31,104.72,-4069.7,61086
8.2411,0,-15.639,0.098619,-2.1345,0.28471,-0.66998,-0.26031,-0.63427,141.06,87.3,-4075.2,59756
8.2482,0,-15.783,-0.024102,-1.8592,0.26616,-0.67725,-0.24072,-0.64229,152.15,119.27,-4085.9,59466
8.2552,0,-15.756,-0.038401,-1.8741,0.24739,-0.68395,-0.22094,-0.64977,139.95,96.269,-4083.3,61687
8.2623,0,-15.501,-0.51286,-1.965,0.22843,-0.69006,-0.20098,-0.65669,151.08,103.9,-4083.9,60171
8.2693,0,-15.78,-0.41162,-1.907,0.20928,-0.69559,-0.18087,-0.66305,148.26,113.83,-4082.8,61523
8.2764,0,-15.545,-0.61857,-1.8724,0.18997,-0.70053,-0.16061,-0.66886,139.44,106.38,-4077.5,59513
8.2834,0,-15.598,-0.67778,-1.9065,0.17051,-0.70488,-0.14024,-0.6741,133.33,88.191,-4105.7,60682
8.2904,0,-15.346,-0.74655,-1.855,0.15092,-0.70863,-0.11976,-0.67877,136.64,102.15,-4091.2,60142
8.2975,0,-15.212,-0.80533,-1.7983,0.13121,-0.71179,-0.099188,-0.68286,141.07,113.4,-4094.4,61202
8.3045,0,-15.193,-0.92062,-1.6778,0.1114,-0.71435,-0.078549,-0.68639,139.2,106.72,-4097.4,61033
8.3116,0,-15.227,-1.1852,-1.5157,0.091508,-0.7163,-0.057857,-0.68934,132.88,94.389,-4100.5,59406
8.3186,0,-15.132,-1.1857,-1.6569,0.071552,-0.71766,-0.037129,-0.69171,125.42,98.809,-4103.1,62090
8.3257,0,-14.974,-1.2629,-1.3752,0.051546,-0.71842,-0.016383,-0.6935,148.24,94.314,-4097.3,60017
8.3327,0,-15.181,-1.2866,-1.5347,0.031508,-0.71858,0.0043634,-0.69472,152.25,92.585,-4115.8,61177
8.3397,0,-15.158,-1.4865,-1.2907,0.011455,-0.71814,0.025093,-0.69535,141.11,102.14,-4118.6,61980
8.3468,0,-15.152,-1.4595,-1.3114,-0.008597,-0.7171,0.04579,-0.69541,145.46,96.928,-4107.9,60922
8.3538,0,-15.09,-1.6727,-1.1788,-0.028631,-0.71547,0.066435,-0.69489,154.8,111.87,-4103.8,59218
8.3609,0,-14.882,-1.7672,-1.1097,-0.048631,-0.71325,0.087013,-0.69379,146.98,101.72,-4115.7,59736
8.3679,0,-14.999,-1.6408,-0.94958,-0.06858,-0.71043,0.10751,-0.69212,167.99,92.884,-4129.5,59343
8.375,0,-15.16,-1.815,-0.87133,-0.088462,-0.70703,0.1279,-0.68987,147.43,91.078,-4130.8,61143
8.382,0,-15.024,-1.5862,-0.65546,-0.10826,-0.70304,0.14817,-0.68706,137.48,107.75,-4134.3,60383
8.3891,0,-15.16,-1.8455,-0.62563,-0.12796,-0.69848,0.16831,-0.68368,146.12,91.273,-4123.1,59171
8.3961,0,-15.042,-1.7515,-0.59719,-0.14754,-0.69335,0.18829,-0.67974,138.25,82.543,-4136.1,62576
8.4031,0,-15.063,-1.9297,-0.5039,-0.16699,-0.68764,0.20811,-0.67524,156.04,86.947,-4122.5,60237
8.4102,0,-14.908,-1.7858,-0.35747,-0.18629,-0.68137,0.22775,-0.67019,131.31,106.01,-4140.2,62163
8.4172,0,-14.922,-1.7973,-0.08313,-0.20543,-0.67455,0.24718,-0.66459,136.93,104.27,-4146,59471
8.4243,0,-15.029,-1.8684,-0.095531,-0.22439,-0.66718,0.26641,-0.65845,129.26,106.16,-4140.7,56958
8.4313,0,-15.12,-1.7149,0.096689,-0.24316,-0.65926,0.2854,-0.65176,156.44,91.443,-4147.2,60230
8.4384,0,-15.053,-2.0411,0.21935,-0.26171,-0.65081,0.30414,-0.64455,130.07,115.94,-4142.3,60466
8.4454,1,-14.473,-1.7034,0.12272,-0.28004,-0.64183,0.32263,-0.63682,147.54,113.44,-4138.1,59948
8.4524,0,-14.602,-1.7993,0.23288,-0.29814,-0.63233,0.34084,-0.62857,152.53,116.45,-4145.9,60282
8.4595,0,-14.664,-1.8747,0.3876,-0.31598,-0.62233,0.35876,-0.61981,154.24,82.656,-4143.5,60377
8.4665,0,-14.589,-1.6265,0.48176,-0.33355,-0.61182,0.37637,-0.61055,140.22,98.855,-4153.5,59498
8.4736,0,-14.748,-1.6891,0.56081,-0.35084,-0.60081,0.39367,-0.60079,159.71,97.048,-4146.1,60617
8.4806,0,-14.515,-1.7423,0.52376,-0.36784,-0.58933,0.41064,-0.59056,135.34,96.604,-4143.6,59189
8.4877,0,-14.671,-1.5406,0.69676,-0.38453,-0.57737,0.42727,-0.57984,149.09,105.92,-4149.4,60602
8.4947,0,-14.447,-1.6437,0.78004,-0.4009,-0.56496,0.44353,-0.56867,149.56,103.42,-4166.4,61827
8.5018,0,-14.582,-1.6505,0.94619,-0.41694,-0.55209,0.45943,-0.55703,137.29,88.162,-4152.5,61024
8.5088,0,-14.656,-1.6023,0.99215,-0.43262,-0.53878,0.47495,-0.54496,146.37,103.6,-4165.8,61266
8.5158,0,-14.617,-1.4044,1.1106,-0.44795,-0.52505,0.49007,-0.53244,125.23,102.41,-4150.7,59664
8.5229,0,-14.667,-1.4936,1.1285,-0.46291,-0.51089,0.50479,-0.51951,161.83,117.8,-4162.1,60558
8.5299,0,-14.627,-1.4019,1.3178,-0.47749,-0.49634,0.51909,-0.50616,136.03,84.68,-4182.6,60159
8.537,0,-14.604,-1.1092,1.5203,-0.49168,-0.48139,0.53296,-0.49241,160.42,105.05,-4158,59880
8.544,0,-14.472,-1.2858,1.1956,-0.50546,-0.46607,0.54639,-0.47827,144.23,117.03,-4169.3,61991
8.5511,0,-14.385,-0.96302,1.5717,-0.51883,-0.45037,0.55938,-0.46376,137.26,108.46,-4190.5,58923
8.5581,0,-14.472,-1.1218,1.3366,-0.53177,-0.43433,0.57191,-0.44888,148,83.744,-4169.6,60747
8.5651,0,-14.548,-0.81271,1.5954,-0.54428,-0.41795,0.58398,-0.43364,134.72,108.96,-4195.2,58807
8.5722,0,-14.737,-0.83401,1.787,-0.55635,-0.40124,0.59556,-0.41807,136.84,105.19,-4203.5,62016
8.5792,0,-14.949,-0.68399,1.6677,-0.56797,-0.38422,0.60667,-0.40217,162.35,108.49,-4188.2,59832
8.5863,0,-15.469,-0.72556,1.7161,-0.57912,-0.3669,0.61728,-0.38596,131.99,94.732,-4193.1,60217
8.5933,0,-15.63,-0.61257,1.8396,-0.58981,-0.34931,0.62739,-0.36945,149.89,102.6,-4186.3,58908
8.6004,0,-15.542,-0.36349,2.0007,-0.60002,-0.33144,0.637,-0.35265,146.77,118.31,-4181.8,60855
8.6074,0,-15.335,-0.39966,1.8304,-0.60975,-0.31332,0.64609,-0.33558,140.58,107.29,-4178.7,59902
8.6145,0,-15.184,-0.12846,1.9388,-0.61898,-0.29496,0.65466,-0.31825,158.63,85.551,-4189.6,60592
8.6215,0,-15.019,-0.17009,1.8422,-0.62772,-0.27638,0.6627,-0.30068,128.35,110.23,-4215.8,60739
8.6285,0,-15.042,0.034594,1.8751,-0.63596,-0.25758,0.67022,-0.28288,153.23,112.8,-4189.8,59854
8.6356,0,-14.904,0.12384,1.904,-0.64368,-0.2386,0.67719,-0.26486,168.29,104.79,-4202.5,58200
8.6426,0,-14.782,0.10603,1.8319,-0.6509,-0.21944,0.68363,-0.24665,174.17,98.294,-4193.8,61601
8.6497,0,-14.836,0.24501,1.9217,-0.65759,-0.20012,0.68952,-0.22825,156.66,106.93,-4208.3,59141
8.6567,0,-14.801,0.48739,1.8591,-0.66376,-0.18065,0.69486,-0.20967,140.78,99.269,-4202.3,60301
8.6638,0,-14.652,0.45296,1.8068,-0.6694,-0.16105,0.69965,-0.19095,129.65,102.55,-4206.9,57627
8.6708,0,-14.542,0.74094,1.7205,-0.67451,-0.14133,0.70388,-0.17208,157.09,107.74,-4200.2,59174
8.6778,0,-14.301,0.62921,1.6816,-0.67909,-0.12152,0.70756,-0.15308,149.35,117.43,-4209.6,60705
8.6849,0,-14.434,0.80962,1.738,-0.68313,-0.10162,0.71067,-0.13398,154.96,123.07,-4199.8,57246
8.6919,0,-14.375,0.96592,1.7153,-0.68663,-0.081653,0.71323,-0.11478,158.31,116.25,-4207.4,61297
8.699,0,-14.155,1.029,1.6835,-0.68959,-0.061635,0.71522,-0.095502,142.77,118.56,-4225.5,62041
8.706,0,-14.104,1.0708,1.3672,-0.69201,-0.041581,0.71665,-0.076159,155.78,112.32,-4236.3,60156
8.7131,0,-13.631,1.0006,1.4397,-0.69389,-0.021507,0.71752,-0.056766,162.63,109.64,-4217.6,60686
8.7201,0,-13.701,1.1823,1.2621,-0.69522,-0.0014283,0.71783,-0.037339,161.28,116.53,-4218.3,59637
8.7271,0,-14.01,1.207,1.224,-0.696,0.018639,0.71757,-0.017894,147.3,119.88,-4214.4,59794
8.7342,0,-14.277,1.2712,1.3068,-0.69625,0.03868,0.71676,0.0015554,151.56,111.89,-4248.4,61408
8.7412,0,-14.669,1.3669,1.1794,-0.69595,0.058678,0.71538,0.020993,155.79,117.47,-4240.4,59034
8.7483,0,-14.738,1.6399,1.1612,-0.69511,0.078618,0.71345,0.040404,146.37,105.91,-4244.8,60369
8.7553,0,-14.917,1.4396,0.98759,-0.69372,0.098485,0.71097,0.059774,166.98,104.41,-4251.2,61790
8.7624,0,-14.903,1.5383,1.0601,-0.6918,0.11826,0.70793,0.079086,150.69,128.11,-4232.3,60832
8.7694,0,-14.518,1.6499,0.73053,-0.68935,0.13794,0.70435,0.098327,143.05,82.84,-4226.9,59728
8.7765,0,-14.339,1.6232,0.65195,-0.68636,0.15749,0.70022,0.11748,169.28,122.68,-4239.6,58995
8.7835,0,-14.551,1.8035,0.53981,-0.68284,0.17691,0.69555,0.13654,158.12,116.2,-4236,59447
8.7905,0,-14.56,1.6814,0.64479,-0.67879,0.19618,0.69035,0.15547,139.28,97.486,-4226.3,59777
8.7976,0,-14.268,1.7588,0.28435,-0.67423,0.21529,0.68461,0.17428,132.93,97.615,-4250,57644
8.8046,0,-14.433,1.6377,0.33213,-0.66914,0.23422,0.67835,0.19294,153.55,98.877,-4225,58307
8.8117,0,-14.319,1.7692,0.3996,-0.66354,0.25296,0.67158,0.21145,134.45,119.94,-4254.2,59838
8.8187,0,-14.098,1.7078,0.088821,-0.65743,0.27149,0.66428,0.22978,175.09,104.53,-4256.3,59970
8.8258,0,-14.169,1.7259,-0.01055,-0.65082,0.2898,0.65649,0.24792,150.38,107.87,-4263.3,58430
8.8328,0,-14.042,1.7135,-0.22966,-0.64372,0.30788,0.64819,0.26587,150.12,102.53,-4253.8,58987
8.8398,0,-13.655,1.8426,-0.067763,-0.63612,0.32571,0.6394,0.2836,149.11,103.97,-4256,59351
8.8469,0,-13.618,1.7541,-0.35937,-0.62804,0.34328,0.63012,0.30111,146.05,103.42,-4269.2,61456
8.8539,0,-13.467,1.5803,-0.44721,-0.61949,0.36058,0.62037,0.31837,150.11,121.32,-4266.5,59594
8.861,0,-13.294,1.5064,-0.35813,-0.61046,0.37759,0.61015,0.33538,142.36,105.2,-4266.7,59041
8.868,0,-13.498,1.5631,-0.62693,-0.60097,0.3943,0.59947,0.35213,157.73,103.33,-4254.2,60390
8.8751,0,-13.91,1.604,-0.70057,-0.59103,0.4107,0.58834,0.3686,143.64,92.959,-4265.3,57986
8.8821,0,-14.553,1.5605,-0.65795,-0.58065,0.42677,0.57677,0.38478,168.67,101.52,-4268,59010
8.8892,0,-14.651,1.4139,-0.86094,-0.56982,0.44251,0.56476,0.40066,161.62,99.439,-4272.2,59728
8.8962,0,-14.486,1.5375,-0.90325,-0.55857,0.45791,0.55233,0.41622,155.18,94.814,-4267.7,60234
8.9032,0,-14.331,1.4492,-1.0383,-0.54691,0.47295,0.53949,0.43147,148.06,108.32,-4267.1,58585
8.9103,0,-14.258,1.4847,-1.0775,-0.53483,0.48762,0.52625,0.44637,162.44,111.84,-4302.7,60873
8.9173,0,-14.178,1.2986,-1.0486,-0.52235,0.50191,0.51262,0.46093,154.01,101.66,-4281.6,59479
8.9244,0,-14.256,1.1256,-1.0932,-0.50949,0.51581,0.49861,0.47513,165.3,95.881,-4300.4,59446
8.9314,0,-14.066,1.2684,-1.2062,-0.49624,0.52931,0.48423,0.48897,168.25,94.595,-4266.3,59376
8.9385,0,-13.992,1.1423,-1.2094,-0.48263,0.54241,0.46949,0.50243,159.69,119.98,-4292.8,57911
8.9455,0,-13.876,1.0387,-1.4446,-0.46866,0.55509,0.45441,0.5155,157.94,115.71,-4292.8,59402
8.9525,0,-13.736,0.8195,-1.5129,-0.45435,0.56734,0.43899,0.52818,158.26,102.54,-4272.9,59456
8.9596,0,-13.711,1.0198,-1.5019,-0.4397,0.57916,0.42326,0.54045,157.46,95.352,-4316.7,59867
8.9666,0,-13.759,0.91087,-1.6354,-0.42473,0.59053,0.40721,0.55232,164.16,117,-4301.1,59146
8.9737,0,-13.676,0.59271,-1.5267,-0.40945,0.60146,0.39087,0.56375,156.02,126.27,-4300.8,59747
8.9807,0,-13.53,0.61893,-1.5452,-0.39387,0.61193,0.37425,0.57477,164.93,121.92,-4305.1,59565
8.9878,0,-13.327,0.42068,-1.5618,-0.378,0.62193,0.35735,0.58534,157.45,117.62,-4309.2,59826
8.9948,0,-13.211,0.44344,-1.762,-0.36186,0.63146,0.3402,0.59547,154.97,109.79,-4300.5,61177
9.0019,0,-13.159,0.38481,-1.539,-0.34545,0.64051,0.3228,0.60515,156.08,95.967,-4321.3,60816
9.0089,0,-13.035,0.04038,-1.4987,-0.3288,0.64908,0.30518,0.61437,150.61,112.56,-4305,59346
9.0159,0,-13.317,0.19073,-1.5206,-0.31191,0.65716,0.28733,0.62313,154.32,116.59,-4295.8,58902
9.023,0,-13.613,0.050794,-1.7975,-0.2948,0.66474,0.26929,0.63143,154,95.209,-4325.3,60355
9.03,0,-13.846,-0.045828,-1.6329,-0.27747,0.67183,0.25105,0.63924,164.3,126.92,-4316.2,59458
9.0371,0,-14.153,-0.12391,-1.7439,-0.25995,0.67841,0.23264,0.64658,169.88,116.52,-4301.9,59500
9.0441,0,-13.939,-0.041127,-1.6332,-0.24225,0.68448,0.21406,0.65344,158.68,108.04,-4317.8,59555
9.0512,0,-14.113,-0.32009,-1.5934,-0.22437,0.69004,0.19534,0.6598,141.55,105.4,-4314.4,58766
9.0582,0,-13.927,-0.29458,-1.6667,-0.20634,0.69509,0.17649,0.66568,160.05,104.68,-4343.5,59134
9.0652,0,-13.874,-0.41503,-1.5183,-0.18816,0.69962,0.15751,0.67105,147.64,107.18,-4327.4,59798
9.0723,0,-13.636,-0.59012,-1.657,-0.16986,0.70363,0.13844,0.67593,153.73,96.297,-4326.7,57992
9.0793,0,-13.66,-0.62148,-1.7261,-0.15144,0.70712,0.11927,0.68031,162.81,112.65,-4343.8,58361
9.0864,0,-13.554,-0.79301,-1.6245,-0.13292,0.71008,0.10002,0.68419,150.88,114.73,-4331.3,59695
9.0934,0,-13.555,-0.84933,-1.5653,-0.11431,0.71252,0.080714,0.68755,162.54,110.53,-4332.7,58010
9.1005,0,-13.345,-0.84458,-1.542,-0.095624,0.71444,0.061359,0.69042,150.5,117.84,-4322.8,58933
9.1075,0,-13.447,-0.90884,-1.2704,-0.076879,0.71582,0.04197,0.69277,174.1,118.03,-4340.1,59942
9.1146,0,-13.288,-1.0625,-1.2067,-0.058088,0.71668,0.022563,0.69461,153.02,135.71,-4340.7,59722
9.1216,0,-13.116,-1.2096,-1.3173,-0.039264,0.71702,0.0031503,0.69594,147.64,118.88,-4342.5,59251
9.1286,0,-12.969,-1.3269,-1.3126,-0.020422,0.71683,-0.016252,0.69676,152.91,121.25,-4359.4,58195
9.1357,0,-12.926,-1.2302,-1.2433,-0.0015739,0.71611,-0.035632,0.69708,139.55,100.05,-4355.6,58617
9.1427,0,-13.047,-1.2108,-1.0079,0.017265,0.71487,-0.054973,0.69688,160.27,108.96,-4360.9,58412
9.1498,1,-12.536,-1.4478,-0.89487,0.036081,0.71311,-0.074262,0.69617,163.91,121.24,-4363.6,59301
9.1568,0,-12.819,-1.5346,-0.80418,0.054862,0.71083,-0.093486,0.69496,162.65,109.13,-4356.8,58082
9.1639,0,-12.673,-1.3653,-0.72718,0.073592,0.70804,-0.11263,0.69324,162,112.14,-4355.9,59432
9.1709,0,-13.081,-1.4654,-0.62418,0.092259,0.70473,-0.13168,0.69102,153.45,107.11,-4376,59019
9.1779,0,-13.576,-1.4861,-0.65247,0.11085,0.70091,-0.15062,0.6883,152.94,103.33,-4361.4,58618
9.185,0,-13.666,-1.5315,-0.71913,0.12935,0.69658,-0.16945,0.68508,165.7,117.33,-4343.1,58629
9.192,0,-13.884,-1.6447,-0.54103,0.14775,0.69175,-0.18813,0.68136,168.36,107.21,-4368.8,58472
9.1991,0,-13.673,-1.4751,-0.53336,0.16603,0.68643,-0.20667,0.67715,161.38,111.24,-4348.5,58631
9.2061,0,-13.55,-1.6376,-0.30048,0.18418,0.68061,-0.22505,0.67246,153.11,123.5,-4379,58377
9.2132,0,-13.416,-1.5985,-0.2221,0.20219,0.6743,-0.24326,0.66728,143.86,97.437,-4364.8,60126
9.2202,0,-13.373,-1.6064,-0.081601,0.22004,0.66751,-0.26128,0.66163,168.79,115.61,-4364.2,57228
9.2273,0,-13.275,-1.6219,-0.036309,0.23772,0.66024,-0.2791,0.6555,160.64,108.52,-4369.8,58216
9.2343,0,-13.228,-1.6093,-0.08239,0.25523,0.6525,-0.29671,0.6489,172.77,124.77,-4384.1,59949
9.2413,0,-13.327,-1.7412,0.0057221,0.27254,0.64429,-0.31409,0.64184,186.83,99.084,-4374.6,58154
9.2484,0,-13.169,-1.6614,0.33778,0.28965,0.63563,-0.33124,0.63432,147.32,109.81,-4378,59330
9.2554,0,-13.094,-1.6003,0.45366,0.30654,0.62652,-0.34814,0.62635,177.69,94.925,-4377.6,56831
9.2625,0,-13.077,-1.4903,0.44328,0.3232,0.61696,-0.36478,0.61793,151.27,99.292,-4378.4,60809
9.2695,0,-13.06,-1.5159,0.24447,0.33962,0.60697,-0.38114,0.60908,166.48,92.142,-4372.8,59021
9.2766,0,-12.803,-1.5392,0.63133,0.35579,0.59655,-0.39723,0.59979,163.36,105.86,-4400.1,59594
9.2836,0,-13.018,-1.6633,0.57683,0.3717,0.58571,-0.41302,0.59009,146.61,104.74,-4378.4,57791
9.2906,0,-12.892,-1.4749,0.50142,0.38733,0.57445,-0.42851,0.57996,162.74,103.2,-4383.8,57262
9.2977,0,-12.886,-1.425,0.84636,0.40268,0.5628,-0.44368,0.56943,149.24,120.59,-4392.4,59142
9.3047,0,-12.77,-1.3239,0.89749,0.41774,0.55075,-0.45853,0.5585,161.6,108.79,-4391.6,58153
9.3118,0,-12.485,-1.3555,1.0421,0.43249,0.53832,-0.47304,0.54718,159.03,124.97,-4383.4,58316
9.3188,0,-12.563,-1.2623,1.0812,0.44692,0.52551,-0.48721,0.53547,147.6,128.43,-4388,58550
9.3259,0,-12.436,-1.0943,0.85992,0.46103,0.51234,-0.50102,0.52339,160.94,121.1,-4395.6,58403
9.3329,0,-12.249,-1.0652,1.225,0.47481,0.49881,-0.51447,0.51095,168.04,102.07,-4387.4,58185
9.34,0,-12.221,-1.0502,1.072,0.48824,0.48493,-0.52755,0.49815,172.55,123.39,-4405.1,57720
9.347,0,-12.378,-1.1396,1.0218,0.50133,0.47073,-0.54024,0.485,148.76,115.98,-4410,57701
9.354,0,-12.123,-0.92286,1.244,0.51405,0.45619,-0.55255,0.47152,149.12,108.67,-4408.6,58306
9.3611,0,-12.483,-0.70994,1.3513,0.5264,0.44135,-0.56446,0.45771,162.38,111.92,-4411.3,58288
9.3681,0,-12.514,-0.74647,1.3419,0.53837,0.4262,-0.57596,0.44359,162.96,117.33,-4424.8,57212
9.3752,0,-12.383,-0.81283,1.5293,0.54996,0.41076,-0.58706,0.42917,174.61,114.31,-4391.9,58376
9.3822,0,-12.395,-0.69958,1.5275,0.56116,0.39505,-0.59773,0.41444,159.41,116.15,-4414.6,58586
9.3893,0,-12.592,-0.52236,1.3794,0.57195,0.37906,-0.60797,0.39944,158.63,123.76,-4404,58347
9.3963,0,-12.531,-0.62707,1.3873,0.58234,0.36282,-0.61779,0.38416,147.85,116.32,-4401.4,57947
9.4033,0,-12.649,-0.40721,1.6536,0.59232,0.34633,-0.62716,0.36862,181.38,119.13,-4394,57578
9.4104,0,-12.501,-0.25655,1.5199,0.60187,0.32961,-0.63609,0.35284,150.5,111.94,-4409.8,58824
9.4174,0,-12.862,-0.31153,1.373,0.611,0.31267,-0.64457,0.33681,156.08,120.57,-4435.5,57200
9.4245,0,-12.766,-0.059295,1.5069,0.6197,0.29552,-0.6526,0.32055,161.18,106.05,-4427.5,59302
9.4315,0,-12.768,-0.11389,1.648,0.62797,0.27818,-0.66016,0.30408,151.95,105.29,-4429.2,58844
9.4386,0,-12.749,-0.033573,1.513,0.63579,0.26065,-0.66726,0.28741,144.58,101.8,-4427.6,58960
9.4456,0,-12.873,-0.0038659,1.5031,0.64316,0.24295,-0.67389,0.27055,172.26,106.17,-4442,58652
9.4527,0,-12.891,0.28486,1.5677,0.65008,0.22509,-0.68005,0.2535,164.21,103.46,-4426.4,58152
9.4597,0,-13.028,0.19824,1.5344,0.65655,0.20709,-0.68573,0.23629,183.04,99.755,-4435.2,58778
9.4667,0,-13.002,0.41081,1.5201,0.66256,0.18895,-0.69093,0.21893,166.88,112.3,-4431.9,57876
9.4738,0,-12.694,0.55478,1.493,0.66811,0.1707,-0.69565,0.20142,180.1,140.42,-4450.9,57706
9.4808,0,-12.51,0.60795,1.573,0.67319,0.15233,-0.69989,0.18378,178.65,109.79,-4445.1,59511
9.4879,0,-12.547,0.33122,1.3778,0.6778,0.13387,-0.70364,0.16602,166.49,117.16,-4439.2,59236
9.4949,0,-12.22,0.6511,1.5174,0.68194,0.11534,-0.7069,0.14816,164.71,117.08,-4457.4,56853
9.502,0,-11.961,0.55717,1.4221,0.68561,0.096729,-0.70967,0.1302,169.38,108.61,-4451.5,57369
9.509,0,-12.241,0.75355,1.2929,0.68881,0.078066,-0.71195,0.11217,156.6,109,-4453.1,57116
9.516,0,-12.137,0.92739,1.1442,0.69153,0.059361,-0.71374,0.094066,154.17,110.53,-4438.6,58007
9.5231,0,-12.254,0.99547,1.2936,0.69377,0.040626,-0.71503,0.075907,158.08,96.982,-4448.6,58075
9.5301,0,-12.205,0.91328,1.2691,0.69554,0.021874,-0.71584,0.057706,174.83,129.3,-4455.9,58044
9.5372,0,-12.201,1.0153,1.1804,0.69682,0.0031192,-0.71615,0.039474,178.83,106.06,-4461.2,56037
9.5442,0,-12.192,1.2492,0.90505,0.69763,-0.015627,-0.71597,0.021224,162.98,111.07,-4450.1,58890
9.5513,0,-12.388,1.2174,0.9698,0.69796,-0.03435,-0.7153,0.0029696,154.5,118.27,-4463.9,58095
9.5583,0,-12.403,1.2298,0.85193,0.69782,-0.053039,-0.71415,-0.015278,172.97,122.92,-4458.8,58802
9.5654,0,-12.355,1.2182,1.2138,0.69719,-0.07168,-0.7125,-0.033506,145.45,119.86,-4484,58568
9.5724,0,-12.512,1.3939,0.82889,0.6961,-0.09026,-0.71037,-0.051702,176.48,121.15,-4455.9,57886
9.5794,0,-12.454,1.5378,0.74004,0.69452,-0.10877,-0.70776,-0.069854,175.02,114.91,-4491.9,59252
9.5865,0,-12.412,1.3284,0.78909,0.69248,-0.12719,-0.70467,-0.08795,167.7,119.75,-4446.2,56502
9.5935,0,-12.68,1.5481,0.49638,0.68997,-0.14551,-0.7011,-0.10598,169.26,112.01,-4473.3,55814
9.6006,0,-12.55,1.3953,0.74524,0.68698,-0.16373,-0.69706,-0.12392,176.38,129.68,-4466.5,59236
9.6076,0,-12.632,1.537,0.54836,0.68354,-0.18182,-0.69254,-0.14177,172.17,125.61,-4467,56864
9.6147,0,-12.431,1.5394,0.32537,0.67963,-0.19977,-0.68757,-0.15952,172.82,115.26,-4469.9,58362
9.6217,0,-12.803,1.5058,0.18619,0.67526,-0.21758,-0.68212,-0.17715,163.97,139.96,-4486.7,57765
9.6287,0,-12.554,1.7595,0.28572,0.67044,-0.23524,-0.67623,-0.19466,166.61,110.73,-4511.9,55209
9.6358,0,-12.515,1.699,0.030911,0.66517,-0.25272,-0.66987,-0.21202,172.3,108.11,-4465.7,58076
9.6428,0,-12.008,1.4493,0.061905,0.65945,-0.27002,-0.66308,-0.22923,173.15,126.26,-4477,57870
9.6499,0,-11.641,1.3275,0.1065,0.65329,-0.28713,-0.65583,-0.24628,179.03,120.26,-4485.5,57895
9.6569,0,-11.757,1.398,0.052864,0.64669,-0.30403,-0.64816,-0.26315,168.05,109.01,-4485.5,57831
9.664,0,-11.855,1.4696,-0.10411,0.63966,-0.32072,-0.64005,-0.27984,154.29,98.411,-4480.7,57773
9.671,0,-11.863,1.4291,-0.193,0.63221,-0.33718,-0.63152,-0.29633,169.26,122.71,-4489.4,57371
9.678,0,-12.041,1.6769,-0.44839,0.62433,-0.35341,-0.62256,-0.31262,158.58,123.88,-4515,58635
9.6851,0,-12.007,1.3567,-0.27871,0.61604,-0.36939,-0.6132,-0.32868,193.53,127.76,-4507.2,57804
9.6921,0,-11.936,1.3965,-0.42628,0.60733,-0.38512,-0.60344,-0.34452,162.27,135.36,-4519.4,57739
9.6992,0,-12.04,1.4144,-0.62548,0.59823,-0.40057,-0.59327,-0.36012,155.14,110.14,-4493.4,57929
9.7062,0,-12.055,1.3919,-0.61445,0.58873,-0.41575,-0.58272,-0.37547,182.41,108.29,-4519.2,58245
9.7133,0,-12.074,1.3638,-0.80102,0.57885,-0.43065,-0.57179,-0.39057,170.19,113.57,-4500.2,58663
9.7203,0,-12.022,1.3313,-0.8206,0.56858,-0.44524,-0.56048,-0.40539,173.72,123.03,-4511.9,57380
9.7274,0,-12.07,1.1412,-1.0028,0.55793,-0.45954,-0.54881,-0.41994,150.02,138.06,-4482,57358
9.7344,0,-11.922,1.2982,-0.83779,0.54693,-0.47352,-0.53677,-0.4342,163.86,115.04,-4496.2,58845
9.7414,0,-12.064,1.008,-0.86605,0.53556,-0.48717,-0.52439,-0.44816,158.99,122.15,-4499.6,56222
9.7485,0,-12.205,1.174,-0.84307,0.52384,-0.5005,-0.51167,-0.46182,184.41,108.01,-4511.5,58649
9.7555,0,-11.936,1.1515,-0.99721,0.51179,-0.51349,-0.49862,-0.47517,164.92,131.58,-4511.6,58946
9.7626,0,-12.282,0.99204,-1.2365,0.4994,-0.52613,-0.48525,-0.48819,165.27,131.36,-4539,55726
9.7696,0,-12.22,1.2021,-1.1304,0.48668,-0.53841,-0.47156,-0.50088,161.02,117.82,-4512.9,58870
9.7767,0,-12.297,0.97155,-1.017,0.47365,-0.55033,-0.45757,-0.51324,163.19,123.99,-4518.6,57841
9.7837,0,-12.234,0.87085,-1.2493,0.46032,-0.56188,-0.44329,-0.52525,146.22,132.82,-4530.1,56882
9.7907,0,-12.109,0.99497,-1.412,0.44668,-0.57306,-0.42873,-0.53691,141.46,108.18,-4525.6,56659
9.7978,0,-12.063,0.7371,-1.3418,0.43276,-0.58385,-0.41389,-0.5482,163.86,116.24,-4521.4,58474
9.8048,0,-11.888,0.60961,-1.3837,0.41857,-0.59426,-0.39879,-0.55913,166.96,120.55,-4535,57983
9.8119,0,-11.716,0.36781,-1.3775,0.4041,-0.60426,-0.38343,-0.56969,177.45,110.45,-4534.9,56632
9.8189,0,-11.411,0.47087,-1.3974,0.38938,-0.61387,-0.36784,-0.57987,169.04,132.56,-4515.1,57871
9.826,0,-11.333,0.58084,-1.4687,0.37441,-0.62306,-0.35201,-0.58966,186.2,140.68,-4555.7,57145
9.833,0,-11.527,0.38743,-1.3115,0.3592,-0.63185,-0.33596,-0.59906,162.67,115.37,-4555.7,57840
9.8401,0,-11.708,0.36558,-1.1552,0.34377,-0.64022,-0.3197,-0.60806,166.15,130.95,-4524.5,58924
9.8471,0,-11.663,0.22627,-1.5333,0.32812,-0.64816,-0.30324,-0.61666,171.29,105.8,-4541.3,56652
9.8541,1,-11.623,0.04471,-1.418,0.31227,-0.65568,-0.28659,-0.62485,182.3,124.87,-4548.2,57365
9.8612,0,-11.506,0.15599,-1.4555,0.29622,-0.66276,-0.26976,-0.63264,168.38,102.17,-4556.3,58639
9.8682,0,-11.704,0.08296,-1.4212,0.27998,-0.66941,-0.25277,-0.64,181.36,117.33,-4559.4,57217
9.8753,0,-11.703,-0.031913,-1.38,0.26357,-0.67563,-0.23563,-0.64695,169.52,117.5,-4532.7,58058
9.8823,0,-11.755,-0.093481,-1.3179,0.247,-0.6814,-0.21834,-0.65347,179.71,121.41,-4541.1,58918
9.8894,0,-11.676,-0.18598,-1.4752,0.23028,-0.68672,-0.20092,-0.65956,174.25,118.56,-4556.9,55193
9.8964,0,-11.79,-0.254,-1.5905,0.21342,-0.6916,-0.18338,-0.66522,169.67,139.13,-4550.8,56647
9.9034,0,-11.844,-0.22111,-1.4807,0.19643,-0.69602,-0.16573,-0.67045,169.5,120.72,-4548.8,56138
9.9105,0,-11.532,-0.34738,-1.459,0.17932,-0.7,-0.14798,-0.67524,158.96,127.83,-4546.9,57328
9.9175,0,-11.828,-0.48885,-1.2839,0.1621,-0.70352,-0.13015,-0.67959,168.14,138.94,-4560,57963
9.9246,0,-11.826,-0.72622,-1.568,0.14479,-0.70658,-0.11225,-0.6835,169.48,106.46,-4558.9,57106
9.9316,0,-11.888,-0.82873,-1.2964,0.1274,-0.70919,-0.09428,-0.68697,187.91,112.2,-4566.5,55915
9.9387,0,-12.02,-0.68124,-1.255,0.10993,-0.71134,-0.076262,-0.69,160.46,119.56,-4578.3,57773
9.9457,0,-12.007,-0.91247,-1.3004,0.0924,-0.71303,-0.058206,-0.69258,182.03,129.33,-4556.1,56343
9.9528,0,-11.611,-0.79156,-1.1577,0.074821,-0.71426,-0.040123,-0.69471,155.87,108.12,-4575.5,58331
9.9598,0,-11.565,-0.95064,-1.2496,0.057204,-0.71504,-0.022025,-0.6964,192.25,117.79,-4577.9,58948
9.9668,0,-11.355,-0.87147,-0.97275,0.039559,-0.71535,-0.0039232,-0.69763,175.11,128.33,-4561.6,56437
9.9739,0,-11.062,-1.0899,-1.1376,0.021898,-0.71521,0.01417,-0.69843,177.33,106.37,-4588.3,58834
9.9809,0,-10.754,-0.94481,-0.96362,0.004232,-0.71461,0.032244,-0.69877,177.34,118.28,-4573.9,55899
9.988,0,-10.974,-0.9842,-0.87795,-0.013427,-0.71355,0.050287,-0.69867,168.56,107.24,-4575.5,55794
9.995,0,-10.643,-1.1644,-0.79043,-0.031069,-0.71204,0.068287,-0.69812,184.53,115.52,-4586,56416
10.002,0,-10.865,-1.1085,-0.86057,-0.048681,-0.71007,0.086233,-0.69713,170.46,134.13,-4605,56692
10.009,0,-10.815,-1.1614,-0.63804,-0.066253,-0.70766,0.10411,-0.69569,181.72,111.79,-4581.2,57589
10.016,0,-10.807,-1.3325,-0.69339,-0.083775,-0.7048,0.12192,-0.69382,168.87,131.01,-4585.6,56548
10.023,0,-10.82,-1.0618,-0.77895,-0.10123,-0.70149,0.13963,-0.6915,174.18,115.66,-4580.6,56482
10.03,0,-10.747,-1.2198,-0.66718,-0.11862,-0.69773,0.15725,-0.68875,153.66,116.62,-4586.2,58157
10.037,0,-10.595,-1.2485,-0.53846,-0.13592,-0.69354,0.17475,-0.68556,164,104.23,-4573.9,57349
10.044,0,-10.78,-1.4265,-0.25372,-0.15313,-0.68891,0.19214,-0.68193,178.82,118.8,-4586.1,56023
10.051,0,-10.794,-1.2953,-0.14282,-0.17023,-0.68385,0.20939,-0.67788,156.32,126.77,-4609.6,58333
10.058,0,-10.675,-1.2575,-0.43023,-0.18722,-0.67836,0.2265,-0.6734,149.72,114.28,-4601.4,56942
10.065,0,-10.571,-1.1768,-0.2528,-0.20408,-0.67245,0.24346,-0.6685,160.68,117.26,-4602.9,55581
10.072,0,-10.676,-1.2062,0.039637,-0.2208,-0.66611,0.26026,-0.66318,181.62,129.42,-4599.7,56254
10.08,0,-10.531,-1.3926,-0.050143,-0.23738,-0.65936,0.27688,-0.65745,174.18,112.43,-4598,56905
10.087,0,-10.65,-1.3404,-0.14783,-0.25379,-0.6522,0.29331,-0.6513,171.3,130.53,-4610.8,57008
10.094,0,-10.359,-1.3067,0.13958,-0.27004,-0.64463,0.30956,-0.64475,165.5,129.4,-4620.7,56126
10.101,0,-10.343,-1.3257,0.15987,-0.28612,-0.63667,0.32559,-0.63779,179.88,139.46,-4621.4,56887
10.108,0,-10.365,-1.301,0.35155,-0.302,-0.62831,0.34142,-0.63044,158.54,121.04,-4625.9,56816
10.115,0,-10.627,-1.2233,0.33194,-0.31769,-0.61956,0.35702,-0.6227,191.76,140.21,-4606.5,56840
10.122,0,-11.001,-1.5047,0.39858,-0.33317,-0.61043,0.37239,-0.61457,196.52,129.81,-4618.7,57098
10.129,0,-11.121,-1.3632,0.32946,-0.34844,-0.60092,0.38752,-0.60606,179.82,134.2,-4607.9,56704
10.136,0,-11.282,-1.4098,0.47213,-0.36348,-0.59105,0.40239,-0.59718,174.86,115.81,-4616.5,56496
10.143,0,-11.253,-1.3101,0.58492,-0.37829,-0.58081,0.41701,-0.58793,179.23,114.52,-4630.5,55248
10.15,0,-11.38,-1.0813,0.69039,-0.39285,-0.57022,0.43136,-0.57832,209.96,126.13,-4622,56451
10.157,0,-11.245,-1.0798,0.88656,-0.40717,-0.55927,0.44543,-0.56835,186.46,110.66,-4624.5,59011
10.164,0,-11.351,-1.0469,0.7747,-0.42122,-0.54799,0.45922,-0.55803,166.61,144.15,-4620.5,56800
10.171,0,-11.308,-1.3104,0.71997,-0.435,-0.53638,0.47271,-0.54737,189.4,119.92,-4630,55779
10.178,0,-11.166,-1.2317,0.79474,-0.44851,-0.52444,0.4859,-0.53638,168.31,143.36,-4607.5,55787
10.185,0,-11.184,-1.0768,0.69332,-0.46173,-0.51218,0.49879,-0.52506,177.32,117.44,-4614.1,56515
10.192,0,-11.275,-0.97701,0.85324,-0.47466,-0.49961,0.51136,-0.51342,180.57,124.73,-4635.5,56225
10.199,0,-10.935,-0.89186,0.96925,-0.48729,-0.48675,0.5236,-0.50146,173.11,113.27,-4621.8,56728
10.206,0,-10.86,-0.89078,1.0718,-0.49961,-0.47359,0.53552,-0.48921,171.87,120.24,-4647.3,57392
10.213,0,-10.818,-0.70726,1.2331,-0.51162,-0.46014,0.54709,-0.47666,183.32,119.76,-4637.5,55733
10.22,0,-11.021,-0.74368,1.0434,-0.52331,-0.44642,0.55833,-0.46382,158.7,139.57,-4635.6,56858
10.227,0,-10.858,-0.47405,1.1733,-0.53467,-0.43244,0.56921,-0.4507,171.27,115.83,-4633.2,58854
10.235,0,-10.723,-0.79735,1.2976,-0.54569,-0.41819,0.57974,-0.43731,176.52,110.78,-4658.8,58372
10.242,0,-10.696,-0.49241,1.0697,-0.55637,-0.4037,0.58991,-0.42366,186.65,132.78,-4648.2,55103
10.249,0,-10.637,-0.40372,1.2913,-0.56671,-0.38897,0.5997,-0.40975,177.98,107.51,-4659.4,55756
10.256,0,-10.701,-0.4367,1.269,-0.57669,-0.37401,0.60913,-0.3956,167.96,116.57,-4642,56909
10.263,0,-10.541,-0.60443,1.3199,-0.58632,-0.35884,0.61818,-0.38122,189.53,116.91,-4639.8,55081
10.27,0,-10.627,-0.35357,1.412,-0.59558,-0.34345,0.62684,-0.36661,184.03,138.5,-4639.6,56169
10.277,0,-10.229,-0.36251,1.3014,-0.60447,-0.32786,0.63512,-0.35178,170.66,129.04,-4667,57252
10.284,0,-10.357,-0.31668,1.3032,-0.61299,-0.31208,0.64301,-0.33674,178.36,126.71,-4643.1,55976
10.291,0,-10.445,-0.19358,1.2849,-0.62113,-0.29612,0.6505,-0.32151,202.36,126.01,-4688,55571
10.298,0,-10.196,-0.11639,1.3705,-0.62888,-0.27998,0.65759,-0.30609,189.64,121.35,-4651,56000
10.305,0,-9.9803,0.021551,1.3196,-0.63625,-0.26369,0.66427,-0.29049,181.99,133.5,-4659.6,56833
10.312,0,-10.146,-0.056624,1.4099,-0.64324,-0.24725,0.67055,-0.27473,163.08,132.81,-4663.1,57598
10.319,0,-10.193,0.1019,1.2077,-0.64982,-0.23066,0.67642,-0.2588,186.44,133.99,-4667.1,56970
10.326,0,-10.13,0.034107,1.3197,-0.65601,-0.21395,0.68188,-0.24272,192.67,106.25,-4679.3,55965
10.333,0,-9.9858,0.26199,1.1863,-0.6618,-0.19712,0.68692,-0.22651,179.83,112.31,-4673.3,56585
10.34,0,-10.154,0.23838,1.2515,-0.66718,-0.18017,0.69155,-0.21017,175.28,133.45,-4666.9,58125
10.347,0,-9.9659,0.23956,1.2558,-0.67216,-0.16313,0.69575,-0.19371,191.91,109.52,-4666.1,55184
10.354,0,-9.9502,0.35427,1.15,-0.67673,-0.146,0.69953,-0.17714,175.97,136.56,-4670,58936
10.361,0,-9.99,0.40517,1.1728,-0.68089,-0.12879,0.70289,-0.16047,164.06,132.41,-4692.6,56532
10.368,0,-9.9622,0.33079,1.0619,-0.68464,-0.11151,0.70582,-0.14371,171.35,124.89,-4690.1,55108
10.375,0,-10.007,0.74649,1.1465,-0.68797,-0.094178,0.70833,-0.12688,181.53,125.17,-4691,56619
10.382,0,-10.057,0.53106,1.1231,-0.69089,-0.076796,0.71041,-0.10998,186.6,122.63,-4673.8,55356
10.389,0,-10.074,0.65804,1.022,-0.69339,-0.059379,0.71206,-0.093017,181.63,142.93,-4684.7,57507
10.397,0,-9.953,0.8228,0.83571,-0.69547,-0.041935,0.71329,-0.076011,189.22,136.44,-4687.4,55896
10.404,0,-10.195,0.82319,0.97805,-0.69714,-0.024477,0.71409,-0.058968,171.71,126.23,-4677.6,55573
10.411,0,-10.019,0.81677,1.0816,-0.69839,-0.007013,0.71446,-0.041898,165.98,130.88,-4685.7,57786
10.418,0,-9.8373,0.82575,0.93298,-0.69922,0.010445,0.7144,-0.024812,188.62,124.89,-4692.8,56583
10.425,0,-9.8794,1.0191,0.75988,-0.69963,0.027887,0.71392,-0.0077196,173.26,115,-4698.8,57445
10.432,0,-9.9047,0.92579,0.83299,-0.69962,0.045302,0.71301,0.0093686,177.38,124.66,-4711.2,56027
10.439,0,-10.098,1.0394,0.78623,-0.6992,0.062681,0.71168,0.026442,189.25,127.94,-4711.4,57833
10.446,0,-10.02,0.97639,0.81974,-0.69836,0.080012,0.70993,0.043492,183,118.62,-4697,58082
10.453,0,-9.9472,1.0997,0.63474,-0.69711,0.097286,0.70775,0.060507,186.39,125.01,-4695.4,55619
10.46,0,-9.9847,1.0752,0.38245,-0.69544,0.11449,0.70516,0.077477,190.8,144.28,-4716.8,57301
10.467,0,-10.045,0.97335,0.41747,-0.69336,0.13162,0.70215,0.094393,185.89,119.4,-4708.1,57804
10.474,0,-9.9236,1.1434,0.41326,-0.69087,0.14866,0.69873,0.11124,182.48,129.83,-4710.1,57152
10.481,0,-9.8382,1.0817,0.41043,-0.68798,0.16561,0.69489,0.12802,175.02,134.71,-4716.5,55059
10.488,0,-9.9556,1.1689,0.29614,-0.68468,0.18244,0.69065,0.14471,176.45,144.16,-4714.7,54749
10.495,0,-9.6643,1.0753,0.17693,-0.68097,0.19916,0.686,0.16131,184.14,112.39,-4728.1,58222
10.502,0,-9.618,1.1522,0.32999,-0.67687,0.21575,0.68094,0.17781,156.96,132.93,-4710.5,56456
10.509,0,-9.7899,1.1597,0.32663,-0.67236,0.23221,0.6755,0.19419,182.56,126.88,-4707.5,55586
10.516,0,-9.8073,1.151,0.21215,-0.66747,0.24852,0.66965,0.21045,176.84,141.83,-4710.8,56595
10.523,0,-9.7444,1.1213,0.16443,-0.66218,0.26467,0.66342,0.22658,177.15,129.3,-4724.1,55956
10.53,0,-9.8871,1.0654,-0.059478,-0.65651,0.28066,0.6568,0.24257,192.88,142.62,-4727,57532
10.537,0,-9.6961,1.3637,0.010444,-0.65046,0.29648,0.6498,0.25841,187.64,131.2,-4715.5,55265
10.544,0,-9.6357,1.1772,-0.12081,-0.64402,0.31211,0.64242,0.27408,185.52,138.78,-4730.5,56327
10.551,0,-9.6363,1.2736,-0.16759,-0.63722,0.32755,0.63467,0.28959,175.04,130.96,-4740.6,55421
10.559,1,-9.7083,1.2554,-0.1091,-0.63004,0.34279,0.62655,0.30493,173.51,138.67,-4744.8,55593
10.566,0,-9.6689,1.0576,-0.20564,-0.6225,0.35782,0.61807,0.32007,184.56,118.56,-4745.3,56089
10.573,0,-9.612,1.2061,-0.34815,-0.6146,0.37264,0.60924,0.33502,186.27,124,-4724.4,56587
10.58,0,-9.7228,1.0906,-0.62287,-0.60634,0.38723,0.60005,0.34977,177.12,124.05,-4732.4,56632
10.587,0,-9.6536,1.1942,-0.38866,-0.59774,0.40158,0.59053,0.36431,176.29,118.85,-4731.9,57187
10.594,0,-9.4715,0.9292,-0.48288,-0.58879,0.41569,0.58066,0.37863,172.42,150.53,-4728.8,56764
10.601,0,-9.6802,0.91121,-0.77067,-0.5795,0.42956,0.57046,0.39273,167.22,135.2,-4737.7,54395
10.608,0,-9.8527,0.99923,-0.52795,-0.56988,0.44316,0.55994,0.40658,189.77,155.75,-4737.3,55504
10.615,0,-9.6058,0.99815,-0.72785,-0.55993,0.4565,0.5491,0.4202,184.49,115.39,-4738.4,57442
10.622,0,-9.5971,1.0063,-0.63681,-0.54967,0.46957,0.53795,0.43357,176.04,116.06,-4740.4,56694
10.629,0,-9.6854,0.95422,-0.72824,-0.53909,0.48236,0.52649,0.44667,163.65,115.26,-4756.5,55580
10.636,0,-9.6199,0.9284,-0.64985,-0.5282,0.49486,0.51474,0.45952,190.24,144.38,-4757.8,55597
10.643,0,-9.6407,1.0188,-0.74488,-0.51702,0.50707,0.50269,0.47209,182.6,132.91,-4752.6,56441
10.65,0,-9.626,0.76879,-0.93575,-0.50554,0.51898,0.49037,0.48438,195.84,125.01,-4776.7,56382
10.657,0,-9.7332,0.81126,-0.95764,-0.49378,0.53059,0.47776,0.49639,188.07,137.46,-4740.2,55008
10.664,0,-9.6869,0.61995,-1.0203,-0.48173,0.54188,0.46489,0.5081,155.51,113.7,-4749.5,57011
10.671,0,-9.5282,0.96371,-0.77588,-0.46942,0.55286,0.45176,0.51952,186.52,114.87,-4766.2,54498
10.678,0,-9.5239,0.68131,-0.97675,-0.45684,0.56351,0.43838,0.53064,193.52,108.8,-4760.5,56120
10.685,0,-9.6443,0.70015,-0.98939,-0.444,0.57383,0.42476,0.54144,181.66,125.28,-4777.1,53581
10.692,0,-9.5587,0.52916,-0.914,-0.43092,0.58382,0.4109,0.55193,178.12,117.88,-4746.7,56985
10.699,0,-9.5976,0.53623,-1.0758,-0.4176,0.59347,0.39681,0.56209,192.44,135.7,-4759.4,56054
10.706,0,-9.7516,0.37485,-1.0012,-0.40404,0.60277,0.38251,0.57193,190.77,129.57,-4782.3,56829
10.713,0,-9.9019,0.39931,-1.1248,-0.39026,0.61172,0.36799,0.58144,195.69,140.48,-4745.2,56493
10.721,0,-9.9212,0.38035,-1.2495,-0.37626,0.62032,0.35327,0.59061,192.91,114.12,-4760.4,56349
10.728,0,-9.7024,0.19621,-1.1978,-0.36206,0.62856,0.33837,0.59944,190.85,125.28,-4759.8,58245
10.735,0,-9.7712,0.31297,-1.2143,-0.34765,0.63644,0.32327,0.60793,189.99,132.77,-4762,55257
10.742,0,-9.6221,-0.03905,-0.97981,-0.33305,0.64396,0.308,0.61606,175.78,140.36,-4771.6,57340
10.749,0,-9.8078,0.2186,-1.1109,-0.31828,0.6511,0.29257,0.62384,180.48,133.26,-4783.1,55200
10.756,0,-10.01,0.24559,-1.2372,-0.30332,0.65787,0.27698,0.63126,203.76,134.81,-4782.6,54740
10.763,0,-9.898,0.27565,-1.2202,-0.28821,0.66426,0.26124,0.63832,194.16,124.89,-4790.1,53268
10.77,0,-9.921,-0.14449,-1.1797,-0.27293,0.67027,0.24536,0.64501,207.64,134.1,-4774.2,54366
10.777,0,-9.9866,-0.2203,-1.2203,-0.25751,0.6759,0.22935,0.65134,180.49,121.79,-4774,56267
10.784,0,-10.057,-0.24387,-1.1687,-0.24196,0.68115,0.21322,0.65729,173.98,120.7,-4776.6,54936
10.791,0,-9.8899,-0.16534,-1.469,-0.22627,0.68601,0.19699,0.66287,164.99,150.83,-4804.7,56395
10.798,0,-9.8456,-0.20138,-1.3054,-0.21046,0.69047,0.18065,0.66807,192.4,138.78,-4767.4,54482
10.805,0,-9.6317,-0.40125,-1.1582,-0.19454,0.69455,0.16421,0.67289,190.43,128.69,-4780.5,56368
10.812,0,-9.6105,-0.48547,-1.1901,-0.17852,0.69824,0.1477,0.67733,185.31,136.21,-4786.6,55217
10.819,0,-9.3198,-0.45111,-1.0969,-0.16241,0.70153,0.13111,0.68139,170.09,130.73,-4790.8,54625
10.826,0,-9.2702,-0.48932,-1.157,-0.14622,0.70442,0.11446,0.68506,179.49,150.99,-4799.4,55795
10.833,0,-9.2146,-0.51033,-1.0526,-0.12995,0.70692,0.097748,0.68835,189.32,131.99,-4784.7,54594
10.84,0,-9.1381,-0.62353,-0.80282,-0.11361,0.70902,0.080995,0.69125,172.82,150.42,-4797.9,55713
10.847,0,-9.1543,-0.55941,-1.1475,-0.097222,0.71072,0.064207,0.69376,183.95,133.59,-4814,55639
10.854,0,-9.3504,-0.87156,-0.8778,-0.080786,0.71203,0.047392,0.69588,201.43,136.02,-4787.8,55150
10.861,0,-9.1657,-0.58192,-0.94845,-0.064313,0.71294,0.030561,0.69761,182.29,134.2,-4808.3,56452
10.868,0,-9.2098,-0.75102,-0.89377,-0.047812,0.71344,0.013722,0.69894,185.71,134.29,-4802.9,55326
10.875,0,-9.1801,-0.65349,-0.82206,-0.031293,0.71356,-0.0031148,0.69989,200.46,132.64,-4798.4,55777
10.883,0,-9.21,-0.76882,-0.89122,-0.014765,0.71327,-0.01994,0.70045,211.48,127.83,-4818.5,54949
10.89,0,-9.2469,-0.8648,-0.70312,0.0017629,0.71259,-0.036745,0.70062,205.73,146.79,-4819.6,54706
10.897,0,-9.0798,-0.97659,-0.56617,0.018282,0.71151,-0.05352,0.7004,189.1,145.7,-4801.6,54097
10.904,0,-8.8385,-0.85662,-0.75575,0.034782,0.71004,-0.070256,0.69979,186.07,139.95,-4831,55498
10.911,0,-8.8458,-0.95308,-0.6224,0.051255,0.70817,-0.086944,0.69879,168.13,126.15,-4829.8,56179
10.918,0,-9.0539,-0.95628,-0.75486,0.067691,0.70592,-0.10357,0.6974,191.51,117.7,-4820,54347
10.925,0,-8.9761,-0.80968,-0.55054,0.084081,0.70328,-0.12014,0.69563,179.04,134.23,-4824.3,56158
10.932,0,-8.9459,-1.0627,-0.45726,0.10042,0.70025,-0.13662,0.69347,183.96,135.25,-4837,56562
10.939,0,-8.8897,-1.0353,-0.57374,0.11669,0.69683,-0.15303,0.69094,173.94,129.84,-4806.5,53586
10.946,0,-8.8479,-0.91318,-0.32827,0.13289,0.69303,-0.16934,0.68802,194.78,143.42,-4828.3,55230
10.953,0,-9.0451,-1.1027,-0.39147,0.14901,0.68886,-0.18554,0.68472,196.89,133.11,-4840,54560
10.96,0,-8.9863,-0.99765,-0.33847,0.16504,0.6843,-0.20164,0.68105,180.88,135.31,-4830.6,55143
10.967,0,-8.9587,-1.237,-0.4387,0.18096,0.67938,-0.21761,0.67701,183.48,146.49,-4834.2,53266
10.974,0,-8.8529,-1.0925,-0.25489,0.19679,0.67408,-0.23346,0.6726,191.02,136.63,-4834.2,52848
10.981,0,-8.8602,-1.2679,-0.40515,0.21249,0.66842,-0.24917,0.66782,198.74,133.07,-4831.8,54883
10.988,0,-8.8616,-1.0953,-0.10168,0.22807,0.66239,-0.26474,0.66267,191.01,137.47,-4826.5,53688
10.995,0,-8.8056,-1.1198,-0.11992,0.24352,0.656,-0.28015,0.65717,187.23,137.21,-4849.8,55543
11.002,0,-8.8631,-1.1005,0.15236,0.25883,0.64926,-0.2954,0.65131,204.48,139.23,-4840.8,53839
11.009,0,-9.1905,-1.0099,0.3037,0.27399,0.64217,-0.31048,0.64509,202.4,136.18,-4817.4,54079
11.016,0,-9.5806,-1.2704,0.16352,0.28899,0.63474,-0.32538,0.63853,183.55,142.1,-4859.7,55179
11.023,0,-9.6217,-1.2412,0.011244,0.30383,0.62696,-0.3401,0.63162,195.63,134.01,-4833.1,56006
11.03,0,-9.4242,-1.0903,0.07566,0.3185,0.61884,-0.35462,0.62437,183.16,146.83,-4839.9,55710
11.037,0,-9.3759,-1.1603,0.28605,0.33298,0.61039,-0.36894,0.61679,194.31,129.47,-4844.9,53877
11.045,0,-9.4514,-0.89153,0.38666,0.34728,0.60162,-0.38305,0.60887,160.43,134.11,-4858.6,55200
11.052,0,-9.3432,-0.96315,0.34939,0.36138,0.59253,-0.39695,0.60063,202.66,132.38,-4866.2,56085
11.059,0,-9.4754,-0.89668,0.6923,0.37527,0.58311,-0.41062,0.59206,196,139.07,-4835.8,55514
11.066,0,-9.4675,-1.1128,0.4153,0.38896,0.57339,-0.42407,0.58318,199.14,138.63,-4866.3,55140
11.073,0,-9.3688,-1.0302,0.67506,0.40243,0.56337,-0.43727,0.57398,195.17,137.44,-4846.5,54723
11.08,0,-9.3077,-1.1448,0.63751,0.41568,0.55304,-0.45024,0.56449,180.71,125.24,-4864.4,54423
11.087,0,-9.0968,-0.75843,0.63177,0.42869,0.54243,-0.46295,0.55469,193.05,139.64,-4862.3,53513
11.094,0,-9.1795,-0.80712,0.66994,0.44147,0.53152,-0.4754,0.54459,192.4,144.93,-4856.4,53238
11.101,0,-8.9605,-1.0516,0.59063,0.454,0.52034,-0.4876,0.53421,201.15,127.83,-4852.5,54634
11.108,0,-9.0136,-0.88248,0.86703,0.46628,0.50888,-0.49952,0.52354,169.12,121.8,-4866.5,55045
11.115,0,-8.9547,-0.90066,0.83154,0.47831,0.49716,-0.51117,0.5126,193.47,133.95,-4872.2,53331
11.122,0,-8.9407,-0.72361,0.8648,0.49007,0.48518,-0.52254,0.50139,205.64,115.88,-4878.6,57030
11.129,0,-8.9156,-0.81071,0.68877,0.50156,0.47294,-0.53361,0.48992,199.9,141.42,-4866.6,55107
11.136,0,-8.8315,-0.5765,0.64424,0.51278,0.46046,-0.5444,0.47818,185.87,135.09,-4872.8,56178
11.143,0,-9.0205,-0.73924,0.92471,0.52372,0.44774,-0.55489,0.4662,196.37,158.04,-4880.6,55396
11.15,0,-8.9052,-0.71892,1.0214,0.53437,0.43479,-0.56508,0.45397,184.5,116.58,-4866.8,56570
11.157,0,-8.5905,-0.50435,1.0481,0.54473,0.42161,-0.57496,0.44151,198.69,147.02,-4903.2,54828
11.164,0,-8.519,-0.49605,0.95945,0.5548,0.40821,-0.58453,0.42882,158.72,139.42,-4873.7,54744
11.171,0,-8.6002,-0.40779,0.92099,0.56457,0.39461,-0.59378,0.4159,173.03,138.32,-4877.6,53169
11.178,0,-8.8079,-0.45405,1.0693,0.57403,0.3808,-0.60271,0.40277,192.92,149.27,-4885.6,54189
11.185,0,-8.9771,-0.28997,1.1347,0.58318,0.3668,-0.61131,0.38943,188.68,156.76,-4897.8,56210
11.192,0,-9.2254,-0.3896,1.0868,0.59201,0.35261,-0.61959,0.37589,188.51,138.96,-4893.8,55321
11.199,0,-9.4073,-0.44449,1.0237,0.60053,0.33825,-0.62753,0.36216,191.67,153.93,-4880.2,52214
11.207,0,-9.2337,-0.18935,1.0192,0.60872,0.32371,-0.63513,0.34824,203.55,138.38,-4886.8,56785
11.214,0,-9.3306,-0.14593,1.1763,0.61659,0.30901,-0.6424,0.33415,206.88,144.56,-4882.2,55042
11.221,0,-9.2481,-0.18394,1.0539,0.62413,0.29416,-0.64932,0.31988,194.03,160.19,-4891,53009
11.228,0,-9.0047,-0.19498,1.245,0.63133,0.27915,-0.65589,0.30546,193.71,131.35,-4898,55687
11.235,0,-9.0207,0.0048764,1.0646,0.6382,0.26401,-0.66211,0.29087,182.24,135.62,-4890.8,56748
11.242,0,-9.014,0.036946,1.1563,0.64472,0.24874,-0.66798,0.27614,188.26,136.34,-4899.1,55628
11.249,0,-9.0139,0.065662,1.237,0.65091,0.23335,-0.6735,0.26128,193.31,131.5,-4900.7,53987
11.256,0,-8.9868,0.12699,0.96636,0.65675,0.21785,-0.67866,0.24628,179.46,140.89,-4890.3,56282
11.263,1,-8.9631,0.069805,1.1703,0.66223,0.20224,-0.68346,0.23116,190.09,142.07,-4893.5,54301
11.27,0,-8.9616,0.18542,1.1682,0.66737,0.18653,-0.68789,0.21593,195.76,126.16,-4908.1,54243
11.277,0,-8.9923,0.19382,1.0178,0.67216,0.17073,-0.69197,0.20059,195.74,132.79,-4910.9,55178
11.284,0,-8.6857,0.15657,1.126,0.67659,0.15485,-0.69568,0.18515,189.91,138.76,-4908.8,54294
11.291,0,-8.7548,0.31777,1.0151,0.68066,0.13891,-0.69902,0.16962,181.16,134.87,-4895.6,56119
11.298,0,-8.7835,0.42666,0.97546,0.68438,0.12289,-0.702,0.15401,193.09,133.12,-4900.6,53371
11.305,0,-8.5372,0.60871,1.0016,0.68774,0.10683,-0.70461,0.13833,203.53,140.22,-4910.5,53272
11.312,0,-8.5012,0.54512,0.96832,0.69073,0.090715,-0.70685,0.12259,196.94,154.44,-4930.4,54935
11.319,0,-8.5302,0.56091,0.83512,0.69337,0.074565,-0.70872,0.10678,211.86,140.88,-4919.1,54709
11.326,0,-8.5232,0.41483,0.90356,0.69564,0.058384,-0.71022,0.090934,195.66,142.78,-4911.7,56500
11.333,0,-8.5496,0.46529,1.0037,0.69755,0.042183,-0.71135,0.075045,193.15,152.71,-4922.9,53800
11.34,0,-8.5142,0.44984,0.97727,0.69909,0.02597,-0.71211,0.059124,182.55,144.19,-4925.6,55677
11.347,0,-8.2862,0.76924,0.87156,0.70027,0.0097521,-0.7125,0.043181,179.74,139.75,-4929.9,54832
11.354,0,-8.1283,0.84204,0.89919,0.70109,-0.0064613,-0.71253,0.027223,200.6,147.24,-4902.5,54626
11.361,0,-8.1982,0.74855,0.67998,0.70154,-0.022662,-0.71218,0.011258,196.74,145.2,-4933.4,54859
11.369,0,-8.4013,0.67322,0.77196,0.70163,-0.038842,-0.71147,-0.004704,192.91,143.34,-4927.7,54636
11.376,0,-8.2898,0.88805,0.53361,0.70136,-0.054992,-0.71038,-0.020656,193.91,137.35,-4933.1,53707
11.383,0,-8.4898,0.86566,0.6375,0.70072,-0.071105,-0.70894,-0.03659,187.43,141.96,-4925.6,54554
11.39,0,-8.9241,0.99036,0.49857,0.69973,-0.087172,-0.70713,-0.052497,185.2,141.35,-4925.7,54465
11.397,0,-8.9511,0.88813,0.65066,0.69837,-0.10318,-0.70495,-0.068369,205.5,135.25,-4929.2,55016
11.404,0,-9.0882,0.93429,0.5637,0.69665,-0.11914,-0.70242,-0.084198,190.17,136,-4926.9,55451
11.411,0,-8.8717,1.3921,0.84246,0.69458,-0.13502,-0.69953,-0.099976,202.04,152.71,-4950.1,53851
11.418,0,-8.9033,1.0636,0.53685,0.69215,-0.15082,-0.69627,-0.11569,189.06,149.24,-4945.5,52847
11.425,0,-8.6433,1.0171,0.38998,0.68937,-0.16653,-0.69267,-0.13135,196.79,148.91,-4952.8,54779
11.432,0,-8.6474,0.84741,0.28453,0.68623,-0.18215,-0.68871,-0.14692,202.15,146.79,-4953,54292
11.439,0,-8.6726,1.0995,0.19968,0.68274,-0.19767,-0.6844,-0.16242,190.13,128.92,-4940.2,54888
11.446,0,-8.7373,1.1861,0.3304,0.67891,-0.21308,-0.67975,-0.17782,173.29,132.29,-4948,53253
11.453,0,-8.5998,1.1532,0.052188,0.67473,-0.22838,-0.67475,-0.19312,203.18,123.79,-4948.9,53101
11.46,0,-8.5439,1.0983,0.023814,0.67021,-0.24354,-0.66941,-0.20832,208.76,163.52,-4950.2,53611
11.467,0,-8.6702,0.98607,0.12038,0.66535,-0.25858,-0.66373,-0.22341,185.12,142.39,-4942.3,55578
11.474,0,-8.5815,1.1979,0.068602,0.66016,-0.27347,-0.65771,-0.23837,206.73,143.12,-4954.9,54491
11.481,0,-8.3054,1.1117,0.0033278,0.65463,-0.28822,-0.65137,-0.2532,196.03,148.43,-4953.7,53648
11.488,0,-8.4642,0.98656,0.031789,0.64877,-0.30281,-0.6447,-0.2679,191,152.65,-4949.2,56492
11.495,0,-8.3397,1.1989,-0.075284,0.64258,-0.31724,-0.63771,-0.28246,204.52,148.79,-4961.1,53734
11.502,0,-8.442,0.9644,-0.084524,0.63607,-0.3315,-0.63039,-0.29686,187.73,132.32,-4965.7,53995
11.509,0,-8.3625,0.94795,-0.027602,0.62924,-0.34558,-0.62277,-0.31111,191.21,127.65,-4963.9,54897
11.516,0,-8.0845,1.1105,-0.17147,0.6221,-0.35949,-0.61483,-0.32519,183.95,125.19,-4949.4,54339
11.524,0,-8.2287,0.91847,-0.098913,0.61464,-0.3732,-0.60659,-0.3391,199.84,130.15,-4972.5,55832
11.531,0,-8.0802,0.88529,-0.28943,0.60688,-0.38672,-0.59804,-0.35284,205.86,140.99,-4960.7,53836
11.538,0,-8.0245,0.93818,-0.26726,0.59882,-0.40003,-0.5892,-0.36638,193.42,167.42,-4966.7,51527
11.545,0,-7.8411,0.99531,-0.27823,0.59045,-0.41314,-0.58007,-0.37974,185.85,117.84,-4971.6,53733
11.552,0,-7.8919,0.88224,-0.54694,0.5818,-0.42603,-0.57065,-0.3929,195.98,144.83,-4983.8,53192
11.559,0,-8.0476,0.98069,-0.42168,0.57286,-0.4387,-0.56095,-0.40586,199.4,135.68,-4981.4,56389
11.566,0,-8.3775,0.74924,-0.50105,0.56363,-0.45114,-0.55097,-0.4186,196.79,135.15,-4968.4,55118
11.573,0,-8.3531,0.79337,-0.69613,0.55412,-0.46335,-0.54073,-0.43113,190.78,136.59,-4991.2,53032
11.58,0,-8.6081,0.83021,-0.64688,0.54435,-0.47532,-0.53021,-0.44343,200.4,140.56,-4990.2,55500
11.587,0,-8.6867,0.87384,-0.77353,0.5343,-0.48704,-0.51944,-0.45551,191.31,127.33,-4966.4,52721
11.594,0,-8.5796,0.7929,-0.79749,0.52399,-0.49852,-0.50842,-0.46736,176.52,142.45,-5012.3,53718
11.601,0,-8.4696,0.70746,-0.67605,0.51343,-0.50974,-0.49715,-0.47896,198.94,143.19,-4975.4,55793
11.608,0,-8.6585,0.60777,-0.6009,0.50261,-0.5207,-0.48564,-0.49032,204.47,133.02,-4971.1,53297
11.615,0,-8.5094,0.79612,-0.84342,0.49155,-0.53139,-0.47389,-0.50143,217.97,149.55,-4988.8,55942
11.622,0,-8.4052,0.73551,-0.91356,0.48025,-0.54181,-0.46191,-0.51229,203.34,136.15,-5003.2,54931
11.629,0,-8.3325,0.67409,-0.88026,0.46871,-0.55196,-0.44971,-0.52288,205.92,146.84,-4977.5,54097
11.636,0,-8.5288,0.6305,-0.82742,0.45695,-0.56183,-0.4373,-0.53321,194.7,146.36,-4989.1,54096
11.643,0,-8.3303,0.53607,-0.95091,0.44497,-0.57141,-0.42467,-0.54327,179.88,154.75,-4990.5,52602
11.65,0,-8.343,0.34861,-0.80052,0.43277,-0.58071,-0.41184,-0.55306,199.41,132.87,-4984.5,53168
11.657,0,-8.1402,0.32389,-1.0323,0.42037,-0.58971,-0.39882,-0.56256,189,135.26,-4987.8,53799
11.664,0,-8.055,0.29467,-0.9364,0.40776,-0.59842,-0.3856,-0.57179,184.69,144.29,-4982.2,51917
11.671,0,-7.963,0.31285,-0.84457,0.39496,-0.60682,-0.37221,-0.58072,206.52,142.12,-5003.2,55223
11.678,0,-8.0303,0.071448,-0.75813,0.38196,-0.61492,-0.35863,-0.58937,205.05,157.34,-4997.9,52695
11.686,0,-7.991,0.32361,-1.3073,0.36879,-0.62272,-0.34489,-0.59772,186.25,143.77,-5013.4,53297
11.693,0,-8.0701,0.14001,-0.97531,0.35544,-0.6302,-0.33099,-0.60577,199.84,133.46,-4991.3,53773
11.7,0,-7.8251,0.19056,-1.0096,0.34192,-0.63737,-0.31693,-0.61352,200.49,115.54,-5017.1,54477
11.707,0,-7.9877,0.11924,-0.99559,0.32824,-0.64422,-0.30273,-0.62096,206.53,143.86,-4993.3,55596
11.714,0,-7.9076,0.16336,-1.0188,0.31441,-0.65075,-0.28838,-0.6281,197.59,145.95,-5015.6,53270
11.721,0,-7.9284,0.029619,-0.98758,0.30043,-0.65696,-0.2739,-0.63492,229.39,152.34,-5016.7,53692
11.728,0,-7.8722,-0.058552,-1.039,0.2863,-0.66284,-0.2593,-0.64143,185.66,121.73,-5015.2,53107
11.735,0,-7.9058,-0.066043,-0.92762,0.27205,-0.6684,-0.24457,-0.64762,196.15,151.74,-5008.8,53868
11.742,0,-7.5548,-0.061519,-1.0026,0.25767,-0.67363,-0.22974,-0.6535,202.07,143.69,-5013.6,53154
11.749,0,-7.7599,-0.02325,-0.95211,0.24316,-0.67852,-0.2148,-0.65905,206.23,145.46,-5027.8,53651
11.756,0,-7.7252,-0.17056,-0.96903,0.22855,-0.68308,-0.19977,-0.66427,207,139.98,-5023.6,51848
11.763,0,-7.6822,-0.078276,-1.1454,0.21383,-0.68731,-0.18465,-0.66917,194.96,137.81,-5030.7,53592
11.77,0,-7.7701,-0.248,-0.82942,0.19902,-0.6912,-0.16944,-0.67374,189.92,141.58,-5030.1,54792
11.777,0,-7.8233,-0.24647,-1.0164,0.18412,-0.69475,-0.15417,-0.67798,191.41,135.32,-5022.5,53400
11.784,0,-8.0977,-0.47109,-0.97588,0.16913,-0.69796,-0.13882,-0.68189,207.13,141.39,-5016.9,53268
11.791,0,-7.8826,-0.36875,-0.92201,0.15407,-0.70083,-0.12342,-0.68547,192.15,140.02,-5035.2,52685
11.798,0,-7.8183,-0.3573,-0.79761,0.13894,-0.70336,-0.10797,-0.68871,203.97,137.41,-5017.2,53783
11.805,0,-7.9255,-0.2998,-1.0503,0.12375,-0.70555,-0.092475,-0.69161,198.75,133.87,-5043.3,51805
11.812,0,-8.0279,-0.43815,-0.97948,0.10851,-0.7074,-0.076944,-0.69418,201.61,141.76,-5028,55315
11.819,0,-8.0426,-0.58723,-0.68481,0.093222,-0.7089,-0.061384,-0.69642,218.38,148.4,-5018.8,54276
11.826,0,-7.8803,-0.74427,-0.90276,0.077898,-0.71006,-0.045804,-0.69831,208.02,125.99,-5032.8,53014
11.833,0,-7.9661,-0.48668,-0.87011,0.062543,-0.71088,-0.030211,-0.69987,192.95,139.85,-5040.1,54963
11.84,0,-7.8718,-0.77372,-0.79859,0.047166,-0.71136,-0.014613,-0.70109,211,143.98,-5032,54391
11.848,0,-8.0768,-0.61932,-0.76782,0.031773,-0.71149,0.00098385,-0.70197,211.66,146.4,-5028.4,55405
11.855,0,-8.1067,-0.57987,-0.72435,0.016373,-0.71129,0.016571,-0.70252,220.71,151.31,-5046.4,53690
11.862,0,-8.123,-0.71215,-0.76891,0.00097179,-0.71074,0.032141,-0.70272,220.07,154.33,-5051.5,54114
11.869,0,-7.9774,-0.76489,-0.52799,-0.014422,-0.70985,0.047687,-0.70259,200.41,144.75,-5042.6,52766
11.876,0,-8.0497,-0.71682,-0.75985,-0.029802,-0.70862,0.063201,-0.70212,199.38,147.98,-5046.8,54068
11.883,0,-8.0203,-0.74815,-0.70083,-0.04516,-0.70705,0.078676,-0.70132,208.58,149.6,-5052.4,54017
11.89,0,-8.2291,-0.7572,-0.40452,-0.060489,-0.70515,0.094104,-0.70018,204.85,155.78,-5056.7,53242
11.897,0,-8.2342,-0.90255,-0.43731,-0.075782,-0.70291,0.10948,-0.6987,203.85,145.62,-5044.2,55871
11.904,0,-8.1499,-0.81835,-0.60231,-0.091031,-0.70034,0.12479,-0.6969,204.06,130.33,-5050.1,53920
11.911,0,-7.9915,-0.9293,-0.3484,-0.10623,-0.69744,0.14004,-0.69476,184.48,154.77,-5058.5,52538
11.918,0,-7.9947,-1.0395,-0.43972,-0.12137,-0.6942,0.15521,-0.69229,214.08,124.42,-5076.1,53772
11.925,0,-8.1154,-0.96951,-0.34084,-0.13644,-0.69064,0.17029,-0.68949,205.52,157.36,-5059.5,53729
11.932,0,-8.0604,-0.91198,-0.24738,-0.15145,-0.68675,0.18529,-0.68637,218.91,151.24,-5054.8,53658
11.939,0,-7.7272,-0.97376,-0.23593,-0.16637,-0.68254,0.20019,-0.68292,195.95,137.75,-5071.8,53527
11.946,0,-7.8009,-1.0004,-0.35658,-0.18121,-0.67801,0.21499,-0.67915,201.13,137.48,-5056.2,53353
11.953,0,-7.5434,-1.0209,-0.0019216,-0.19595,-0.67316,0.22968,-0.67506,210.69,153.01,-5056.6,53376
11.96,0,-7.6473,-0.88095,-0.093754,-0.2106,-0.66799,0.24425,-0.67065,204.1,154.39,-5059.2,54219
11.967,1,-7.6131,-0.99327,-0.10313,-0.22514,-0.66252,0.2587,-0.66593,206.68,152.16,-5071.8,52818
11.974,0,-7.6821,-0.85142,-0.073172,-0.23956,-0.65673,0.27301,-0.6609,202.5,148.63,-5065.1,54034
11.981,0,-7.6408,-0.92327,-0.024679,-0.25386,-0.65064,0.28719,-0.65555,195.8,149.29,-5072.5,54166
11.988,0,-7.5954,-0.98729,-0.029075,-0.26804,-0.64424,0.30123,-0.6499,218.19,145.14,-5057.4,54627
11.995,0,-7.6616,-1.0304,0.2033,-0.28209,-0.63755,0.31511,-0.64395,221.96,138.45,-5081.6,53280
12.002,0,-7.746,-1.0526,0.16873,-0.29599,-0.63056,0.32884,-0.63769,199.15,142.7,-5074.8,52741
12.01,0,-7.6816,-0.7096,0.17553,-0.30975,-0.62327,0.34241,-0.63114,193.3,135.36,-5075.8,53032
12.017,0,-7.661,-1.0063,0.18895,-0.32336,-0.6157,0.35581,-0.6243,192.61,152.09,-5070.5,54535
12.024,0,-7.7066,-1.0588,0.043634,-0.33681,-0.60785,0.36904,-0.61716,223.1,160.84,-5085.4,54358
12.031,0,-7.7116,-1.0611,0.24917,-0.35009,-0.59972,0.38209,-0.60974,204.98,149.34,-5064.4,53397
12.038,0,-7.8602,-0.69197,0.30784,-0.3632,-0.59131,0.39495,-0.60204,198.55,139.99,-5092.8,52365
12.045,0,-7.7399,-0.78799,0.39991,-0.37614,-0.58263,0.40761,-0.59406,206.36,140.4,-5062.6,53679
12.052,0,-7.7653,-0.70859,0.47012,-0.3889,-0.57368,0.42009,-0.58581,212.16,149.96,-5109.5,54258
12.059,0,-7.5497,-0.87347,0.43495,-0.40147,-0.56447,0.43235,-0.57729,196.18,152.57,-5101.4,51788
12.066,0,-7.7472,-0.88082,0.49076,-0.41384,-0.55501,0.44441,-0.56851,221.65,147.36,-5070.7,51993
12.073,0,-7.8147,-0.95038,0.58709,-0.42602,-0.54529,0.45626,-0.55946,211.94,157.77,-5102.8,53415
12.08,0,-7.8188,-0.93435,0.43661,-0.43799,-0.53532,0.46789,-0.55016,223.53,159.49,-5087.6,53451
12.087,0,-7.7937,-0.78339,0.4428,-0.44975,-0.52512,0.47929,-0.5406,199.6,128.54,-5076.3,52319
12.094,0,-7.8043,-0.85573,0.3497,-0.4613,-0.51467,0.49047,-0.53081,196.55,135.34,-5087.1,52911
12.101,0,-7.7287,-0.78316,0.71114,-0.47263,-0.50399,0.50141,-0.52077,224.02,149.37,-5077.1,55372
12.108,0,-7.8492,-0.77575,0.81286,-0.48374,-0.49309,0.51212,-0.51049,208.09,140.63,-5096.9,52089
12.115,0,-7.9156,-0.57372,0.74291,-0.49461,-0.48196,0.52258,-0.49998,193.64,128.93,-5114.3,53864
12.122,0,-7.8217,-0.54928,0.75517,-0.50525,-0.47062,0.5328,-0.48925,214.63,162.36,-5102.9,55468
12.129,0,-7.9774,-0.55593,0.73724,-0.51566,-0.45907,0.54276,-0.47829,230.48,158.73,-5110.9,52257
12.136,0,-7.7894,-0.50369,0.889,-0.52582,-0.44731,0.55247,-0.46713,202.72,142.61,-5087.2,52893
12.143,0,-7.6683,-0.65337,0.59609,-0.53573,-0.43536,0.56192,-0.45575,219.86,138.99,-5121.9,52175
12.15,0,-7.5661,-0.28051,0.83346,-0.54539,-0.42321,0.5711,-0.44416,193.37,144.21,-5089.2,51549
12.157,0,-7.3001,-0.32504,0.96789,-0.5548,-0.41087,0.58002,-0.43238,186.84,143.58,-5097,53831
12.164,0,-7.2628,-0.48252,0.71751,-0.56395,-0.39836,0.58867,-0.42041,218.78,131.57,-5114.5,54863
12.172,0,-7.1881,-0.40855,1.0426,-0.57283,-0.38567,0.59704,-0.40825,219.13,170.82,-5132.2,52370
12.179,0,-7.3298,-0.30381,0.665,-0.58145,-0.3728,0.60514,-0.39591,208.07,154.07,-5090.4,53243
12.186,0,-7.2083,-0.20861,0.83957,-0.5898,-0.35978,0.61295,-0.38339,213.94,134.93,-5122.5,53563
12.193,0,-7.3097,-0.2625,0.80172,-0.59787,-0.3466,0.62048,-0.3707,201.59,157.43,-5130.9,53007
12.2,0,-7.2486,-0.33272,0.83233,-0.60567,-0.33327,0.62772,-0.35786,228.98,146.21,-5108.5,51752
12.207,0,-7.2824,-0.11569,0.88093,-0.61319,-0.3198,0.63467,-0.34485,204.44,148.58,-5108.6,53654
12.214,0,-7.3576,-0.31942,0.78863,-0.62042,-0.30618,0.64133,-0.33169,206.61,141.64,-5110.7,53097
12.221,0,-7.1774,-0.12233,0.93766,-0.62737,-0.29244,0.6477,-0.31839,225.17,143.12,-5131.5,52939
12.228,0,-7.4715,0.065546,1.016,-0.63403,-0.27857,0.65376,-0.30495,200.93,133.68,-5127.2,53853
12.235,0,-7.3023,0.10498,0.88054,-0.6404,-0.26458,0.65953,-0.29138,201.03,149.02,-5123.4,53913
12.242,0,-7.5647,0.094666,0.82495,-0.64647,-0.25049,0.665,-0.27768,203.19,149.4,-5126.5,53888
12.249,0,-7.4927,0.28519,0.88778,-0.65225,-0.23628,0.67016,-0.26387,207.22,136.58,-5117.4,53516
12.256,0,-7.4068,0.12,1.0073,-0.65773,-0.22198,0.67501,-0.24994,200.92,151.71,-5125.8,54055
12.263,0,-7.4312,0.11518,0.97617,-0.66291,-0.20758,0.67956,-0.2359,212.44,153.25,-5119.3,52189
12.27,0,-7.4066,0.18426,0.71071,-0.66779,-0.1931,0.6838,-0.22177,219.54,154.87,-5148.3,51885
12.277,0,-7.4007,0.19237,1.0894,-0.67237,-0.17855,0.68773,-0.20754,204.71,150.36,-5138.4,53275
12.284,0,-7.5104,0.24185,0.95249,-0.67664,-0.16392,0.69134,-0.19323,202.16,168.58,-5146,50617
12.291,0,-7.5891,0.30542,0.89625,-0.6806,-0.14922,0.69465,-0.17883,185.98,165.87,-5146.1,52827
12.298,0,-7.4716,0.34988,0.65474,-0.68426,-0.13447,0.69764,-0.16436,210.28,140.67,-5152.8,51574
12.305,0,-7.4757,0.21993,0.6775,-0.6876,-0.11966,0.70031,-0.14983,212.65,145.22,-5166.4,52608
12.312,0,-7.5796,0.47397,0.88241,-0.69064,-0.10481,0.70267,-0.13523,206.46,154.04,-5147.8,53052
12.319,0,-7.5066,0.25487,0.80484,-0.69336,-0.089922,0.70471,-0.12058,206.09,165.37,-5131.5,53447
12.326,0,-7.4403,0.55215,0.8299,-0.69578,-0.075001,0.70644,-0.10589,204.64,149.42,-5147.8,52530
12.334,0,-7.4307,0.32741,0.82167,-0.69788,-0.060056,0.70785,-0.091153,211.09,152.45,-5154.2,52102
12.341,0,-7.2023,0.50947,0.60095,-0.69966,-0.045092,0.70895,-0.076383,201.18,145.77,-5154.8,53618
12.348,0,-7.0474,0.65938,0.89197,-0.70114,-0.030117,0.70972,-0.061586,206.42,152.35,-5153.4,55419
12.355,0,-6.8841,0.67506,0.62492,-0.7023,-0.015138,0.71018,-0.04677,221.74,153.64,-5151.1,52084
12.362,0,-6.8288,0.49088,0.53866,-0.70315,-0.0001601,0.71033,-0.031939,233.27,179.28,-5158.7,51734
12.369,0,-7.1456,0.64481,0.72492,-0.70368,0.014809,0.71016,-0.017101,214.16,152.76,-5148.3,51909
12.376,0,-7.0023,0.76824,0.41592,-0.7039,0.029763,0.70967,-0.0022635,227.58,143.64,-5153,54293
12.383,0,-7.0554,0.57024,0.47223,-0.70381,0.044695,0.70887,0.012568,217.96,159.66,-5152.9,53095
12.39,0,-6.9597,0.74882,0.41986,-0.7034,0.059598,0.70776,0.027388,217.22,154.85,-5171.9,53590
12.397,0,-7.3375,0.67395,0.67547,-0.70269,0.074466,0.70633,0.042187,201.37,165.99,-5163.7,52343
12.404,0,-7.0422,0.82017,0.51584,-0.70166,0.089293,0.70459,0.056961,202.11,166.79,-5184.4,50654
12.411,0,-6.9862,0.72229,0.3026,-0.70032,0.10407,0.70255,0.071703,203.75,143.14,-5171.7,53905
12.418,0,-7.0131,0.82108,0.46444,-0.69868,0.1188,0.70019,0.086406,214.13,150.84,-5168.5,51253
12.425,0,-7.2489,0.74584,0.32796,-0.69672,0.13346,0.69753,0.10106,203.77,152.74,-5161.3,53489
12.432,0,-6.9732,0.68437,0.22884,-0.69446,0.14806,0.69456,0.11567,206.62,130.28,-5175.1,52668
12.439,0,-7.1229,0.81918,0.22569,-0.6919,0.16258,0.69129,0.13022,211.87,143.75,-5170.1,52983
12.446,0,-7.0685,0.81968,0.19738,-0.68903,0.17702,0.68772,0.1447,205.13,145.14,-5171.8,53036
12.453,0,-7.0208,0.7729,0.21782,-0.68586,0.19138,0.68385,0.15911,212.79,153.28,-5169.8,52779
12.46,0,-7.2588,0.86126,0.33112,-0.68239,0.20565,0.67969,0.17345,216.42,152.83,-5162,56290
12.467,0,-7.1948,0.7625,0.24073,-0.67862,0.21982,0.67522,0.1877,213.36,142.62,-5185.7,53617
12.474,0,-7.3149,0.9437,0.072457,-0.67455,0.23388,0.67047,0.20186,210.43,158.55,-5173.4,53300
12.481,0,-7.2114,0.7318,-0.20186,-0.67019,0.24783,0.66543,0.21593,219.63,177.7,-5177.4,52835
12.488,0,-7.2567,0.77707,0.03995,-0.66554,0.26167,0.6601,0.2299,207.74,152.64,-5163.2,54245
12.496,0,-7.3424,0.91979,-0.018572,-0.6606,0.27539,0.65448,0.24375,220.05,146.9,-5183.2,54781
12.503,0,-7.4594,0.963,-0.14853,-0.65538,0.28898,0.64859,0.2575,196.44,147.87,-5189.9,53173
12.51,0,-7.1642,1.0009,-0.12506,-0.64987,0.30243,0.64242,0.27112,224.97,148.77,-5189.9,51446
12.517,0,-7.2731,0.86741,-0.22194,-0.64408,0.31575,0.63597,0.28462,202.65,152.65,-5202.5,54155
12.524,0,-7.1898,0.84264,-0.19189,-0.63801,0.32893,0.62925,0.29799,222.31,155.4,-5199.8,53634
12.531,0,-7.0615,0.66642,-0.13213,-0.63166,0.34195,0.62226,0.31122,223.39,146.04,-5195.8,51028
12.538,0,-7.5032,0.85568,0.0075242,-0.62505,0.35482,0.61501,0.32431,200.83,140.61,-5188,53134
12.545,0,-7.1379,0.88988,-0.1158,-0.61817,0.36753,0.6075,0.33726,213.94,162.99,-5206.4,53501
12.552,0,-6.9722,0.7406,-0.17478,-0.61102,0.38007,0.59972,0.35004,207.87,146.43,-5193.6,50844
12.559,0,-6.7428,0.70786,-0.50586,-0.60361,0.39245,0.5917,0.36268,211.49,165.52,-5183.2,52795
12.566,0,-6.726,0.75711,-0.36392,-0.59594,0.40464,0.58342,0.37514,230.98,153.81,-5209.7,52226
12.573,0,-6.7084,0.45052,-0.47246,-0.58802,0.41666,0.5749,0.38744,214.82,157.45,-5184.8,52659
12.58,0,-6.7402,0.66261,-0.47696,-0.57985,0.42849,0.56614,0.39956,223.33,149.47,-5198.9,52998
12.587,0,-6.7339,0.99056,-0.50198,-0.57144,0.44014,0.55714,0.41151,218.47,163.71,-5199.7,53522
12.594,0,-6.7516,0.66002,-0.24165,-0.56278,0.45158,0.5479,0.42327,204.71,147.39,-5201.5,52484
12.601,0,-6.7045,0.58361,-0.42478,-0.55388,0.46283,0.53844,0.43484,212.68,142,-5196.2,52747
12.608,0,-6.7781,0.6424,-0.54184,-0.54475,0.47388,0.52875,0.44622,207.05,166.01,-5204.6,53146
12.615,0,-6.6624,0.50447,-0.43879,-0.53539,0.48471,0.51883,0.4574,222.58,166.65,-5196.3,52168
12.622,0,-6.6937,0.62864,-0.3791,-0.52581,0.49534,0.50871,0.46838,222.84,154.36,-5194.9,52252
12.629,0,-6.477,0.57456,-0.67981,-0.51601,0.50574,0.49837,0.47915,228.43,150.79,-5209.6,52390
12.636,0,-6.5659,0.53598,-0.61651,-0.50599,0.51593,0.48782,0.48971,211.82,136.55,-5225.6,53251
12.643,0,-6.5788,0.58564,-0.58215,-0.49576,0.52589,0.47708,0.50006,229.57,167.34,-5197.8,53451
12.65,0,-6.4647,0.52491,-0.76794,-0.48532,0.53562,0.46613,0.51019,219.25,133.23,-5211.3,54472
12.658,0,-6.6109,0.44242,-0.44484,-0.47469,0.54512,0.45499,0.52009,213.29,160.04,-5232,52940
12.665,0,-6.7876,0.4044,-0.86437,-0.46385,0.55439,0.44367,0.52977,207.47,160.18,-5222,53488
12.672,1,-6.5332,0.52442,-0.51389,-0.45283,0.56341,0.43216,0.53921,218.12,161.38,-5230.9,51771
12.679,0,-6.389,0.59455,-0.78528,-0.44161,0.57219,0.42048,0.54843,221.73,164.13,-5210.5,52008
12.686,0,-6.5809,0.60322,-0.70382,-0.43022,0.58073,0.40862,0.5574,223.6,141.99,-5215.9,52847
12.693,0,-6.5592,0.20758,-0.7585,-0.41865,0.58901,0.3966,0.56613,209.43,145.94,-5235.5,50475
12.7,0,-6.5763,0.31256,-0.73869,-0.40691,0.59704,0.38442,0.57462,195.01,146.36,-5235.4,50699
12.707,0,-6.6054,0.23112,-0.71973,-0.39501,0.60482,0.37208,0.58286,201.31,161.66,-5234.5,51556
12.714,0,-6.4608,0.24805,-0.66508,-0.38294,0.61234,0.35958,0.59085,223.56,149.23,-5238.1,52818
12.721,0,-6.2836,0.29433,-0.84099,-0.37072,0.61959,0.34695,0.59858,227.04,166.96,-5246.6,53646
12.728,0,-6.4195,0.087247,-0.88207,-0.35835,0.62658,0.33417,0.60606,210.66,148.89,-5226,53056
12.735,0,-6.3606,-0.057848,-0.77738,-0.34583,0.6333,0.32126,0.61328,232.48,144.05,-5239.5,53168
12.742,0,-6.3893,0.13308,-0.74192,-0.33318,0.63976,0.30823,0.62024,225.61,154.58,-5241.3,51704
12.749,0,-6.4891,-0.11838,-0.59042,-0.32039,0.64594,0.29507,0.62693,228.22,166.02,-5240.4,51365
12.756,0,-6.5497,0.043981,-0.77794,-0.30748,0.65185,0.28179,0.63336,202.47,143.68,-5236.9,51449
12.763,0,-6.7556,-0.0036995,-0.80133,-0.29444,0.65748,0.2684,0.63952,206.56,148.02,-5237.4,51217
12.77,0,-6.7405,-0.01873,-0.97973,-0.28129,0.66284,0.2549,0.64541,216.43,164.68,-5238.4,51111
12.777,0,-6.7999,-0.074897,-0.90185,-0.26803,0.66791,0.24131,0.65102,212.75,159.83,-5254,53225
12.784,0,-7.0484,-0.15906,-1.0759,-0.25466,0.6727,0.22762,0.65636,220.18,148.41,-5249.3,52229
12.791,0,-7.0454,-0.17058,-0.88166,-0.24119,0.67721,0.21385,0.66142,218.2,149.64,-5233.1,51840
12.798,0,-7.0018,-0.18059,-0.89132,-0.22764,0.68144,0.19999,0.66621,213.97,154.62,-5259.5,51477
12.805,0,-6.8793,-0.11686,-0.8558,-0.21399,0.68537,0.18605,0.67071,207,177.82,-5256.2,52342
12.812,0,-6.8569,-0.18009,-0.79751,-0.20026,0.68903,0.17205,0.67494,204.8,137.11,-5240.1,52483
12.82,0,-6.9007,-0.28829,-0.905,-0.18646,0.69239,0.15798,0.67888,227.69,145.37,-5274,52590
12.827,0,-6.7177,-0.18959,-0.80832,-0.17258,0.69546,0.14385,0.68254,220.99,150.37,-5269.7,52372
12.834,0,-6.7727,-0.40698,-1.02,-0.15865,0.69824,0.12967,0.68591,194.18,150.09,-5263.4,53253
12.841,0,-6.7389,-0.353,-0.77021,-0.14465,0.70074,0.11545,0.689,217.3,159.26,-5257.8,52820
12.848,0,-6.7664,-0.18466,-0.8732,-0.1306,0.70294,0.10118,0.6918,234.97,157,-5269.5,51150
12.855,0,-6.7945,-0.37619,-0.84397,-0.11651,0.70485,0.086882,0.69431,202.47,164.58,-5257.3,52936
12.862,0,-6.7582,-0.4469,-0.67518,-0.10237,0.70646,0.072554,0.69654,240.16,160.88,-5256.2,51826
12.869,0,-6.6639,-0.34543,-0.71425,-0.088201,0.70779,0.058204,0.69848,215.79,149.42,-5255.9,52961
12.876,0,-6.5777,-0.44591,-0.7327,-0.074002,0.70882,0.043837,0.70013,213.55,157.69,-5276.9,51353
12.883,0,-6.6163,-0.60611,-0.76013,-0.05978,0.70956,0.02946,0.70149,226.05,156.16,-5278.3,51928
12.89,0,-6.4692,-0.65707,-0.66819,-0.045541,0.71001,0.015078,0.70256,207.94,162.89,-5262.6,51626
12.897,0,-6.6081,-0.40579,-0.85955,-0.031291,0.71016,0.00069855,0.70334,201.4,153.57,-5283.9,53891
12.904,0,-6.378,-0.55055,-0.55343,-0.017035,0.71002,-0.013674,0.70384,233.58,155.54,-5271.3,51781
12.911,0,-6.2398,-0.65032,-0.59073,-0.0027798,0.7096,-0.028032,0.70405,201.15,167.26,-5271.5,52127
12.918,0,-6.2704,-0.52608,-0.61285,0.011469,0.70888,-0.042372,0.70396,200.75,172.51,-5278.3,51946
12.925,0,-6.2554,-0.72518,-0.5197,0.025706,0.70787,-0.056686,0.7036,228.89,157.81,-5281.6,52416
12.932,0,-6.2636,-0.86984,-0.60957,0.039926,0.70657,-0.070969,0.70294,224.45,168.3,-5275.8,53473
12.939,0,-6.3149,-0.61276,-0.30043,0.054122,0.70499,-0.085215,0.702,214.83,157.58,-5300.3,53790
12.946,0,-6.198,-0.76499,-0.51101,0.068288,0.70312,-0.099419,0.70077,217.55,159.03,-5275.3,49707
12.953,0,-6.2145,-0.49941,-0.3498,0.08242,0.70096,-0.11357,0.69926,236.58,166.79,-5292.2,52954
12.96,0,-6.2877,-0.66663,-0.45209,0.096511,0.69852,-0.12768,0.69746,217.74,158.91,-5284.9,50294
12.967,0,-6.3778,-0.65128,-0.45638,0.11056,0.6958,-0.14172,0.69538,211.81,157.47,-5276,51331
12.975,0,-6.2704,-0.66466,-0.30302,0.12455,0.69279,-0.15569,0.69303,213.6,157.61,-5286.3,52694
12.982,0,-6.2568,-0.62674,-0.26347,0.13848,0.68951,-0.1696,0.69039,211.14,143.55,-5291.6,51910
12.989,0,-6.2875,-0.72587,-0.26718,0.15236,0.68595,-0.18343,0.68747,230.55,160.11,-5299.9,51235
12.996,0,-6.1772,-0.84374,-0.22333,0.16616,0.68212,-0.19717,0.68428,211.36,162.87,-5287.4,50401
13.003,0,-6.0225,-0.78359,-0.12271,0.17989,0.67801,-0.21083,0.68081,209.5,155.69,-5286.8,52429
13.01,0,-6.2155,-0.65593,-0.274,0.19354,0.67363,-0.2244,0.67706,227.41,163.02,-5298,50976
13.017,0,-6.2784,-0.7819,-0.1835,0.2071,0.66898,-0.23787,0.67305,227.63,173.19,-5285.1,50302
13.024,0,-6.1363,-0.82628,0.032687,0.22058,0.66406,-0.25123,0.66877,217.18,143.96,-5290.4,53093
13.031,0,-6.1281,-0.87844,-0.081139,0.23396,0.65888,-0.26449,0.66422,229.56,185.29,-5307,51668
13.038,0,-6.3022,-0.82221,0.021905,0.24724,0.65344,-0.27763,0.6594,226.67,175.06,-5298.5,49671
13.045,0,-6.1028,-0.7232,0.15568,0.26041,0.64774,-0.29065,0.65433,225.26,154.21,-5295.8,51544
13.052,0,-5.9369,-0.8009,0.04612,0.27347,0.64178,-0.30356,0.64899,241.3,163.39,-5310.3,51968
13.059,0,-6.0462,-0.82648,0.042715,0.28642,0.63557,-0.31633,0.64339,224.25,139.52,-5310,53057
13.066,0,-6.0307,-0.6735,0.23029,0.29924,0.62911,-0.32896,0.63754,216.21,147.76,-5300.4,51944
13.073,0,-6.1806,-0.67469,0.29124,0.31194,0.6224,-0.34146,0.63144,213.34,153.87,-5307.8,51802
13.08,0,-5.9711,-0.67347,0.18116,0.32451,0.61545,-0.35382,0.62508,230.06,154.4,-5298.2,52247
13.087,0,-6.1324,-0.76793,0.26811,0.33694,0.60825,-0.36603,0.61848,228.65,164.34,-5313.5,52564
13.094,0,-6.0606,-0.65101,0.30832,0.34923,0.60082,-0.37808,0.61164,216.92,163.09,-5309.6,52046
13.101,0,-6.0282,-0.82998,0.25508,0.36138,0.59315,-0.38998,0.60456,215.33,162.97,-5308.7,51369
13.108,0,-6.056,-0.70101,0.19474,0.37337,0.58525,-0.40172,0.59724,225.71,154.07,-5309.9,52328
13.115,0,-5.9609,-0.73363,0.18856,0.38521,0.57713,-0.41329,0.58968,224.56,170.74,-5307.4,51004
13.122,0,-5.9045,-0.8137,0.21185,0.3969,0.56878,-0.42469,0.58189,222.57,158.67,-5298.2,52032
13.129,0,-6.0731,-0.56081,0.42677,0.40841,0.56021,-0.43592,0.57388,235.55,143.84,-5315.6,52187
13.137,0,-5.9743,-0.74175,0.71243,0.41976,0.55142,-0.44697,0.56564,209.2,150.32,-5321.9,52338
13.144,0,-6.1921,-0.75666,0.52586,0.43094,0.54242,-0.45784,0.55718,232.39,156.55,-5319.2,52096
13.151,0,-6.0837,-0.66735,0.55736,0.44194,0.53321,-0.46852,0.54851,213.7,151.83,-5320.4,51174
13.158,0,-6.0406,-0.65745,0.5203,0.45277,0.5238,-0.47901,0.53962,218.61,161.39,-5331.8,50753
13.165,0,-6.1692,-0.66308,0.39523,0.4634,0.51419,-0.4893,0.53052,225.79,169.07,-5316.9,53747
13.172,0,-6.079,-0.5479,0.51764,0.47385,0.50437,-0.4994,0.52122,239.9,162.19,-5335.1,51941
13.179,0,-5.9028,-0.49292,0.61729,0.48411,0.49437,-0.50929,0.51172,228.3,162.23,-5345.4,52072
13.186,0,-5.8798,-0.54156,0.5662,0.49417,0.48418,-0.51898,0.50202,217.92,160.65,-5332.7,54561
13.193,0,-5.8219,-0.32127,0.35437,0.50403,0.4738,-0.52847,0.49213,233.6,162.44,-5336.9,52453
13.2,0,-5.9137,-0.65601,0.66738,0.51369,0.46325,-0.53774,0.48205,228.36,167.19,-5342.6,50779
13.207,0,-5.8656,-0.5216,0.60092,0.52314,0.45252,-0.54679,0.47178,230.15,158.56,-5339.2,51676
13.214,0,-5.9479,-0.4008,0.56079,0.53238,0.44161,-0.55563,0.46134,210.25,157.05,-5347.4,50354
13.221,0,-5.7048,-0.43466,0.77791,0.5414,0.43055,-0.56424,0.45072,220.09,149.05,-5322.3,53527
13.228,0,-5.7462,-0.38711,0.75746,0.55021,0.41932,-0.57263,0.43992,232.81,165.19,-5343,51966
13.235,0,-5.7978,-0.36894,0.70431,0.5588,0.40793,-0.5808,0.42896,210.52,170.9,-5353.5,49926
13.242,0,-5.7132,-0.3151,0.59716,0.56717,0.39639,-0.58873,0.41784,212.27,162.01,-5340.4,51643
13.249,0,-5.7864,-0.14658,0.72763,0.57531,0.3847,-0.59643,0.40657,207.94,182.28,-5367.2,51120
13.256,0,-5.6877,-0.28769,0.78686,0.58322,0.37287,-0.60389,0.39513,232.13,181.64,-5360,49493
13.263,0,-5.8434,-0.14451,0.68567,0.5909,0.3609,-0.61112,0.38356,219.75,158.15,-5349,52656
13.27,0,-6.0023,-0.094403,0.82578,0.59835,0.3488,-0.61811,0.37183,220.72,144.37,-5345.9,50300
13.277,0,-5.7757,-0.23557,0.6352,0.60556,0.33657,-0.62485,0.35997,222.09,177.15,-5363,51812
13.284,0,-5.8912,-0.1018,0.65724,0.61253,0.32422,-0.63135,0.34798,218.81,153.91,-5358.4,51149
13.291,0,-5.9794,-0.21516,0.68935,0.61926,0.31174,-0.6376,0.33586,220.59,154.24,-5356.2,50928
13.299,0,-5.9052,0.031611,0.82859,0.62575,0.29916,-0.6436,0.32361,212.31,166.09,-5346.5,51431
13.306,0,-5.7026,0.012169,0.72888,0.63199,0.28646,-0.64935,0.31124,225.63,161.53,-5339.6,52629
13.313,0,-5.8748,-0.088865,0.62166,0.63798,0.27366,-0.65485,0.29876,222.41,170.68,-5352.6,51024
13.32,0,-5.9485,0.13701,0.56294,0.64373,0.26076,-0.66009,0.28617,220.46,155.9,-5359,50809
13.327,0,-5.82,-0.020996,0.57944,0.64922,0.24777,-0.66508,0.27348,213.56,165.94,-5357.1,52022
13.334,0,-5.8355,0.10779,0.79058,0.65446,0.23469,-0.66981,0.26069,228.6,158.8,-5356.7,50988
13.341,0,-5.9139,-0.10308,0.437,0.65944,0.22153,-0.67428,0.24781,223.56,170.32,-5372,52201
13.348,0,-5.6682,0.29727,0.59075,0.66417,0.20829,-0.67849,0.23483,216.21,169.63,-5369.6,51425
13.355,0,-5.8418,0.014764,0.59693,0.66864,0.19498,-0.68243,0.22178,240.27,181.26,-5377.3,51327
13.362,0,-5.7743,0.068079,0.67068,0.67286,0.1816,-0.68612,0.20864,232.12,173.29,-5355.7,49886
13.369,0,-5.7856,0.20719,0.75342,0.67681,0.16815,-0.68954,0.19544,224.89,135.07,-5359.5,51267
13.376,1,-5.6827,0.067432,0.54316,0.6805,0.15465,-0.69269,0.18216,230.09,164.99,-5377.6,50987
13.383,0,-5.7559,0.15223,0.57482,0.68393,0.1411,-0.69558,0.16882,220.4,153.98,-5375.5,52063
13.39,0,-5.9058,0.047319,0.68329,0.68709,0.1275,-0.6982,0.15543,234.24,158.61,-5377.2,51664
13.397,0,-5.8718,0.36066,0.62726,0.69,0.11386,-0.70056,0.14198,224.38,154.18,-5367.5,51674
13.404,0,-5.6849,0.40472,0.74938,0.69263,0.10018,-0.70265,0.12849,221.81,174.58,-5383,51691
13.411,0,-5.7875,0.28671,0.69089,0.69501,0.086475,-0.70447,0.11495,221.96,148.72,-5375.5,52225
13.418,0,-5.6296,0.53134,0.50497,0.69711,0.072742,-0.70602,0.10138,216.45,151.56,-5378.8,50956
13.425,0,-5.71,0.5231,0.62966,0.69896,0.058988,-0.7073,0.087777,220.83,164.29,-5377.4,50512
13.432,0,-5.5994,0.38147,0.70502,0.70053,0.045218,-0.70832,0.074148,233.13,162.97,-5369.6,50099
13.439,0,-5.5376,0.38419,0.49146,0.70184,0.031439,-0.70906,0.060497,225.47,169.46,-5407.7,49653
13.446,0,-5.6545,0.21811,0.40588,0.70288,0.017655,-0.70954,0.046832,200.39,149.15,-5365.2,51017
13.453,0,-5.5552,0.48406,0.50178,0.70366,0.0038719,-0.70975,0.033155,220.37,170.37,-5369.7,53164
13.461,0,-5.6757,0.52034,0.48465,0.70417,-0.0099057,-0.70969,0.019473,235.18,158.16,-5386.9,51656
13.468,0,-5.6868,0.62761,0.38068,0.70442,-0.023672,-0.70937,0.0057917,234,170.04,-5383.1,51363
13.475,0,-5.558,0.48404,0.46255,0.7044,-0.037423,-0.70878,-0.007885,233.54,159.18,-5388.7,50995
13.482,0,-5.4788,0.66881,0.4897,0.70411,-0.051152,-0.70792,-0.021552,213.55,171.49,-5390.4,51046
13.489,0,-5.6427,0.52148,0.41152,0.70356,-0.064855,-0.70679,-0.035203,221.33,161.61,-5395.2,51664
13.496,0,-5.6405,0.61486,0.37628,0.70275,-0.078527,-0.70541,-0.048834,231.09,153.16,-5391.7,51900
13.503,0,-5.5397,0.77509,0.35639,0.70167,-0.092161,-0.70375,-0.062439,231.94,181.31,-5387.4,52206
13.51,0,-5.7329,0.68837,0.20311,0.70033,-0.10575,-0.70184,-0.076014,220.54,169.84,-5409.9,51819
13.517,0,-5.6545,0.5847,0.48891,0.69873,-0.1193,-0.69966,-0.089553,226.99,157.5,-5407.6,51202
13.524,0,-5.5411,0.70416,0.28056,0.69687,-0.1328,-0.69722,-0.10305,226.09,172.45,-5391.6,51022
13.531,0,-5.6705,0.64948,0.29488,0.69475,-0.14623,-0.69453,-0.11651,225.87,149.08,-5387.2,51545
13.538,0,-5.6992,0.61773,0.087542,0.69237,-0.15961,-0.69157,-0.12991,237.01,155.63,-5401.3,50386
13.545,0,-5.621,0.72575,0.14564,0.68973,-0.17292,-0.68836,-0.14326,226.36,161.44,-5422.4,49404
13.552,0,-5.683,0.6828,0.17703,0.68684,-0.18616,-0.6849,-0.15654,205.64,161.96,-5406.7,49963
13.559,0,-5.4816,0.7184,0.16086,0.6837,-0.19932,-0.68118,-0.16976,216.14,151.28,-5412.1,51172
13.566,0,-5.6019,0.83131,0.22767,0.6803,-0.2124,-0.67721,-0.18292,241.12,145.35,-5383.6,50071
13.573,0,-5.6001,0.80902,-0.11015,0.67666,-0.22539,-0.67299,-0.19599,216.97,171.74,-5421.3,53045
13.58,0,-5.4778,0.74548,0.067578,0.67276,-0.2383,-0.66853,-0.20899,236.69,165.68,-5421,49151
13.587,0,-5.492,0.70349,0.14945,0.66862,-0.25111,-0.66382,-0.22191,228.14,165.3,-5416.3,51329
13.594,0,-5.4282,0.79621,0.039169,0.66423,-0.26382,-0.65887,-0.23473,233.02,180.53,-5404.8,50162
13.601,0,-5.5733,0.76342,-0.031184,0.6596,-0.27642,-0.65367,-0.24746,228.09,150.14,-5421.1,50738
13.608,0,-5.4959,0.55006,0.11973,0.65472,-0.28892,-0.64824,-0.2601,235.23,161.1,-5426.8,50860
13.615,0,-5.519,0.67679,0.11019,0.64961,-0.3013,-0.64257,-0.27263,217.12,148.1,-5418.6,50295
13.623,0,-5.4594,0.55481,0.054876,0.64426,-0.31356,-0.63667,-0.28506,238.46,164.61,-5430,50640
13.63,0,-5.5018,0.59646,-0.066967,0.63868,-0.32571,-0.63053,-0.29737,223.63,154.04,-5414.8,50292
13.637,0,-5.4873,0.75819,0.0063524,0.63287,-0.33772,-0.62417,-0.30957,252.23,153.52,-5416.2,49731
13.644,0,-5.3906,0.70229,-0.2199,0.62682,-0.34961,-0.61759,-0.32165,226.76,171.06,-5426.9,51150
13.651,0,-5.4558,0.7543,-0.011746,0.62055,-0.36136,-0.61077,-0.3336,228.13,173.26,-5414.2,52657
13.658,0,-5.6669,0.61448,-0.12243,0.61405,-0.37297,-0.60374,-0.34543,222.28,157,-5422,50514
13.665,0,-5.5232,0.68998,-0.25688,0.60734,-0.38444,-0.5965,-0.35712,229.32,157.85,-5421.6,51297
13.672,0,-5.6397,0.60089,-0.22491,0.6004,-0.39577,-0.58904,-0.36868,241.12,160.14,-5444.2,50220
13.679,0,-5.4457,0.67333,-0.08791,0.59325,-0.40694,-0.58136,-0.3801,227.3,171.09,-5445.4,51918
13.686,0,-5.6821,0.75432,-0.31266,0.58588,-0.41796,-0.57348,-0.39137,242.26,166.56,-5409.5,49477
13.693,0,-5.5443,0.65064,-0.35907,0.57831,-0.42881,-0.5654,-0.40249,230.56,174.16,-5437.3,51160
13.7,0,-5.5401,0.74434,-0.18868,0.57053,-0.43951,-0.55711,-0.41346,229.07,169.56,-5440.1,51570
13.707,0,-5.5887,0.40294,-0.33623,0.56254,-0.45004,-0.54863,-0.42428,227.05,167.38,-5431.2,50268
13.714,0,-5.6898,0.52292,-0.3707,0.55436,-0.46041,-0.53995,-0.43493,220.17,168.28,-5452.7,50276
13.721,0,-5.5582,0.52298,-0.37968,0.54597,-0.4706,-0.53108,-0.44543,246.63,155.62,-5441.2,49515
13.728,0,-5.6569,0.54582,-0.30088,0.5374,-0.48061,-0.52203,-0.45575,231.07,146.81,-5436.2,51026
13.735,0,-5.7282,0.533,-0.54475,0.52863,-0.49044,-0.51278,-0.46591,216.17,177.73,-5429,51591
13.742,0,-5.7109,0.45361,-0.50549,0.51967,-0.50009,-0.50336,-0.47589,222.07,168.6,-5455.3,50829
13.749,0,-5.5358,0.46467,-0.40462,0.51053,-0.50956,-0.49377,-0.48569,239.26,180.37,-5438.4,51114
13.756,0,-5.6481,0.58924,-0.47651,0.50122,-0.51884,-0.484,-0.49532,238.17,176.94,-5438.1,50090
13.763,0,-5.6325,0.41948,-0.46214,0.49172,-0.52792,-0.47406,-0.50476,229.24,173.99,-5451.1,51430
13.77,0,-5.6134,0.63805,-0.58591,0.48205,-0.53681,-0.46395,-0.51401,229.5,187.1,-5453.7,50170
13.777,0,-5.6316,0.51574,-0.60104,0.47222,-0.5455,-0.45369,-0.52307,244.24,150.82,-5449.8,50933
13.785,0,-5.5419,0.35401,-0.6724,0.46221,-0.55399,-0.44327,-0.53194,238.15,160.14,-5458.3,51661
13.792,0,-5.6777,0.38189,-0.51514,0.45205,-0.56228,-0.43269,-0.54062,250.99,151.09,-5459.8,49639
13.799,0,-5.8872,0.25969,-0.41741,0.44173,-0.57036,-0.42197,-0.54909,215.07,175.52,-5467.4,50691
13.806,0,-5.9595,0.17932,-0.45781,0.43126,-0.57823,-0.4111,-0.55737,234.67,168.21,-5463.6,49768
13.813,0,-5.8458,0.33443,-0.63774,0.42063,-0.5859,-0.40009,-0.56544,230.8,164.46,-5450.3,50956
13.82,0,-5.9592,0.1524,-0.89647,0.40987,-0.59334,-0.38894,-0.5733,247.27,181.19,-5447.8,52833
13.827,0,-5.783,0.20702,-0.66389,0.39896,-0.60058,-0.37766,-0.58096,233.16,168.84,-5474.8,51557
13.834,0,-5.735,-0.0040938,-0.73126,0.38791,-0.60759,-0.36626,-0.5884,230.75,171.9,-5477.1,51334
13.841,0,-5.6871,0.15161,-0.79354,0.37673,-0.61439,-0.35473,-0.59563,235.08,173.43,-5462.2,50686
13.848,0,-5.7089,0.064246,-0.49212,0.36542,-0.62096,-0.34308,-0.60264,249.88,173.9,-5475.7,49898
13.855,0,-5.4674,0.21405,-0.52383,0.35399,-0.62731,-0.33131,-0.60943,236.89,169.68,-5460.4,51785
13.862,0,-5.5174,-0.074736,-0.78148,0.34243,-0.63343,-0.31943,-0.61601,225.61,162.21,-5447.2,50430
13.869,0,-5.3702,0.084305,-0.77627,0.33077,-0.63933,-0.30745,-0.62236,240.4,168.46,-5473.6,51080
13.876,0,-5.4735,0.035621,-0.7182,0.31898,-0.64499,-0.29536,-0.62849,229.24,173.7,-5468,49879
13.883,0,-5.2005,0.049999,-0.54137,0.3071,-0.65043,-0.28318,-0.63439,222.17,173.43,-5469.3,50630
13.89,0,-5.3127,-0.10569,-0.61159,0.29511,-0.65563,-0.2709,-0.64006,238.73,170.1,-5462.8,49845
13.897,0,-5.114,-0.096626,-0.70586,0.28302,-0.6606,-0.25854,-0.6455,221.11,161.89,-5487.7,51051
13.904,0,-5.2811,0.11191,-0.75293,0.27083,-0.66533,-0.24609,-0.65071,226.91,179.5,-5488.2,51763
13.911,0,-5.226,-0.082543,-0.58389,0.25856,-0.66982,-0.23356,-0.65569,235.52,160.75,-5484,50231
13.918,0,-5.2362,0.0060126,-0.66437,0.2462,-0.67408,-0.22096,-0.66044,237.01,163.39,-5481.8,51399
13.925,0,-5.2345,-0.20194,-0.66893,0.23377,-0.6781,-0.20828,-0.66495,234.02,178.98,-5476.7,49661
13.932,0,-5.2694,-0.25619,-0.60511,0.22125,-0.68188,-0.19554,-0.66922,220.19,172.78,-5482,50592
13.939,0,-5.3053,-0.15751,-0.58296,0.20867,-0.68542,-0.18274,-0.67325,247.26,164.58,-5494.2,50859
13.947,0,-5.1962,-0.17707,-0.49202,0.19602,-0.68871,-0.16988,-0.67705,229.53,179.19,-5494.1,50989
13.954,0,-5.005,-0.22736,-0.54805,0.1833,-0.69177,-0.15697,-0.68061,212.17,174.58,-5484.9,52986
13.961,0,-5.0661,-0.1186,-0.74412,0.17053,-0.69458,-0.14401,-0.68392,246.24,177.43,-5477.2,50216
13.968,0,-5.1043,-0.28855,-0.62271,0.1577,-0.69714,-0.131,-0.68699,235.37,155.72,-5505.7,51120
13.975,0,-5.121,-0.42761,-0.45301,0.14483,-0.69946,-0.11796,-0.68983,246.29,168.87,-5483,50722
13.982,0,-4.984,-0.18262,-0.47176,0.13191,-0.70154,-0.10489,-0.69242,233.22,173.97,-5478.1,50419
13.989,0,-5.0889,-0.35892,-0.37862,0.11896,-0.70337,-0.091781,-0.69476,232.47,161.63,-5491.2,50557
13.996,0,-5.0137,-0.22329,-0.54595,0.10596,-0.70496,-0.078651,-0.69686,229.12,177.06,-5490.2,51052
14.003,0,-5.2763,-0.14198,-0.59238,0.092942,-0.7063,-0.065501,-0.69872,232.58,172.05,-5489,50631
14.01,0,-4.9356,-0.22238,-0.58719,0.079895,-0.7074,-0.052336,-0.70034,214.4,187.94,-5497,51048
14.017,0,-5.1415,-0.47922,-0.48066,0.066827,-0.70824,-0.039159,-0.70171,228.86,174.91,-5507.5,50025
14.024,0,-5.0242,-0.3317,-0.537,0.053742,-0.70885,-0.025976,-0.70283,229.68,188.67,-5496.3,49831
14.031,0,-5.093,-0.56284,-0.4616,0.040645,-0.70921,-0.012791,-0.70371,218.64,174.82,-5500.7,52336
14.038,0,-4.9546,-0.4041,-0.40017,0.027542,-0.70932,0.00039141,-0.70435,239.94,187,-5502.6,51379
14.045,0,-5.0131,-0.59886,-0.45563,0.014435,-0.70919,0.013567,-0.70474,236.89,173.45,-5519.8,50527
14.052,0,-5.1038,-0.44248,-0.363,0.0013308,-0.70882,0.02673,-0.70489,255.72,165.38,-5530.9,52371
14.059,0,-5.1904,-0.60298,-0.28109,-0.011767,-0.7082,0.039877,-0.70479,227.41,182.12,-5501,51848
14.066,0,-5.297,-0.43774,-0.35665,-0.024854,-0.70733,0.053004,-0.70445,249.22,164.88,-5512.8,51249
14.073,0,-5.4998,-0.42651,-0.48519,-0.037926,-0.70623,0.066105,-0.70387,235.76,185.77,-5510.2,49789
14.08,1,-5.3451,-0.61162,-0.4429,-0.050978,-0.70488,0.079177,-0.70305,227.01,178.36,-5509.7,50334
14.087,0,-5.4267,-0.5891,-0.51764,-0.064005,-0.7033,0.092214,-0.70198,249.33,153.63,-5515,49660
14.094,0,-5.4737,-0.62165,-0.21761,-0.077003,-0.70147,0.10521,-0.70067,230.07,184.4,-5511.9,50116
14.101,0,-5.393,-0.57793,-0.37525,-0.089968,-0.6994,0.11817,-0.69913,231.57,182.09,-5532.6,50240
14.109,0,-5.5215,-0.52207,-0.53354,-0.1029,-0.6971,0.13108,-0.69734,228.41,170.77,-5502.5,49711
14.116,0,-5.3439,-0.75422,-0.31184,-0.11578,-0.69455,0.14393,-0.69532,229.69,156.06,-5511.8,51062
14.123,0,-5.3299,-0.52306,-0.28869,-0.12862,-0.69178,0.15674,-0.69306,238.46,171.95,-5542.6,46861
14.13,0,-5.2014,-0.64278,-0.1727,-0.14141,-0.68877,0.16948,-0.69057,222.45,180.21,-5527.1,50974
14.137,0,-5.2058,-0.67679,-0.18622,-0.15414,-0.68552,0.18215,-0.68784,228.42,171.42,-5499.5,49590
14.144,0,-5.449,-0.62607,-0.065413,-0.16681,-0.68205,0.19476,-0.68488,241.74,159.96,-5529,48612
14.151,0,-5.0899,-0.70735,-0.14998,-0.17942,-0.67834,0.20729,-0.68168,240.41,181.91,-5527.1,49482
14.158,0,-5.3697,-0.69077,-0.22329,-0.19197,-0.67441,0.21975,-0.67826,230.69,183.2,-5537,50132
14.165,0,-5.277,-0.65857,-0.17181,-0.20444,-0.67025,0.23213,-0.67461,227.75,169,-5530.1,49094
14.172,0,-5.1266,-0.7211,-0.15718,-0.21683,-0.66586,0.24442,-0.67073,217.9,160.4,-5527.5,49351
14.179,0,-5.1969,-0.50509,0.036487,-0.22915,-0.66125,0.25662,-0.66662,223.73,179.17,-5547.9,51793
14.186,0,-5.1817,-0.65949,0.10704,-0.24138,-0.65642,0.26873,-0.66229,230.28,179.07,-5516.7,50590
14.193,0,-4.8938,-0.95097,0.13055,-0.25352,-0.65137,0.28074,-0.65774,233.24,167.97,-5537.6,50988
14.2,0,-5.0683,-0.67324,-0.0056642,-0.26557,-0.64611,0.29265,-0.65297,227.6,163.71,-5534.1,49143
14.207,0,-5.2242,-0.65365,0.035975,-0.27752,-0.64063,0.30445,-0.64798,238.82,158.38,-5542,51537
14.214,0,-5.1094,-0.61351,-0.095851,-0.28938,-0.63494,0.31615,-0.64278,221.35,168.33,-5545.5,49451
14.221,0,-5.2423,-0.69172,0.15142,-0.30113,-0.62903,0.32773,-0.63736,244.29,167.83,-5539,50148
14.228,0,-5.0759,-0.58645,0.079935,-0.31277,-0.62292,0.3392,-0.63173,233.75,177.65,-5549.8,50917
14.235,0,-4.8714,-0.73172,0.15024,-0.3243,-0.6166,0.35055,-0.6259,241.49,164.66,-5547.1,49309
14.242,0,-4.9518,-0.69454,0.25289,-0.33572,-0.61008,0.36177,-0.61985,271.18,186.02,-5544.9,51417
14.249,0,-4.8474,-0.59408,0.11814,-0.34701,-0.60336,0.37286,-0.6136,246.43,170.7,-5556.5,52921
14.256,0,-4.9494,-0.56522,0.11635,-0.35819,-0.59644,0.38383,-0.60715,237.57,165.22,-5555.7,51464
14.264,0,-4.7819,-0.69303,0.29327,-0.36924,-0.58933,0.39466,-0.6005,258.55,156.43,-5548.5,49203
14.271,0,-5.0227,-0.59842,0.11292,-0.38016,-0.58202,0.40535,-0.59365,226.32,166.81,-5557.3,50583
14.278,0,-4.9366,-0.63685,0.22015,-0.39095,-0.57452,0.4159,-0.5866,255.22,182.26,-5557.3,48881
14.285,0,-5.0927,-0.63025,0.37606,-0.4016,-0.56684,0.42631,-0.57937,246.6,166.83,-5557.1,50569
14.292,0,-5.12,-0.56025,0.54307,-0.41212,-0.55897,0.43657,-0.57194,248.57,167.45,-5550.9,50014
14.299,0,-5.2196,-0.49816,0.33716,-0.42249,-0.55092,0.44668,-0.56433,242.83,170.48,-5552.6,49880
14.306,0,-5.2771,-0.46054,0.33332,-0.43271,-0.54269,0.45664,-0.55654,232.68,157.89,-5549,50291
14.313,0,-5.34,-0.53301,0.29838,-0.44279,-0.53428,0.46644,-0.54856,232.08,182.4,-5556.3,50362
14.32,0,-5.2744,-0.62727,0.45137,-0.45271,-0.5257,0.47608,-0.54041,242.85,175.89,-5556.1,49758
14.327,0,-5.2012,-0.45577,0.39301,-0.46248,-0.51696,0.48555,-0.53208,242.93,181.59,-5551,48624
14.334,0,-5.1655,-0.45572,0.40747,-0.47209,-0.50804,0.49486,-0.52358,237.18,183.32,-5561.6,50243
14.341,0,-5.1554,-0.48044,0.54902,-0.48154,-0.49897,0.504,-0.51491,244.04,179.72,-5554,48749
14.348,0,-5.0195,-0.6195,0.50011,-0.49082,-0.48973,0.51297,-0.50608,232.2,153.15,-5569.6,50153
14.355,0,-5.0292,-0.4348,0.32088,-0.49994,-0.48034,0.52177,-0.49708,238.24,154.95,-5563.9,48751
14.362,0,-5.0938,-0.39231,0.49738,-0.50889,-0.4708,0.53039,-0.48793,250.25,182.39,-5564.6,50072
14.369,0,-5.1159,-0.39976,0.49239,-0.51766,-0.4611,0.53883,-0.47861,229.74,173.65,-5566.6,52034
14.376,0,-5.0813,-0.4309,0.47343,-0.52627,-0.45126,0.54709,-0.46915,239.15,171.3,-5546.9,50711
14.383,0,-4.9304,-0.47796,0.67137,-0.53469,-0.44128,0.55516,-0.45954,230.51,174.99,-5574.3,49903
14.39,0,-4.9845,-0.34989,0.55868,-0.54293,-0.43116,0.56305,-0.44978,229.45,175.55,-5574.4,50256
14.397,0,-4.968,-0.20337,0.60584,-0.551,-0.4209,0.57075,-0.43987,224.55,172.15,-5584.9,52549
14.404,0,-4.9151,-0.25838,0.74554,-0.55887,-0.41051,0.57826,-0.42983,238.95,174.46,-5561.8,48884
14.411,0,-4.829,-0.34793,0.50021,-0.56656,-0.39999,0.58557,-0.41966,222.87,161.5,-5582.5,49636
14.418,0,-4.9182,-0.3278,0.57876,-0.57407,-0.38935,0.59269,-0.40935,249.51,171.01,-5579.7,50863
14.426,0,-5.0027,-0.27661,0.60605,-0.58138,-0.37859,0.59962,-0.39891,244.17,175.39,-5563,50906
14.433,0,-4.8293,-0.016384,0.57133,-0.58849,-0.36771,0.60634,-0.38835,262.67,171.96,-5556.5,50982
14.44,0,-4.9093,-0.21407,0.60518,-0.59541,-0.35671,0.61286,-0.37767,255.75,169.17,-5604.6,48368
14.447,0,-4.7721,-0.20555,0.44408,-0.60214,-0.34561,0.61918,-0.36687,219.74,187.2,-5579.1,49587
14.454,0,-4.6394,-0.24282,0.63034,-0.60866,-0.3344,0.6253,-0.35596,247.67,172.18,-5574.6,49753
14.461,0,-4.6776,-0.18825,0.42886,-0.61499,-0.32309,0.63121,-0.34493,238.88,166.23,-5587.3,49351
14.468,0,-4.6637,-0.065168,0.68823,-0.62111,-0.31168,0.63691,-0.3338,236.23,179.61,-5587.6,49471
14.475,0,-4.7192,-0.20479,0.65599,-0.62702,-0.30018,0.64241,-0.32257,239.53,191.04,-5572.7,49817
14.482,0,-4.7758,0.151,0.61802,-0.63273,-0.28858,0.64769,-0.31124,243.34,180.33,-5585.4,50209
14.489,0,-4.67,-0.077652,0.42958,-0.63824,-0.2769,0.65276,-0.29981,240.65,179.6,-5585.7,49986
14.496,0,-4.6693,0.027939,0.56551,-0.64353,-0.26514,0.65762,-0.2883,239.4,170.05,-5591.3,49460
14.503,0,-4.7812,0.087744,0.70503,-0.64861,-0.25329,0.66226,-0.27669,244.81,165.75,-5593.2,48752
14.51,0,-4.7774,-0.0079444,0.46199,-0.65348,-0.24138,0.66669,-0.265,253.26,167.26,-5588,50159
14.517,0,-4.8714,0.2798,0.48641,-0.65814,-0.22939,0.6709,-0.25324,256.86,188.89,-5589.1,51167
14.524,0,-4.8495,0.034964,0.62251,-0.66259,-0.21733,0.67489,-0.2414,249.96,169.19,-5577.4,49890
14.531,0,-5.0518,0.19892,0.63884,-0.66681,-0.20522,0.67866,-0.22948,231.8,175.85,-5600,48165
14.538,0,-5.0743,0.41529,0.63396,-0.67083,-0.19304,0.68222,-0.2175,238.14,181.56,-5594,49687
14.545,0,-4.918,0.10802,0.68754,-0.67462,-0.18081,0.68555,-0.20545,228.78,170.25,-5592.4,51152
14.552,0,-5.0558,0.26034,0.69,-0.6782,-0.16852,0.68867,-0.19335,242.48,183.44,-5597.5,49117
14.559,0,-5.0694,0.18696,0.60685,-0.68156,-0.15619,0.69156,-0.18119,250.22,186.67,-5609.8,49474
14.566,0,-4.9248,0.33326,0.38338,-0.68469,-0.14382,0.69423,-0.16898,255.98,168.72,-5610,49651
14.573,0,-4.9718,0.28618,0.57245,-0.68761,-0.13141,0.69668,-0.15672,232.37,162.39,-5600.3,50947
14.58,0,-4.9708,0.24061,0.64157,-0.69031,-0.11897,0.6989,-0.14441,227.99,166.56,-5584.6,51096
14.588,0,-4.7454,0.22963,0.62913,-0.69278,-0.10649,0.70091,-0.13207,244.7,175.35,-5591.9,49133
14.595,0,-4.7098,0.37592,0.66119,-0.69504,-0.093985,0.70268,-0.11969,234.81,181.53,-5604,49533
14.602,0,-4.8371,0.30745,0.42023,-0.69707,-0.081459,0.70424,-0.10728,235.63,169.85,-5607.8,49239
14.609,0,-4.9263,0.45976,0.7437,-0.69888,-0.068914,0.70557,-0.094843,249.72,169.94,-5621,49591
14.616,0,-4.7063,0.36828,0.42098,-0.70046,-0.056354,0.70668,-0.082381,241.4,189.13,-5614.1,49158
14.623,0,-4.9384,-0.0076365,0.44441,-0.70182,-0.043783,0.70756,-0.069899,245.35,182.66,-5620.4,48384
14.63,0,-4.7843,0.42119,0.57342,-0.70296,-0.031206,0.70822,-0.057402,229.9,191.73,-5620.7,48486
14.637,0,-4.8617,0.22304,0.31994,-0.70388,-0.018626,0.70865,-0.044893,236.08,178.98,-5642,49480
14.644,0,-4.8908,0.48579,0.39226,-0.70457,-0.0060472,0.70887,-0.032376,250.08,167.98,-5629.3,50877
14.651,0,-4.7875,0.57622,0.54397,-0.70504,0.0065266,0.70886,-0.019856,250.85,185.31,-5635,49544
14.658,0,-4.8254,0.4947,0.52161,-0.70529,0.019091,0.70862,-0.0073355,249.41,176.52,-5619.9,48772
14.665,0,-4.8059,0.50492,0.17093,-0.70532,0.031643,0.70817,0.0051804,234.62,181.26,-5610.5,49334
14.672,0,-4.6622,0.47596,0.11345,-0.70512,0.044178,0.70749,0.017688,236.1,181.72,-5612.2,49069
14.679,0,-4.3968,0.42556,0.3757,-0.7047,0.056691,0.70659,0.030184,253.45,174.13,-5623.3,49492
14.686,0,-4.5971,0.56089,0.46129,-0.70406,0.06918,0.70547,0.042664,237.52,189.55,-5627.8,50374
14.693,0,-4.3436,0.33978,0.28346,-0.7032,0.081641,0.70413,0.055123,244.04,178.45,-5633.1,49545
14.7,0,-4.7423,0.55014,0.39153,-0.70212,0.094069,0.70258,0.067559,243.52,186.09,-5642.5,48709
14.707,0,-4.4932,0.50773,0.37427,-0.70082,0.10646,0.7008,0.079968,254.44,178.88,-5621.3,49498
14.714,0,-4.3166,0.5092,0.17922,-0.6993,0.11881,0.69881,0.092344,254.61,168.51,-5631.7,48213
14.721,0,-4.5027,0.36625,0.35777,-0.69757,0.13112,0.6966,0.10469,244.47,178.44,-5639.8,50205
14.728,0,-4.2506,0.65788,0.18268,-0.69562,0.14338,0.69417,0.11699,236.11,180.99,-5621.8,47124
14.735,0,-4.4618,0.58733,0.16433,-0.69345,0.15559,0.69153,0.12925,249.37,165.44,-5614.5,50773
14.742,0,-4.2437,0.65426,0.23084,-0.69106,0.16774,0.68868,0.14146,243.43,170.88,-5636.8,50053
14.75,0,-4.6173,0.74331,0.3532,-0.68847,0.17984,0.68562,0.15362,236.03,181.38,-5649.2,48113
14.757,0,-4.7144,0.70655,0.020045,-0.68566,0.19187,0.68234,0.16573,263.51,183.15,-5641.9,49728
14.764,0,-4.7967,0.55775,0.18616,-0.68264,0.20384,0.67886,0.17778,250.92,209.71,-5649.8,51089
14.771,0,-4.7305,0.65756,0.10252,-0.67941,0.21574,0.67517,0.18977,250.45,196.61,-5646.8,49111
14.778,0,-4.9372,0.54178,0.25406,-0.67597,0.22756,0.67127,0.20169,233.88,168.76,-5638,49774
14.785,1,-4.7705,0.51448,-0.040386,-0.67232,0.23931,0.66717,0.21355,257.02,191.5,-5633.8,48666
14.792,0,-4.777,0.62736,-0.037448,-0.66847,0.25098,0.66286,0.22533,241.58,188.73,-5668.8,49302
14.799,0,-4.89,0.88622,0.05458,-0.66441,0.26256,0.65836,0.23704,250.33,167.45,-5634.2,49216
14.806,0,-4.8,0.49012,0.027133,-0.66015,0.27406,0.65365,0.24867,251.21,170.39,-5652.1,50597
14.813,0,-4.6518,0.56478,-0.14238,-0.65569,0.28547,0.64875,0.26021,265.04,178.95,-5648.2,47155
14.82,0,-4.6335,0.52929,-0.048201,-0.65103,0.29678,0.64365,0.27167,241.51,188.58,-5646.8,49287
14.827,0,-4.7234,0.49213,-0.16967,-0.64617,0.30799,0.63835,0.28304,244.64,181.38,-5652.3,49888
14.834,0,-4.7864,0.53289,0.15625,-0.64112,0.31911,0.63286,0.29432,256.93,173.14,-5653.1,49561
14.841,0,-4.5322,0.6022,-0.12575,-0.63587,0.33012,0.62719,0.3055,250.1,191.85,-5645.7,47037
14.848,0,-4.6395,0.60836,-0.18084,-0.63043,0.34103,0.62132,0.31658,233.45,175.91,-5645.3,50221
14.855,0,-4.6782,0.56145,-0.25975,-0.6248,0.35182,0.61527,0.32755,246.97,188.51,-5658.7,47647
14.862,0,-4.6723,0.44564,-0.081252,-0.61898,0.3625,0.60903,0.33843,232.82,171.81,-5662.6,50721
14.869,0,-4.5884,0.51961,-0.084206,-0.61298,0.37307,0.60261,0.34919,235.08,184.93,-5655.1,50056
14.876,0,-4.4407,0.60723,-0.19238,-0.60679,0.38351,0.59602,0.35984,254.43,196.03,-5653.8,49994
14.883,0,-4.6239,0.66978,-0.30871,-0.60042,0.39384,0.58924,0.37038,249.91,183.83,-5661.4,48555
14.89,0,-4.738,0.43731,-0.13493,-0.59387,0.40404,0.58229,0.38079,233.71,174.31,-5666.9,50337
14.897,0,-4.5396,0.40372,-0.31119,-0.58715,0.41411,0.57517,0.39109,238.79,192.29,-5679.6,48451
14.904,0,-4.6739,0.65709,-0.29107,-0.58025,0.42405,0.56788,0.40126,245.12,177.45,-5661.3,51372
14.912,0,-4.7667,0.47219,-0.21358,-0.57318,0.43385,0.56042,0.4113,254.64,192.23,-5681.7,49577
14.919,0,-4.6144,0.46931,-0.44467,-0.56594,0.44352,0.55279,0.42122,264.34,174.72,-5662.4,49692
14.926,0,-4.5253,0.54822,-0.32875,-0.55853,0.45305,0.54501,0.431,239.6,182.8,-5667.3,48234
14.933,0,-4.5988,0.65245,-0.346,-0.55095,0.46244,0.53706,0.44065,245.5,166.16,-5672.9,48807
14.94,0,-4.3459,0.385,-0.44834,-0.54322,0.47169,0.52895,0.45015,247.47,171.28,-5663.1,48698
14.947,0,-4.3776,0.28662,-0.24461,-0.53532,0.48078,0.52069,0.45952,243.34,173.53,-5666.9,48010
14.954,0,-4.5795,0.28564,-0.39802,-0.52727,0.48973,0.51228,0.46874,241.92,201.58,-5663.8,48549
14.961,0,-4.2544,0.39822,-0.43915,-0.51906,0.49853,0.50372,0.47782,245.83,187.98,-5675.6,50006
14.968,0,-4.3941,0.33895,-0.40532,-0.5107,0.50717,0.49501,0.48675,261.65,196.34,-5699,48870
14.975,0,-4.2116,0.42572,-0.51646,-0.50219,0.51565,0.48616,0.49553,247.51,190.61,-5675.9,48151
14.982,0,-4.2352,0.35055,-0.3137,-0.49354,0.52398,0.47717,0.50415,243.08,180,-5686.4,49698
14.989,0,-4.2714,0.36752,-0.29538,-0.48474,0.53215,0.46804,0.51262,247.8,173,-5681.8,48697
14.996,0,-4.2484,0.23258,-0.38472,-0.4758,0.54015,0.45878,0.52094,236.43,189.58,-5671.6,48714
15.003,0,-4.2842,0.29047,-0.50336,-0.46673,0.54798,0.44939,0.52909,256.54,189.2,-5701,49587
15.01,0,-4.3514,0.33456,-0.49154,-0.45752,0.55565,0.43986,0.53708,233.51,179.41,-5695.4,49737
15.017,0,-4.2268,0.43672,-0.45614,-0.44818,0.56315,0.43021,0.5449,249.86,187.02,-5690.9,50256
15.024,0,-4.2089,0.27753,-0.54517,-0.43871,0.57048,0.42044,0.55256,235.72,175.51,-5678.4,47629
15.031,0,-4.3314,0.26872,-0.64752,-0.42911,0.57763,0.41055,0.56005,262.8,184.31,-5668.6,49969
15.038,0,-4.2497,0.19459,-0.37498,-0.41939,0.58461,0.40054,0.56737,256.22,194.67,-5707.7,49076
15.045,0,-4.2226,0.24845,-0.42364,-0.40956,0.59141,0.39042,0.57452,249.49,176.16,-5697.2,50346
15.052,0,-4.2012,0.35869,-0.59455,-0.3996,0.59803,0.38019,0.58149,257.21,187.47,-5703.2,49515
15.059,0,-4.4536,0.11265,-0.6365,-0.38954,0.60447,0.36985,0.58829,254.42,194.22,-5689.2,51321
15.066,0,-4.3676,0.17378,-0.40879,-0.37936,0.61073,0.35941,0.5949,269.51,196.14,-5681.9,49526
15.074,0,-4.3321,0.21549,-0.43828,-0.36908,0.61681,0.34887,0.60134,243.66,182.67,-5698.7,49857
15.081,0,-4.3954,-0.016249,-0.50229,-0.35869,0.6227,0.33824,0.6076,249.23,188.14,-5690.7,48068
15.088,0,-4.2693,0.18474,-0.5918,-0.3482,0.62841,0.3275,0.61368,240.36,184.25,-5693.4,50049
15.095,0,-4.2855,0.080673,-0.61,-0.33762,0.63392,0.31668,0.61957,252.21,193.12,-5708.2,49635
15.102,0,-4.3657,0.05702,-0.53874,-0.32694,0.63925,0.30577,0.62528,238.67,176.53,-5710.7,48670
15.109,0,-4.2558,-0.065373,-0.80034,-0.31617,0.64439,0.29478,0.6308,265.93,179.29,-5698.8,46781
15.116,0,-4.2884,0.084673,-0.62122,-0.30531,0.64933,0.28371,0.63613,236.35,184.9,-5710.9,48894
15.123,0,-4.5203,0.19333,-0.37994,-0.29437,0.65408,0.27256,0.64127,240.76,181.44,-5697.9,50014
15.13,0,-4.432,-0.18257,-0.52951,-0.28335,0.65864,0.26134,0.64622,255.96,189.66,-5705.9,47785
15.137,0,-4.2947,0.093671,-0.66257,-0.27225,0.663,0.25004,0.65098,252.66,160.32,-5691.1,48249
15.144,0,-4.1387,0.046152,-0.44483,-0.26108,0.66717,0.23868,0.65555,239.72,183.38,-5716.3,47714
15.151,0,-4.5195,0.015682,-0.64415,-0.24984,0.67114,0.22726,0.65992,248.56,174.76,-5705.4,49115
15.158,0,-4.3711,-0.167,-0.51798,-0.23853,0.67491,0.21578,0.6641,241.51,184.37,-5725.2,49263
15.165,0,-4.5059,0.11231,-0.4758,-0.22716,0.67849,0.20424,0.66809,236.28,186.48,-5701,49100
15.172,0,-4.6599,0.02603,-0.50651,-0.21573,0.68186,0.19265,0.67187,252.36,180.98,-5716.3,48895
15.179,0,-4.6341,-0.11765,-0.37468,-0.20424,0.68504,0.18101,0.67546,254,170.8,-5723.1,48895
15.186,0,-4.4403,-0.10535,-0.40841,-0.19269,0.68801,0.16932,0.67885,243.92,193.44,-5725.1,49572
15.193,0,-4.6199,-0.2679,-0.51404,-0.1811,0.69079,0.15759,0.68204,258.69,185.65,-5733,49392
15.2,0,-4.3962,-0.19254,-0.65677,-0.16946,0.69336,0.14582,0.68503,268.29,182.01,-5721.9,47961
15.207,0,-4.379,-0.36804,-0.6564,-0.15778,0.69573,0.13402,0.68782,254.12,171.5,-5711.5,47454
15.214,0,-4.5583,-0.30696,-0.30161,-0.14606,0.6979,0.12218,0.69042,273.31,169.94,-5720.2,49327
15.221,0,-4.3205,-0.23149,-0.4224,-0.1343,0.69987,0.11032,0.69281,238.23,198.38,-5725.6,47549
15.228,0,-4.1944,-0.1641,-0.45872,-0.12251,0.70163,0.098427,0.695,240.7,170,-5718.4,47909
15.236,0,-4.1833,-0.40917,-0.49137,-0.11069,0.70319,0.086516,0.69698,253.14,184.1,-5720.4,49568
15.243,0,-4.2518,-0.28345,-0.47959,-0.098843,0.70455,0.074587,0.69877,242.32,188.34,-5744.9,47818
15.25,0,-4.261,-0.36364,-0.57637,-0.086976,0.7057,0.062643,0.70035,253,191.55,-5714.1,48990
15.257,0,-4.292,-0.26317,-0.33209,-0.075089,0.70665,0.050688,0.70173,250.23,190.65,-5738.7,49268
15.264,0,-4.1507,-0.35219,-0.38772,-0.063187,0.7074,0.038725,0.70291,247.3,167.92,-5723.3,48723
15.271,0,-4.1012,-0.42677,-0.50151,-0.051274,0.70795,0.026759,0.70389,258.97,202.81,-5737.5,48373
15.278,0,-4.2494,-0.48912,-0.45576,-0.039351,0.70829,0.014791,0.70467,260.26,187.27,-5739.9,48773
15.285,0,-4.3248,-0.35555,-0.46307,-0.027424,0.70843,0.0028258,0.70524,237.89,178.02,-5722.5,48720
15.292,0,-4.2046,-0.3362,-0.4042,-0.015495,0.70837,-0.0091332,0.70561,250.6,177.15,-5743.1,49302
15.299,0,-4.2572,-0.32547,-0.43106,-0.0035681,0.70811,-0.021083,0.70578,269.8,190.89,-5723.4,47226
15.306,0,-4.2445,-0.35531,-0.48598,0.0083537,0.70765,-0.03302,0.70574,256.04,180.59,-5738.1,49527
15.313,0,-4.2565,-0.40012,-0.26017,0.020267,0.70698,-0.04494,0.70551,248.45,177.34,-5744.4,49283
15.32,0,-4.222,-0.58247,-0.26099,0.032168,0.70612,-0.056842,0.70508,247.18,177.53,-5741.1,49357
15.327,0,-4.2613,-0.22228,-0.22706,0.044054,0.70505,-0.06872,0.70444,235.65,194.67,-5746.4,48212
15.334,0,-4.1885,-0.44391,-0.2817,0.055921,0.70379,-0.080572,0.70361,255.31,197.44,-5753.1,48474
15.341,0,-4.255,-0.33849,-0.29447,0.067766,0.70233,-0.092394,0.70257,265.96,187.17,-5755.1,48709
15.348,0,-4.3653,-0.36069,-0.23605,0.079586,0.70067,-0.10418,0.70134,245.12,177.72,-5748.9,48438
15.355,0,-4.0691,-0.61802,-0.27248,0.091377,0.69881,-0.11594,0.69991,248.66,182.06,-5742.7,47849
15.362,0,-4.285,-0.3661,-0.34513,0.10314,0.69676,-0.12765,0.69828,252.73,166.65,-5758.4,47350
15.369,0,-4.2292,-0.39838,-0.062254,0.11486,0.69451,-0.13932,0.69646,258.33,174.67,-5753.4,48282
15.376,0,-4.1228,-0.60705,-0.20477,0.12654,0.69207,-0.15095,0.69444,259.11,200.68,-5729.2,47288
15.383,0,-4.1422,-0.3087,-0.17794,0.13819,0.68943,-0.16253,0.69222,251.8,165.6,-5742.4,48856
15.39,0,-4.3765,-0.66647,-0.15792,0.14979,0.68661,-0.17405,0.68981,259.85,199.05,-5769.7,48569
15.398,0,-4.3635,-0.51652,-0.13906,0.16134,0.68359,-0.18552,0.68721,262.27,179.86,-5754.3,48129
15.405,0,-4.3965,-0.68246,-0.15877,0.17283,0.68038,-0.19693,0.68442,249.17,187.69,-5752.3,46539
15.412,0,-4.1646,-0.49692,0.025358,0.18428,0.67699,-0.20828,0.68143,259.96,178.52,-5751.9,46848
15.419,0,-4.2539,-0.51523,0.028351,0.19567,0.67341,-0.21956,0.67826,269.16,170.29,-5759.1,49194
15.426,0,-4.2733,-0.58422,-0.21386,0.20699,0.66964,-0.23078,0.67489,247,184.02,-5780.9,49151
15.433,0,-4.2537,-0.69809,-0.13776,0.21825,0.66568,-0.24192,0.67135,273,181.67,-5765.4,49651
15.44,0,-4.387,-0.66345,0.020565,0.22945,0.66155,-0.253,0.66761,245.03,194.42,-5746.9,49319
15.447,0,-4.274,-0.54497,0.066761,0.24057,0.65723,-0.26399,0.66369,254.72,194.26,-5764.8,49242
15.454,0,-4.2316,-0.51215,0.14087,0.25162,0.65273,-0.27491,0.65959,252.42,165,-5769.8,47203
15.461,0,-4.1235,-0.65691,0.017331,0.2626,0.64805,-0.28574,0.6553,250.55,175.66,-5773.3,51002
15.468,0,-4.3534,-0.64897,-0.080524,0.2735,0.6432,-0.29649,0.65084,262.89,201.17,-5762.8,48583
15.475,0,-3.9791,-0.45266,0.10749,0.28431,0.63817,-0.30715,0.64619,244.29,186.32,-5770.3,48945
15.482,0,-4.1596,-0.40687,0.29407,0.29504,0.63297,-0.31772,0.64137,265.51,195.31,-5753.5,49068
15.489,1,-4.0272,-0.51794,0.26756,0.30568,0.62759,-0.32819,0.63638,262.79,186.4,-5771.2,47126
15.496,0,-3.9296,-0.4055,0.10428,0.31624,0.62205,-0.33857,0.63121,257.07,167.22,-5759.5,48434
15.503,0,-3.9434,-0.52857,0.070038,0.32669,0.61634,-0.34885,0.62586,252.97,197.37,-5782.6,49402
15.51,0,-3.9756,-0.43924,0.038034,0.33706,0.61046,-0.35902,0.62035,274.69,195.84,-5781.2,48702
15.517,0,-4.1923,-0.62629,0.17718,0.34732,0.60441,-0.3691,0.61467,264.93,185.67,-5775.3,47404
15.524,0,-3.9853,-0.62498,0.26013,0.35749,0.5982,-0.37906,0.60882,259.63,198.91,-5774,49003
15.531,0,-4.0099,-0.42424,0.25952,0.36754,0.59184,-0.38892,0.60281,271.84,196.67,-5769.8,49039
15.538,0,-4.0199,-0.53053,0.079942,0.3775,0.58531,-0.39866,0.59664,267.15,200.56,-5783.2,49074
15.545,0,-4.1095,-0.36986,0.29936,0.38734,0.57863,-0.40829,0.5903,236.96,184.07,-5780.4,47515
15.552,0,-3.8988,-0.5626,0.21765,0.39707,0.57179,-0.4178,0.58381,241.24,201.63,-5777.7,48359
15.56,0,-4.0075,-0.36385,0.34274,0.40669,0.5648,-0.42719,0.57716,257.26,180.65,-5782,49389
15.567,0,-4.1373,-0.40823,0.19458,0.41619,0.55766,-0.43646,0.57035,267.03,194.58,-5771.3,48760
15.574,0,-4.3128,-0.30679,0.31835,0.42557,0.55037,-0.44561,0.56339,253.88,187.43,-5793.4,46158
15.581,0,-3.9822,-0.44626,0.36102,0.43484,0.54294,-0.45462,0.55628,249.28,184.36,-5796,49695
15.588,0,-4.1269,-0.34824,0.17199,0.44397,0.53536,-0.46351,0.54903,257.44,193.15,-5807.6,47660
15.595,0,-4.0622,-0.33382,0.37303,0.45298,0.52764,-0.47227,0.54162,255.93,202.13,-5795.9,48221
15.602,0,-4.2168,-0.48597,0.42917,0.46187,0.51979,-0.4809,0.53408,248.99,178.65,-5784.4,49680
15.609,0,-4.1074,-0.46409,0.20821,0.47062,0.51179,-0.48939,0.52639,262.66,195.66,-5792.5,48663
15.616,0,-4.0604,-0.33501,0.15146,0.47924,0.50367,-0.49774,0.51856,275.46,186.69,-5791.4,51050
15.623,0,-4.1953,-0.46091,0.31394,0.48772,0.49541,-0.50596,0.5106,254.17,186.74,-5788.8,48583
15.63,0,-4.1225,-0.454,0.37417,0.49607,0.48702,-0.51403,0.5025,248.3,177.45,-5797.3,47929
15.637,0,-4.0615,-0.28191,0.32974,0.50428,0.4785,-0.52196,0.49427,266.2,196.22,-5800,48680
15.644,0,-4.066,-0.2335,0.34858,0.51235,0.46986,-0.52974,0.48591,243.53,181.18,-5787.6,47910
15.651,0,-3.9491,-0.34319,0.35018,0.52027,0.4611,-0.53738,0.47742,251.58,185.06,-5807.4,49271
15.658,0,-4.151,-0.025381,0.29187,0.52805,0.45222,-0.54486,0.46881,248.8,201.71,-5799.8,49060
15.665,0,-4.0592,-0.30379,0.46415,0.53568,0.44322,-0.5522,0.46008,249.47,186.01,-5813.2,48149
15.672,0,-3.925,-0.1773,0.6185,0.54317,0.43411,-0.55938,0.45122,252.82,187.3,-5791.7,49911
15.679,0,-3.9289,-0.27538,0.48591,0.5505,0.42489,-0.56641,0.44225,270.78,165.62,-5803.2,49123
15.686,0,-4.123,-0.33229,0.54407,0.55769,0.41556,-0.57329,0.43317,259.66,197.19,-5799.8,50508
15.693,0,-3.8422,-0.23214,0.53814,0.56472,0.40612,-0.58001,0.42398,248.5,211.78,-5795.2,48481
15.7,0,-3.7042,-0.34797,0.26079,0.57159,0.39658,-0.58656,0.41467,263.43,203.88,-5809.6,48984
15.707,0,-4.0193,-0.28621,0.35228,0.5783,0.38694,-0.59296,0.40526,266.26,204.45,-5791.2,48302
15.715,0,-3.7359,-0.17181,0.3028,0.58486,0.3772,-0.5992,0.39575,262.33,195.49,-5800.3,49985
15.722,0,-3.8488,-0.094369,0.47407,0.59126,0.36737,-0.60527,0.38613,273.4,180.22,-5801.9,49692
15.729,0,-3.9034,0.10019,0.42178,0.5975,0.35744,-0.61118,0.37642,254.99,182.61,-5831.4,49370
15.736,0,-3.7677,-0.16919,0.37273,0.60357,0.34743,-0.61692,0.36661,250.26,185.95,-5809.2,46905
15.743,0,-3.9534,-0.29398,0.53418,0.60948,0.33733,-0.62249,0.35671,259.35,202.26,-5818.6,48279
15.75,0,-3.7817,-0.032984,0.61897,0.61522,0.32714,-0.6279,0.34672,253.23,204.2,-5808.8,47354
15.757,0,-3.7881,-0.010487,0.3592,0.6208,0.31688,-0.63314,0.33665,256.32,183.71,-5826.8,47239
15.764,0,-3.8209,-0.0075825,0.3991,0.62621,0.30653,-0.6382,0.32649,269.6,202.72,-5812.9,49135
15.771,0,-3.7885,-0.049209,0.5032,0.63145,0.29611,-0.6431,0.31625,274.4,172.85,-5812.5,48372
15.778,0,-3.7055,-0.10812,0.28665,0.63652,0.28562,-0.64782,0.30593,278.14,178.39,-5812.4,49559
15.785,0,-3.9013,-0.094961,0.46283,0.64142,0.27506,-0.65237,0.29553,257.49,186.28,-5816.1,48107
15.792,0,-3.9479,0.13982,0.44349,0.64615,0.26443,-0.65674,0.28506,257.49,167.75,-5821.1,47882
15.799,0,-3.9773,0.070011,0.49918,0.6507,0.25374,-0.66094,0.27452,270.97,185.51,-5813.9,48843
15.806,0,-3.9441,-0.0023256,0.44072,0.65508,0.24299,-0.66496,0.26392,267.27,188.44,-5823.7,48134
15.813,0,-3.9651,-0.076671,0.47691,0.65928,0.23218,-0.66881,0.25325,247.2,180.83,-5822.7,48649
15.82,0,-3.9409,-0.035157,0.66412,0.66331,0.22131,-0.67248,0.24252,234.85,176.38,-5838.9,47468
15.827,0,-3.922,-0.0027909,0.4023,0.66716,0.2104,-0.67596,0.23173,260.74,200.64,-5852.2,48355
15.834,0,-3.6363,-0.042743,0.57868,0.67084,0.19943,-0.67927,0.22089,266.88,185.24,-5828.2,47389
15.841,0,-3.9053,0.14125,0.77254,0.67433,0.18842,-0.6824,0.21,250.18,193.17,-5832.4,48511
15.848,0,-3.9368,0.0022137,0.58099,0.67765,0.17736,-0.68535,0.19905,239.61,186.7,-5824.3,48695
15.855,0,-3.9501,0.019405,0.47223,0.68079,0.16627,-0.68812,0.18806,263.71,195.21,-5834.2,51338
15.862,0,-3.9396,0.23684,0.40821,0.68375,0.15514,-0.69071,0.17703,262.98,176.65,-5828.7,48857
15.869,0,-3.9238,0.34701,0.44938,0.68653,0.14397,-0.69312,0.16595,254.81,174.38,-5836.3,49383
15.877,0,-3.972,0.11577,0.39977,0.68912,0.13278,-0.69534,0.15484,259.49,195.66,-5826.3,49221
15.884,0,-4.0966,0.32336,0.22976,0.69154,0.12155,-0.69739,0.1437,248.89,177.98,-5844.7,47690
15.891,0,-3.9583,0.088129,0.42055,0.69377,0.1103,-0.69925,0.13252,271.92,198.13,-5834.2,47552
15.898,0,-3.9185,0.21535,0.43012,0.69583,0.09903,-0.70093,0.12131,260.7,186.37,-5842.3,46598
15.905,0,-3.8519,0.24697,0.50899,0.6977,0.087739,-0.70242,0.11008,275.1,183.05,-5827.2,47091
15.912,0,-4.0606,0.27033,0.45882,0.69939,0.076432,-0.70374,0.098828,269.3,196.56,-5843.3,47141
15.919,0,-3.6421,0.20506,0.69146,0.7009,0.065111,-0.70487,0.087555,247.61,194.75,-5846.7,48258
15.926,0,-3.7422,0.1109,0.26352,0.70222,0.053781,-0.70582,0.076265,256.38,195.37,-5827.5,47228
15.933,0,-4.0016,0.26484,0.32135,0.70336,0.042442,-0.70658,0.064961,259.37,208.37,-5848.1,48643
15.94,0,-3.8333,0.107,0.422,0.70432,0.0311,-0.70717,0.053647,262.3,184.76,-5851.7,49723
15.947,0,-3.9011,0.23161,0.4038,0.7051,0.019756,-0.70757,0.042325,269.36,191.6,-5839.6,46495
15.954,0,-3.7604,0.25989,0.24542,0.7057,0.008413,-0.70779,0.030998,249.85,191.04,-5866.4,48753
15.961,0,-3.3863,0.30337,0.5207,0.70611,-0.0029252,-0.70782,0.019669,273.23,197.49,-5850.3,50180
15.968,0,-3.5784,0.53968,0.29455,0.70634,-0.014256,-0.70768,0.0083407,267.39,194.21,-5840.2,48324
15.975,0,-3.5388,0.39535,0.15693,0.70639,-0.025577,-0.70735,-0.0029833,243.94,194.47,-5877.4,50154
15.982,0,-3.6723,0.27978,0.31583,0.70626,-0.036885,-0.70685,-0.0143,266.74,182.03,-5862.4,46913
15.989,0,-3.7728,0.35682,0.17586,0.70595,-0.048176,-0.70616,-0.025608,262.4,190.69,-5848,48070
15.996,0,-3.5893,0.29818,0.33361,0.70546,-0.059449,-0.70529,-0.036903,254.58,206.72,-5855.1,46461
16.003,0,-3.6369,0.53716,0.27894,0.70478,-0.070701,-0.70425,-0.048182,262.02,186.4,-5835,46540
16.01,0,-3.7654,0.5088,0.28028,0.70393,-0.081927,-0.70302,-0.059443,263.16,182.3,-5864.2,48821
16.017,0,-3.5622,0.54481,0.37041,0.7029,-0.093127,-0.70162,-0.070683,252.71,168.74,-5850.9,49231
16.024,0,-3.7234,0.48041,0.26278,0.70169,-0.1043,-0.70004,-0.081899,266.61,196.08,-5860,47312
16.031,0,-3.495,0.54639,0.28604,0.7003,-0.11543,-0.69828,-0.093088,263.88,190.79,-5874.1,49274
16.039,0,-3.9457,0.51368,0.21032,0.69873,-0.12653,-0.69634,-0.10425,276.2,175.18,-5861.6,46388
16.046,0,-3.8383,0.46598,0.10709,0.69699,-0.1376,-0.69424,-0.11537,265.77,196.28,-5866.3,47153
16.053,0,-3.707,0.491,0.047728,0.69507,-0.14862,-0.69195,-0.12647,251.51,207.77,-5863.1,48045
16.06,0,-3.8329,0.37492,0.18636,0.69298,-0.15959,-0.6895,-0.13752,258.52,191.19,-5880.5,50447
16.067,0,-3.7629,0.3651,0.21167,0.69071,-0.17052,-0.68687,-0.14853,241.13,176.15,-5882.9,47401
16.074,0,-3.5682,0.36742,0.17671,0.68826,-0.1814,-0.68406,-0.1595,268.31,183.62,-5881.5,48228
16.081,0,-3.7625,0.37448,0.27682,0.68565,-0.19223,-0.68109,-0.17043,293.26,175.54,-5866.9,45158
16.088,0,-3.7447,0.40494,0.11098,0.68286,-0.20301,-0.67795,-0.1813,269.1,177.84,-5870.8,48047
16.095,0,-3.7358,0.44194,-0.039808,0.67991,-0.21372,-0.67464,-0.19212,259.88,201.4,-5883,49378
16.102,0,-3.6887,0.53505,0.055489,0.67678,-0.22438,-0.67116,-0.20289,263.05,198.21,-5859.1,50270
16.109,0,-3.7602,0.54514,0.021532,0.67348,-0.23498,-0.66752,-0.2136,265.77,195.44,-5888.4,48044
16.116,0,-3.7037,0.6272,0.11454,0.67002,-0.24551,-0.66371,-0.22426,257.24,196.39,-5872.4,48601
16.123,0,-3.6599,0.43456,0.053587,0.66639,-0.25597,-0.65974,-0.23485,265.68,209.87,-5884,46518
16.13,0,-3.8098,0.33523,-0.024725,0.66259,-0.26636,-0.6556,-0.24537,259.9,197.68,-5880.4,47347
16.137,0,-3.9334,0.67767,-0.17735,0.65864,-0.27668,-0.6513,-0.25583,263.21,198.39,-5876.3,48145
16.144,0,-3.7174,0.41904,-0.06901,0.65451,-0.28692,-0.64685,-0.26622,270.29,192.8,-5882.6,47739
16.151,0,-3.7117,0.65513,0.041241,0.65023,-0.29709,-0.64223,-0.27654,271.92,184.62,-5878.3,47557
16.158,0,-3.8003,0.41967,-0.06747,0.64579,-0.30718,-0.63746,-0.28678,279.23,175.01,-5861.2,48489
16.165,0,-3.7656,0.54826,-0.078991,0.64119,-0.31718,-0.63253,-0.29695,273.34,205.13,-5887.3,46229
16.172,0,-3.8528,0.43443,-0.22216,0.63643,-0.3271,-0.62745,-0.30703,283.45,190.34,-5891.2,50584
16.179,0,-3.6094,0.35487,0.019474,0.63151,-0.33694,-0.62221,-0.31704,261.26,203.35,-5899,47422
16.186,0,-3.6713,0.52689,-0.10027,0.62644,-0.34668,-0.61683,-0.32696,257.06,201.1,-5896.7,48357
16.193,1,-3.6517,0.30299,-0.12626,0.62122,-0.35633,-0.61129,-0.33679,272.06,185.94,-5878.6,49329
16.201,0,-3.4631,0.49207,-0.29978,0.61585,-0.36589,-0.60561,-0.34654,270.93,200.96,-5876.8,46370
16.208,0,-3.3854,0.38279,-0.35215,0.61032,-0.37536,-0.59978,-0.35619,265.01,189.5,-5887.3,47748
16.215,0,-3.1506,0.34285,-0.0035303,0.60465,-0.38472,-0.59381,-0.36575,263.52,208.1,-5896.5,48523
16.222,0,-3.1228,0.44016,-0.088954,0.59883,-0.39399,-0.58769,-0.37522,269.7,188.2,-5885.3,47787
16.229,0,-3.2718,0.53777,-0.22093,0.59287,-0.40315,-0.58144,-0.38459,276.34,188.06,-5886.4,46795
16.236,0,-3.2697,0.56643,-0.17121,0.58677,-0.41221,-0.57504,-0.39385,274.56,193.45,-5894.2,48893
16.243,0,-3.2734,0.29486,-0.22705,0.58052,-0.42116,-0.5685,-0.40302,267.06,208.52,-5889.9,48658
16.25,0,-3.4659,0.2828,-0.35248,0.57413,-0.43,-0.56184,-0.41208,274.58,203.55,-5886.6,47369
16.257,0,-3.3208,0.38206,-0.2942,0.56761,-0.43874,-0.55503,-0.42104,264.46,181.7,-5890.8,48456
16.264,0,-3.3429,0.34924,-0.32329,0.56095,-0.44736,-0.5481,-0.42988,259.94,204.84,-5903.7,49004
16.271,0,-3.4657,0.40038,-0.39344,0.55415,-0.45586,-0.54103,-0.43862,254.73,194.11,-5896.2,47459
16.278,0,-3.2826,0.35008,-0.14644,0.54723,-0.46425,-0.53384,-0.44725,265.93,183.02,-5906.3,47958
16.285,0,-3.3779,0.39692,-0.22662,0.54017,-0.47252,-0.52652,-0.45576,262.43,200.3,-5895.1,47445
16.292,0,-3.4275,0.35549,-0.45728,0.53298,-0.48068,-0.51908,-0.46415,270.51,186.81,-5921.7,47956
16.299,0,-3.259,0.15835,-0.31704,0.52567,-0.48871,-0.51151,-0.47243,279.64,184.78,-5886.6,48768
16.306,0,-3.4369,0.34399,-0.48743,0.51824,-0.49661,-0.50383,-0.48058,258.3,197.59,-5913.6,49049
16.313,0,-3.2927,0.31701,-0.21726,0.51068,-0.5044,-0.49603,-0.48862,273.92,203.61,-5904.8,47381
16.32,0,-3.4158,0.22037,-0.28397,0.503,-0.51205,-0.48811,-0.49653,279.78,197.53,-5930.4,47569
16.327,0,-3.3802,0.10586,-0.3532,0.4952,-0.51958,-0.48008,-0.50432,272.74,182.78,-5903.5,46748
16.334,0,-3.3531,0.48074,-0.26341,0.48729,-0.52697,-0.47194,-0.51198,271.12,210.77,-5924.1,48791
16.341,0,-3.453,0.16676,-0.34617,0.47926,-0.53424,-0.46368,-0.51951,282.74,181.57,-5914.6,48450
16.348,0,-3.4009,0.29157,-0.56837,0.47112,-0.54137,-0.45533,-0.52692,264.1,197.54,-5923.6,44772
16.355,0,-3.3334,0.36669,-0.32333,0.46287,-0.54837,-0.44686,-0.53419,269.83,200.76,-5922.8,46692
16.363,0,-3.3821,0.31555,-0.38992,0.45452,-0.55523,-0.4383,-0.54132,266.52,197.88,-5920,46122
16.37,0,-3.3931,0.29015,-0.4455,0.44606,-0.56195,-0.42963,-0.54833,264.72,187.45,-5922.2,47108
16.377,0,-3.3212,-0.057137,-0.35913,0.43749,-0.56854,-0.42086,-0.5552,265.73,187.51,-5897.6,47177
16.384,0,-3.3903,0.14225,-0.34639,0.42883,-0.57498,-0.412,-0.56193,275.28,184.41,-5923.7,48352
16.391,0,-3.3034,0.051711,-0.28622,0.42006,-0.58128,-0.40305,-0.56852,255.2,169.3,-5927.8,48913
16.398,0,-3.2593,0.086659,-0.48043,0.4112,-0.58744,-0.394,-0.57497,252.87,187.9,-5914.4,45820
16.405,0,-3.3176,0.25031,-0.30015,0.40225,-0.59346,-0.38487,-0.58128,268.71,199.3,-5917.7,48072
16.412,0,-3.1424,0.020546,-0.34151,0.3932,-0.59933,-0.37564,-0.58744,255.12,172.14,-5926.7,47377
16.419,0,-3.5169,0.048599,-0.46572,0.38406,-0.60506,-0.36634,-0.59346,275.67,186.85,-5907.7,47291
16.426,0,-3.3194,0.22354,-0.47585,0.37484,-0.61063,-0.35695,-0.59934,261.27,197.27,-5925.4,47096
16.433,0,-3.4906,0.031719,-0.34076,0.36553,-0.61606,-0.34748,-0.60507,264.76,213.83,-5938.8,47961
16.44,0,-3.2991,0.19158,-0.28207,0.35614,-0.62134,-0.33794,-0.61065,279.79,208.13,-5917.6,48337
16.447,0,-3.3434,-0.0095321,-0.50851,0.34667,-0.62647,-0.32832,-0.61609,271.34,201.27,-5934.2,47808
16.454,0,-3.4185,0.056796,-0.42758,0.33712,-0.63144,-0.31863,-0.62137,259.5,194.8,-5943.6,50152
16.461,0,-3.2001,-0.038781,-0.61932,0.3275,-0.63627,-0.30887,-0.62651,262.39,203.3,-5922.8,48669
16.468,0,-3.3712,0.066622,-0.46161,0.31781,-0.64094,-0.29904,-0.63149,275.06,180.92,-5916.2,46160
16.475,0,-3.1495,0.05676,-0.37483,0.30804,-0.64545,-0.28915,-0.63632,259.97,203.14,-5931.2,47653
16.482,0,-3.3579,0.069956,-0.55727,0.29821,-0.64981,-0.27919,-0.64099,277.22,185.25,-5935.2,47529
16.489,0,-3.2518,-0.085709,-0.33954,0.28831,-0.65402,-0.26917,-0.64551,274.04,197.2,-5937,46755
16.496,0,-3.2664,-0.04895,-0.49581,0.27834,-0.65806,-0.2591,-0.64988,274.23,195.65,-5938.7,47318
16.503,0,-3.084,-0.057217,-0.42397,0.26832,-0.66195,-0.24897,-0.65409,283.86,204.27,-5931.9,47590
16.51,0,-3.3185,-0.15647,-0.29686,0.25824,-0.66569,-0.23879,-0.65814,271.7,192.67,-5945.1,48477
16.517,0,-3.2024,0.055552,-0.24722,0.2481,-0.66926,-0.22856,-0.66204,274.45,215.36,-5946.8,46545
16.525,0,-3.0475,0.065507,-0.43172,0.23791,-0.67267,-0.21828,-0.66578,272.68,196.94,-5935.8,48171
16.532,0,-3.3038,-0.11496,-0.50619,0.22767,-0.67593,-0.20796,-0.66936,265.22,203.5,-5941.9,47440
16.539,0,-3.1341,-0.19293,-0.34035,0.21738,-0.67902,-0.19759,-0.67278,274.67,211.21,-5950.7,46650
16.546,0,-3.1614,-0.037996,-0.64801,0.20705,-0.68196,-0.18719,-0.67604,283.04,195.52,-5956.6,48659
16.553,0,-3.2074,-0.03509,-0.42042,0.19667,-0.68473,-0.17674,-0.67914,252.93,181.84,-5941,46991
16.56,0,-3.3235,-0.021972,-0.51001,0.18625,-0.68734,-0.16626,-0.68208,279.79,184.89,-5956.8,47878
16.567,0,-3.1402,-0.42532,-0.33664,0.17579,-0.68979,-0.15575,-0.68485,271.3,199.35,-5934.8,48278
16.574,0,-3.1894,-0.03665,-0.33782,0.1653,-0.69208,-0.14521,-0.68747,271.43,201.15,-5938.7,49923
16.581,0,-3.1884,-0.24935,-0.45506,0.15478,-0.6942,-0.13464,-0.68992,266.35,201.22,-5949.8,45444
16.588,0,-3.1995,0.011745,-0.57021,0.14422,-0.69617,-0.12405,-0.69222,277.69,194.67,-5958.2,45509
16.595,0,-3.1619,-0.27703,-0.44662,0.13364,-0.69797,-0.11343,-0.69435,272.01,206.24,-5968.8,47500
16.602,0,-3.1931,-0.20361,-0.31293,0.12303,-0.6996,-0.10279,-0.69631,274.15,201.72,-5940.6,47836
16.609,0,-3.1285,-0.10618,-0.3267,0.11239,-0.70108,-0.092139,-0.69812,275.07,200.23,-5968.2,45684
16.616,0,-3.1817,-0.24813,-0.27776,0.10174,-0.70239,-0.08147,-0.69976,255.37,187.37,-5948.7,48587
16.623,0,-3.2692,-0.17106,-0.49412,0.09107,-0.70354,-0.070788,-0.70123,277.11,200.11,-5953,47424
16.63,0,-3.1222,-0.2655,-0.32168,0.080383,-0.70452,-0.060097,-0.70255,268.37,190.21,-5950.4,47806
16.637,0,-3.2965,-0.3161,-0.24941,0.069684,-0.70535,-0.049398,-0.7037,274.5,204.4,-5976.9,47008
16.644,0,-3.2693,-0.18042,-0.4379,0.058973,-0.706,-0.038695,-0.70469,271.96,197.49,-5954.9,47405
16.651,0,-3.2739,-0.066234,-0.24491,0.048255,-0.7065,-0.027988,-0.70551,270.76,200.02,-5941.8,48658
16.658,0,-3.136,-0.1787,-0.30529,0.03753,-0.70683,-0.017282,-0.70617,263.06,217.54,-5960.7,48027
16.665,0,-3.0336,-0.20073,-0.33712,0.026803,-0.70701,-0.0065783,-0.70667,278.66,196.57,-5943.3,47244
16.672,0,-3.3413,-0.42666,-0.27847,0.016076,-0.70702,0.0041206,-0.707,277.16,184.81,-5986.3,48503
16.679,0,-3.1031,-0.24288,-0.2862,0.0053498,-0.70686,0.014812,-0.70718,258.92,196.14,-5965.2,47410
16.687,0,-3.3196,-0.21119,-0.43074,-0.0053716,-0.70655,0.025494,-0.70718,281,215.99,-5975.6,46071
16.694,0,-3.2344,-0.31994,-0.42925,-0.016086,-0.70607,0.036163,-0.70703,267.42,191.61,-5960.2,46823
16.701,0,-3.2244,-0.40602,-0.23059,-0.026792,-0.70544,0.046818,-0.70672,272.88,203.47,-5975.5,46745
16.708,0,-3.1108,-0.36013,-0.36913,-0.037485,-0.70464,0.057456,-0.70624,276.56,205.63,-5966.8,48399
16.715,0,-3.0966,-0.31743,-0.17073,-0.048165,-0.70369,0.068074,-0.7056,250.45,217.34,-5999.3,47790
16.722,0,-3.1815,-0.15555,-0.082729,-0.058828,-0.70257,0.078671,-0.7048,259.55,214.51,-5973.5,47309
16.729,0,-3.0216,-0.18498,-0.0061606,-0.069471,-0.70129,0.089243,-0.70384,283.55,226.13,-5980.2,48683
16.736,0,-3.2085,-0.33113,-0.29537,-0.080094,-0.69986,0.099789,-0.70272,284.28,206.03,-5966.5,46091
16.743,0,-3.2249,-0.46282,-0.23408,-0.090693,-0.69827,0.11031,-0.70144,268.04,218.85,-5971.8,46667
16.75,0,-2.9369,-0.43235,-0.37257,-0.10127,-0.69652,0.12079,-0.70001,248.26,206.26,-5987.8,48295
16.757,0,-3.1625,-0.46257,-0.096552,-0.11181,-0.69462,0.13124,-0.69841,284.01,181.93,-5976.3,47163
16.764,0,-3.0538,-0.32397,-0.19646,-0.12232,-0.69256,0.14166,-0.69666,270.74,180.43,-5991.5,45189
16.771,0,-3.0996,-0.27778,-0.058605,-0.1328,-0.69034,0.15204,-0.69475,260.96,209.39,-5961.3,46451
16.778,0,-3.0246,-0.42044,-0.21095,-0.14325,-0.68798,0.16237,-0.69268,277.74,212.03,-5993.8,45962
16.785,0,-3.1971,-0.2076,-0.13806,-0.15365,-0.68545,0.17267,-0.69046,272.41,230.04,-5991.5,48099
16.792,0,-3.0879,-0.40175,-0.15697,-0.16402,-0.68278,0.18292,-0.68808,272.84,225.12,-5985.3,47416
16.799,0,-2.83,-0.3655,-0.32673,-0.17434,-0.67995,0.19312,-0.68555,283.71,189.32,-5996.7,49298
16.806,0,-3.0731,-0.33908,0.086568,-0.18462,-0.67698,0.20327,-0.68286,277.38,219.21,-5994.4,46333
16.813,0,-2.9705,-0.28358,-0.05521,-0.19485,-0.67385,0.21337,-0.68002,280.76,197.44,-5980.3,49137
16.82,0,-3.1007,-0.33149,-0.12946,-0.20504,-0.67057,0.22342,-0.67703,265.96,204.92,-5990.2,48671
16.827,0,-2.9674,-0.47731,-0.070792,-0.21517,-0.66715,0.23341,-0.6739,253.4,199.17,-5988.2,45953
16.834,0,-3.0366,-0.33391,0.069004,-0.22524,-0.66358,0.24335,-0.67061,287.37,198.11,-5986.7,46649
16.841,0,-3.1962,-0.6347,-0.052264,-0.23527,-0.65986,0.25322,-0.66717,288.22,198.88,-5998.8,45169
16.849,0,-2.9534,-0.39036,-0.016716,-0.24523,-0.656,0.26303,-0.66358,275.49,194.03,-5975.6,46547
16.856,0,-3.0571,-0.4209,-0.014318,-0.25513,-0.65199,0.27278,-0.65985,275.88,194.56,-6002.9,47431
16.863,0,-3.0029,-0.38064,-0.019693,-0.26498,-0.64785,0.28246,-0.65597,276.06,207.54,-5998,45824
16.87,0,-3.0277,-0.24782,-0.0020754,-0.27475,-0.64356,0.29207,-0.65195,293.13,207.01,-5982.8,48385
16.877,0,-3.1319,-0.36862,-0.1049,-0.28446,-0.63913,0.30161,-0.64778,276.9,199.49,-6006.1,47518
16.884,0,-3.0732,-0.49611,-0.090383,-0.29411,-0.63456,0.31108,-0.64348,270.42,211.21,-5993.9,47767
16.891,0,-3.121,-0.22007,0.17506,-0.30368,-0.62986,0.32048,-0.63903,273.38,205.41,-6000.2,46869
16.898,1,-2.9405,-0.48546,0.11044,-0.31318,-0.62501,0.32979,-0.63444,271.55,210.88,-6010.2,45869
16.905,0,-3.1195,-0.21176,0.065235,-0.3226,-0.62004,0.33903,-0.62971,277.49,210.64,-6003.2,45788
16.912,0,-2.9962,-0.30669,0.082026,-0.33195,-0.61493,0.34819,-0.62485,281.42,199.23,-6001.8,47990
16.919,0,-3.1685,-0.3639,0.21394,-0.34122,-0.60968,0.35727,-0.61985,269.06,213.52,-5991.1,47749
16.926,0,-3.1187,-0.34619,0.060501,-0.35041,-0.60431,0.36626,-0.61472,270.14,208.54,-6004.3,46812
16.933,0,-3.1468,-0.37077,0.086819,-0.35951,-0.59881,0.37517,-0.60945,274.59,201.05,-6018.2,47692
16.94,0,-3.025,-0.42145,0.11077,-0.36853,-0.59318,0.38399,-0.60405,283.45,206.87,-6005.3,46662
16.947,0,-2.973,-0.14983,0.084767,-0.37747,-0.58742,0.39272,-0.59852,264.62,185.14,-6019,46329
16.954,0,-2.9154,-0.52978,0.054252,-0.38632,-0.58154,0.40136,-0.59286,264.61,207.38,-6008,47345
16.961,0,-2.7903,-0.34136,0.066713,-0.39508,-0.57553,0.40991,-0.58708,280.52,178.81,-6024,46990
16.968,0,-2.9391,-0.38445,0.11197,-0.40374,-0.5694,0.41836,-0.58116,270.84,196.96,-6017.1,46767
16.975,0,-2.9417,-0.2573,0.26876,-0.41232,-0.56315,0.42671,-0.57513,288.51,197.06,-6011.3,48311
16.982,0,-2.9913,-0.30778,0.31462,-0.4208,-0.55678,0.43497,-0.56897,278.8,193.19,-6007.8,47130
16.989,0,-3.0121,-0.38965,0.096327,-0.42918,-0.5503,0.44313,-0.56269,269.28,214.7,-6018.4,45773
16.996,0,-2.9705,-0.31047,0.20689,-0.43746,-0.54369,0.45119,-0.55629,283.12,205.82,-6005,45201
17.004,0,-3.0828,-0.36254,0.34317,-0.44564,-0.53698,0.45914,-0.54977,281.12,209.49,-6028.2,47043
17.011,0,-2.9877,-0.4261,0.22578,-0.45372,-0.53015,0.46699,-0.54313,283.32,184.47,-6020.6,46731
17.018,0,-2.779,-0.34671,0.41403,-0.4617,-0.52321,0.47474,-0.53638,277.82,188.9,-6008,47620
17.025,0,-3.0294,-0.22902,0.37206,-0.46958,-0.51616,0.48237,-0.52952,286.65,211.21,-6037,46905
17.032,0,-2.9497,-0.31652,0.20506,-0.47734,-0.50901,0.4899,-0.52255,282.29,202.2,-6019.6,45993
17.039,0,-3.0282,-0.22881,0.3557,-0.485,-0.50175,0.49732,-0.51546,271.3,217.65,-6029.1,47339
17.046,0,-2.894,-0.2962,0.23469,-0.49255,-0.49438,0.50462,-0.50827,275.56,213.69,-6042.1,45846
17.053,0,-2.7905,-0.25592,0.46504,-0.49999,-0.48691,0.51182,-0.50097,295.78,191.22,-6036.1,48256
17.06,0,-2.9212,-0.29883,0.00012334,-0.50732,-0.47935,0.51889,-0.49357,267.18,195.15,-6029.8,46719
17.067,0,-2.898,-0.27826,0.12711,-0.51453,-0.47168,0.52586,-0.48606,255.6,199.17,-6026.1,48170
17.074,0,-2.8311,-0.22198,0.31583,-0.52162,-0.46392,0.5327,-0.47845,260.1,199.77,-6026.2,46079
17.081,0,-2.9081,-0.22959,0.35368,-0.52861,-0.45606,0.53943,-0.47075,265.67,221.2,-6022.8,45274
17.088,0,-3.0782,-0.34371,0.22057,-0.53547,-0.44811,0.54604,-0.46294,277.21,198.07,-6030.8,47335
17.095,0,-3.0225,-0.17305,0.23041,-0.54221,-0.44007,0.55253,-0.45504,281.81,213.83,-6031.3,46989
17.102,0,-2.9207,0.023466,0.32446,-0.54884,-0.43193,0.55889,-0.44705,279.05,204.12,-6029.7,46754
17.109,0,-2.9841,-0.15319,0.16732,-0.55534,-0.42371,0.56513,-0.43896,278.93,207.87,-6025.2,47016
17.116,0,-2.9885,-0.089628,0.24231,-0.56172,-0.41541,0.57125,-0.43079,280.72,198.67,-6058,47938
17.123,0,-2.9724,-0.33568,0.20063,-0.56797,-0.40702,0.57724,-0.42253,298.55,203.63,-6042.7,46200
17.13,0,-2.9574,-0.167,0.25186,-0.5741,-0.39855,0.58311,-0.41418,265.9,191.62,-6029.6,46849
17.137,0,-3.0648,-0.075034,0.5225,-0.58011,-0.39,0.58885,-0.40575,278.53,199.93,-6024.8,47100
17.144,0,-2.8993,-0.061999,0.26885,-0.58598,-0.38138,0.59446,-0.39723,282.44,214.57,-6039.1,46495
17.151,0,-2.8887,-0.2553,0.26336,-0.59173,-0.37267,0.59994,-0.38864,271.95,214.68,-6037.4,45836
17.158,0,-3.0614,-0.15131,0.33329,-0.59735,-0.3639,0.60529,-0.37996,277.25,185.45,-6055.9,48535
17.166,0,-2.9452,-0.13065,0.27993,-0.60284,-0.35505,0.61051,-0.37121,272.99,193.13,-6030.9,46313
17.173,0,-2.9734,-0.016078,0.39967,-0.6082,-0.34613,0.6156,-0.36239,260.39,189.25,-6034.7,46278
17.18,0,-3.0126,-0.22716,0.21387,-0.61343,-0.33715,0.62055,-0.3535,268.1,229.94,-6049.9,45907
17.187,0,-2.8825,-0.13279,0.43241,-0.61852,-0.32809,0.62537,-0.34453,286.84,218.1,-6067.2,46705
17.194,0,-2.858,-0.042493,0.40243,-0.62348,-0.31898,0.63006,-0.3355,293.28,203.81,-6026.4,46124
17.201,0,-2.6518,-0.11096,0.36704,-0.6283,-0.3098,0.63461,-0.32639,285.85,201.13,-6056.9,46337
17.208,0,-3.0371,0.16789,0.30186,-0.63299,-0.30056,0.63902,-0.31723,276.94,196.48,-6051.3,48331
17.215,0,-2.7929,-0.18678,0.17768,-0.63754,-0.29127,0.6433,-0.308,270.61,213.89,-6068.4,46485
17.222,0,-2.8009,-0.090803,0.31511,-0.64196,-0.28192,0.64744,-0.29872,281.62,196.06,-6049.7,47302
17.229,0,-2.8795,-0.12957,0.37823,-0.64623,-0.27252,0.65144,-0.28937,286.09,212.42,-6041.1,48317
17.236,0,-2.7446,0.092156,0.31254,-0.65037,-0.26306,0.65531,-0.27997,269.66,194.41,-6045.2,46941
17.243,0,-2.8183,0.042776,0.29398,-0.65437,-0.25356,0.65903,-0.27052,279.62,205.44,-6055.4,48714
17.25,0,-2.9402,-0.015106,0.30178,-0.65823,-0.24401,0.66261,-0.26101,292.56,189.21,-6033.6,45934
17.257,0,-2.7003,-0.083879,0.3695,-0.66196,-0.23441,0.66606,-0.25146,282.33,202.81,-6047.1,46274
17.264,0,-2.9177,0.061276,0.33072,-0.66554,-0.22477,0.66936,-0.24186,280.21,200.37,-6051.7,47274
17.271,0,-2.8094,0.15457,0.26703,-0.66897,-0.21509,0.67252,-0.23221,273.77,205.11,-6059.7,45785
17.278,0,-2.9377,0.04897,0.26043,-0.67227,-0.20537,0.67554,-0.22252,274.66,204.4,-6057.3,48205
17.285,0,-2.6379,0.030591,0.34754,-0.67542,-0.19561,0.67842,-0.21279,277.21,205.52,-6061.1,45364
17.292,0,-2.7024,0.25474,0.3455,-0.67844,-0.18582,0.68116,-0.20301,281.86,198.74,-6063.9,46652
17.299,0,-2.9263,0.14679,0.48956,-0.68131,-0.176,0.68375,-0.19321,284.71,194.18,-6062.9,46016
17.306,0,-2.9437,0.25632,0.33028,-0.68403,-0.16615,0.6862,-0.18336,266.65,208.07,-6067.5,47038
17.313,0,-2.768,0.21373,0.42301,-0.68661,-0.15626,0.68851,-0.17349,290.15,231.69,-6063.9,47357
17.32,0,-2.8756,0.11658,0.32036,-0.68905,-0.14635,0.69067,-0.16358,267.81,199.7,-6061,47217
17.328,0,-2.9002,0.10651,0.25519,-0.69135,-0.13642,0.69269,-0.15364,295.52,212.68,-6060,47194
17.335,0,-2.8822,0.035627,0.19664,-0.69349,-0.12647,0.69457,-0.14368,291.62,205.57,-6065.1,46912
17.342,0,-2.8078,0.18976,0.28923,-0.6955,-0.11649,0.6963,-0.1337,274.85,204.36,-6082.5,46438
17.349,0,-3.0249,0.011655,0.39458,-0.69736,-0.1065,0.69789,-0.12369,277.98,198.36,-6052.9,46004
17.356,0,-2.8863,0.17032,0.3078,-0.69907,-0.096489,0.69933,-0.11366,274.91,197.34,-6076.8,46777
17.363,0,-2.8273,0.24534,0.57321,-0.70064,-0.086466,0.70063,-0.10361,295.53,210.78,-6057.7,46876
17.37,0,-3.0302,0.24539,0.38092,-0.70207,-0.076432,0.70179,-0.093551,294.8,184.48,-6066.2,47742
17.377,0,-2.8244,0.08772,0.32167,-0.70335,-0.066388,0.7028,-0.083475,274.02,220.15,-6061.9,47460
17.384,0,-2.7594,0.23779,0.43719,-0.70448,-0.056336,0.70367,-0.073387,282.97,195.32,-6056.9,46416
17.391,0,-3.081,-0.011232,0.39917,-0.70547,-0.04628,0.70439,-0.063289,285.36,216.37,-6069.3,45336
17.398,0,-2.9181,0.20474,0.32781,-0.70631,-0.036219,0.70497,-0.053185,272.5,213.57,-6086.5,45959
17.405,0,-2.9506,0.17766,0.2116,-0.70701,-0.026158,0.7054,-0.043074,288.44,199.6,-6109.5,46812
17.412,0,-2.731,0.33772,0.47606,-0.70757,-0.016097,0.70569,-0.032961,279.31,208.11,-6085.7,46798
17.419,0,-2.9604,0.28055,0.14839,-0.70798,-0.0060394,0.70584,-0.022846,281.15,225.54,-6078.8,46464
17.426,0,-2.8159,0.20665,0.26077,-0.70824,0.0040134,0.70585,-0.012732,294.37,212.68,-6092.9,46699
17.433,0,-2.9752,0.14099,0.07622,-0.70836,0.014059,0.70571,-0.0026205,281.44,210.32,-6073.2,46492
17.44,0,-2.9678,0.11389,0.20286,-0.70834,0.024096,0.70542,0.0074857,293.91,206.72,-6074.1,46819
17.447,0,-2.947,0.38974,0.24134,-0.70817,0.034122,0.705,0.017585,269.23,211.57,-6074.7,45209
17.454,0,-3.084,0.41071,0.29366,-0.70785,0.044135,0.70443,0.027675,288.3,208.8,-6084.5,46654
17.461,0,-3.1222,0.15784,0.10402,-0.7074,0.054133,0.70373,0.037754,269.6,220.56,-6091.8,45470
17.468,0,-2.9816,0.24105,0.24693,-0.7068,0.064114,0.70288,0.04782,287.57,198.24,-6074.7,46798
17.475,0,-3.1071,0.34708,0.2803,-0.70606,0.074076,0.70189,0.057871,277.13,207.61,-6099.9,44853
17.482,0,-3.1338,0.33005,0.22463,-0.70517,0.084017,0.70076,0.067905,284,220.88,-6077,45872
17.49,0,-2.8121,0.54106,0.33842,-0.70415,0.093934,0.69948,0.077919,287.59,202.11,-6080.3,46140
17.497,0,-3.0333,0.27585,0.20304,-0.70298,0.10383,0.69807,0.087913,277.35,206.46,-6096.1,46407
17.504,0,-2.8265,0.27842,0.27918,-0.70167,0.11369,0.69653,0.097883,267.48,207.73,-6086.5,44320
17.511,0,-2.8468,0.28552,0.062047,-0.70022,0.12353,0.69484,0.10783,297.8,192.35,-6084.6,47697
17.518,0,-2.8395,0.33918,0.31733,-0.69864,0.13334,0.69301,0.11775,292.93,222.4,-6099.1,46210
17.525,0,-2.7967,0.103,0.12211,-0.69691,0.14311,0.69105,0.12764,282.19,227.76,-6086.1,45343
17.532,0,-2.7618,0.28383,0.1953,-0.69504,0.15285,0.68895,0.13749,290.13,209.72,-6096.6,48107
17.539,0,-2.8686,0.37871,-0.00063706,-0.69304,0.16255,0.68671,0.14732,286.75,192.98,-6106.7,45867
17.546,0,-2.6855,0.28778,0.12255,-0.69089,0.17222,0.68434,0.15711,285.82,191.15,-6107.8,45638
17.553,0,-2.8053,0.32115,0.0088165,-0.68861,0.18184,0.68184,0.16686,287.78,194.76,-6096.3,46329
17.56,0,-2.6041,0.35039,0.082794,-0.6862,0.19142,0.6792,0.17658,279.64,205.35,-6111,46497
17.567,0,-2.7278,0.36945,0.11725,-0.68365,0.20096,0.67643,0.18625,293.85,197.14,-6097,45896
17.574,0,-2.7571,0.41174,-0.19329,-0.68096,0.21045,0.67352,0.19588,294.69,201.87,-6104.4,46806
17.581,0,-2.6322,0.29799,0.024109,-0.67814,0.2199,0.67049,0.20547,302.68,203.12,-6116.9,47515
17.588,0,-2.6824,0.48823,0.16754,-0.67519,0.22929,0.66732,0.21501,287.23,226.01,-6113.9,45834
17.595,0,-2.6669,0.43513,0.057869,-0.6721,0.23864,0.66403,0.22451,295.28,220.35,-6086.8,45868
17.602,1,-2.6385,0.095847,-0.1479,-0.66888,0.24793,0.6606,0.23395,290.26,211.31,-6103.1,46495
17.609,0,-2.7195,0.38736,0.035011,-0.66553,0.25717,0.65705,0.24335,280.99,207.95,-6101.1,46953
17.616,0,-2.5304,0.33573,0.083446,-0.66206,0.26635,0.65337,0.25269,292.04,201.85,-6114.4,45427
17.623,0,-2.7106,0.34257,0.13317,-0.65845,0.27547,0.64956,0.26197,284.9,189.16,-6112.8,46866
17.63,0,-2.6361,0.38115,0.13177,-0.65471,0.28453,0.64563,0.2712,287.37,211.69,-6127.2,46021
17.637,0,-2.7644,0.45383,0.08282,-0.65085,0.29354,0.64158,0.28037,271.09,208.59,-6110.2,46888
17.644,0,-2.8024,0.3743,-0.086908,-0.64686,0.30247,0.6374,0.28948,273.7,219.93,-6106.9,47278
17.652,0,-2.7887,0.40256,0.024087,-0.64275,0.31135,0.6331,0.29853,287.97,202.2,-6122.9,48298
17.659,0,-2.4608,0.55023,0.054141,-0.63851,0.32016,0.62868,0.30751,289.34,204.07,-6137.1,48519
17.666,0,-2.7557,0.40356,-0.026069,-0.63415,0.32889,0.62414,0.31643,292.25,218.14,-6107.7,46770
17.673,0,-2.6312,0.27004,0.0084087,-0.62967,0.33757,0.61948,0.32528,274.77,210.01,-6128.5,46246
17.68,0,-2.6679,0.29792,-0.053937,-0.62507,0.34616,0.6147,0.33407,301.8,205.65,-6121.3,45374
17.687,0,-2.712,0.41744,-0.023753,-0.62035,0.35469,0.60981,0.34278,303.27,203.14,-6120.5,45699
17.694,0,-2.5323,0.33732,-0.07498,-0.6155,0.36314,0.6048,0.35142,303.2,225.17,-6112.9,46316
17.701,0,-2.5091,0.60383,-0.083437,-0.61055,0.37152,0.59968,0.35999,277.93,215.38,-6108.4,48020
17.708,0,-2.6687,0.41016,-0.16447,-0.60547,0.37982,0.59444,0.36849,278.72,212.69,-6144.2,47459
17.715,0,-2.7313,0.1142,-0.13418,-0.60028,0.38804,0.58909,0.3769,287.42,203.43,-6110.3,47623
17.722,0,-2.6146,0.31006,-0.15009,-0.59498,0.39618,0.58364,0.38524,280.04,217.35,-6145.6,45703
17.729,0,-2.6386,0.19046,-0.0011895,-0.58956,0.40424,0.57807,0.3935,290.52,215.77,-6132.4,44781
17.736,0,-2.6039,0.36383,-0.044784,-0.58403,0.41222,0.57239,0.40168,319.96,200.76,-6139.7,45635
17.743,0,-2.6638,0.30007,-0.057083,-0.57839,0.42011,0.56661,0.40978,294.19,212.07,-6133.3,46661
17.75,0,-2.5246,0.38722,-0.069604,-0.57265,0.42791,0.56072,0.4178,287.88,202.28,-6129.8,45214
17.757,0,-2.3947,0.27773,-0.029902,-0.56679,0.43563,0.55473,0.42572,282.14,206.91,-6122.2,45986
17.764,0,-2.5448,0.13268,-0.31492,-0.56083,0.44326,0.54864,0.43357,304.27,207.11,-6129.6,45395
17.771,0,-2.5096,0.25388,-0.10938,-0.55477,0.45081,0.54244,0.44132,287.18,217.39,-6139.1,45024
17.778,0,-2.6357,0.2604,-0.28261,-0.5486,0.45826,0.53615,0.44899,288.58,213.86,-6145.9,44768
17.785,0,-2.5195,0.25407,-0.081414,-0.54232,0.46561,0.52976,0.45656,273.94,205.08,-6124.6,45785
17.792,0,-2.6401,0.25582,-0.3327,-0.53595,0.47288,0.52326,0.46404,282.19,222.96,-6140,45652
17.799,0,-2.5196,0.22166,-0.00973,-0.52948,0.48005,0.51668,0.47143,300.32,226.37,-6134,45335
17.806,0,-2.5721,0.14633,-0.22305,-0.52291,0.48712,0.51,0.47873,287.69,234.49,-6121.5,47066
17.814,0,-2.6777,0.18762,-0.24265,-0.51624,0.4941,0.50322,0.48593,291.54,214.32,-6135.8,46515
17.821,0,-2.8018,0.3664,-0.24013,-0.50948,0.50098,0.49636,0.49303,288.92,213.6,-6142.8,46590
17.828,0,-2.7668,0.48844,-0.25442,-0.50263,0.50776,0.4894,0.50003,278.81,201.86,-6131.3,45797
17.835,0,-2.6793,0.27916,-0.36572,-0.49568,0.51443,0.48236,0.50694,262.62,207.47,-6144.8,46785
17.842,0,-2.7851,0.14752,-0.31574,-0.48864,0.52101,0.47523,0.51374,296.25,220.91,-6149.3,47865
17.849,0,-2.7128,0.32079,-0.38729,-0.48151,0.52749,0.46801,0.52045,297.47,195.35,-6150.2,47093
17.856,0,-2.8216,0.30452,-0.29285,-0.4743,0.53386,0.46071,0.52705,290.91,214.51,-6125,47123
17.863,0,-2.8422,0.31578,-0.27736,-0.467,0.54012,0.45333,0.53355,291.29,202.47,-6134.1,46245
17.87,0,-2.7648,0.26049,-0.25581,-0.45961,0.54628,0.44587,0.53994,305.54,206.98,-6151,47979
17.877,0,-2.5838,0.13246,-0.085088,-0.45214,0.55234,0.43833,0.54622,259.08,224.98,-6161.5,48336
17.884,0,-2.578,0.21038,-0.12133,-0.44459,0.55828,0.43071,0.5524,277.52,210.81,-6125.8,45740
17.891,0,-2.6996,0.076421,-0.39768,-0.43696,0.56412,0.42301,0.55848,292.9,234.82,-6163.8,46750
17.898,0,-2.814,0.014608,-0.28559,-0.42925,0.56985,0.41524,0.56444,273.44,229.5,-6159.6,45989
17.905,0,-2.4899,-0.0037135,-0.40049,-0.42147,0.57547,0.4074,0.57029,294.61,217.19,-6147,47684
17.912,0,-2.7149,0.016838,-0.37591,-0.4136,0.58097,0.39948,0.57603,305.18,205.36,-6150.9,47147
17.919,0,-2.5886,0.2653,-0.51125,-0.40567,0.58637,0.3915,0.58166,295.22,214.31,-6144.7,48130
17.926,0,-2.5534,0.056616,-0.32818,-0.39766,0.59165,0.38345,0.58718,285.24,210.49,-6159.2,47241
17.933,0,-2.365,0.021497,-0.37811,-0.38959,0.59682,0.37533,0.59259,285.03,214.35,-6144.5,47060
17.94,0,-2.6468,-0.013232,-0.35141,-0.38144,0.60187,0.36715,0.59788,295.97,220.31,-6169.6,44862
17.947,0,-2.6068,0.38621,-0.38761,-0.37323,0.60681,0.3589,0.60305,295.2,209.57,-6147.3,45009
17.954,0,-2.6053,-0.088386,-0.29403,-0.36495,0.61163,0.35059,0.60811,278.21,214.06,-6159.2,45544
17.961,0,-2.4888,0.099265,-0.51323,-0.35661,0.61634,0.34222,0.61306,269.08,211,-6151,46489
17.968,0,-2.6234,0.078735,-0.32721,-0.34821,0.62093,0.3338,0.61788,276.14,211.67,-6162.6,45788
17.976,0,-2.6775,0.14155,-0.48213,-0.33974,0.6254,0.32531,0.62259,290.49,209.72,-6152.9,45192
17.983,0,-2.6091,0.022896,-0.5048,-0.33122,0.62975,0.31678,0.62718,272.8,213.28,-6170.6,46073
17.99,0,-2.5569,0.04821,-0.24224,-0.32264,0.63399,0.30819,0.63165,287.91,226.75,-6162.3,45552
17.997,0,-2.4825,0.072298,-0.22248,-0.31401,0.6381,0.29954,0.636,261.99,203.34,-6164.9,46135
18.004,0,-2.2401,0.11857,-0.19698,-0.30532,0.64209,0.29085,0.64023,314.44,225.8,-6166.4,47709
18.011,0,-2.4776,-0.12915,-0.16426,-0.29658,0.64597,0.28211,0.64434,295.09,206.94,-6155.7,46047
18.018,0,-2.459,-0.13946,-0.28979,-0.28779,0.64972,0.27332,0.64833,303.69,223.49,-6153.2,46767
18.025,0,-2.3915,0.1393,-0.28045,-0.27895,0.65335,0.26449,0.6522,298.31,200.86,-6159.8,46980
18.032,0,-2.5089,-0.013587,-0.52023,-0.27007,0.65686,0.25562,0.65594,304.97,220.86,-6177,47372
18.039,0,-2.5067,-0.048526,-0.27864,-0.26114,0.66025,0.2467,0.65956,288.02,231.3,-6179.1,46453
18.046,0,-2.4223,0.058466,-0.29601,-0.25217,0.66351,0.23775,0.66306,277.01,219.61,-6161.2,46696
18.053,0,-2.5913,-0.14229,-0.33889,-0.24315,0.66665,0.22876,0.66643,274.54,205.67,-6165,48671
18.06,0,-2.531,-0.069398,-0.47783,-0.2341,0.66966,0.21973,0.66968,294.79,213.61,-6170.9,47092
18.067,0,-2.5312,0.10537,-0.37718,-0.22501,0.67256,0.21066,0.6728,284.63,205.1,-6174.3,46298
18.074,0,-2.6002,-0.094557,-0.32084,-0.21588,0.67533,0.20157,0.6758,299.61,229.87,-6192.5,46263
18.081,0,-2.7746,-0.23879,-0.36338,-0.20672,0.67797,0.19244,0.67867,308.84,200.83,-6187.2,47292
18.088,0,-2.625,0.011044,-0.332,-0.19752,0.68049,0.18329,0.68142,290.47,218.62,-6178.4,47403
18.095,0,-2.5119,-0.082138,-0.33596,-0.1883,0.68288,0.1741,0.68404,284.12,219.08,-6180.7,46039
18.102,0,-2.6679,0.080566,-0.33487,-0.17904,0.68515,0.16489,0.68653,284.75,206.64,-6175.5,46538
18.109,0,-2.4983,-0.20879,-0.42676,-0.16976,0.68729,0.15566,0.6889,303.81,228.03,-6179.9,44007
18.116,0,-2.5877,-0.24267,-0.32583,-0.16045,0.68931,0.1464,0.69114,287.64,234.69,-6175.9,45998
18.123,0,-2.5695,-0.21397,-0.48264,-0.15112,0.6912,0.13713,0.69325,289.67,224.63,-6173.6,46383
18.13,0,-2.6593,-0.034278,-0.38369,-0.14176,0.69297,0.12783,0.69524,296.55,224.62,-6176.2,45266
18.138,0,-2.7732,-0.062168,-0.54919,-0.13239,0.69461,0.11852,0.6971,288.83,223.74,-6189.3,45924
18.145,0,-2.3675,-0.013946,-0.25834,-0.12299,0.69612,0.10919,0.69883,295.08,210.34,-6169.8,46185
18.152,0,-2.6043,0.0054074,-0.077803,-0.11358,0.69751,0.099851,0.70043,283.15,190.52,-6208.7,45845
18.159,0,-2.7194,-0.084184,-0.26523,-0.10416,0.69877,0.090497,0.70191,306.14,210.9,-6185.4,46645
18.166,0,-2.5369,-0.33599,-0.17859,-0.094717,0.69991,0.081133,0.70326,289.27,197.84,-6188.1,46586
18.173,0,-2.4327,-0.085401,-0.29845,-0.085265,0.70092,0.07176,0.70448,289.96,236.18,-6180.4,44704
18.18,0,-2.3137,-0.25825,-0.39835,-0.075803,0.7018,0.062381,0.70557,287.13,218.31,-6194,46717
18.187,0,-2.6046,-0.26444,-0.25144,-0.066333,0.70256,0.052996,0.70654,299.52,237.92,-6193.1,46512
18.194,0,-2.3876,-0.23256,-0.24764,-0.056857,0.70319,0.043608,0.70738,302.91,190.52,-6183.9,45152
18.201,0,-2.4367,-0.28268,-0.13564,-0.047375,0.7037,0.034218,0.70809,295.37,211.32,-6182.2,45637
18.208,0,-2.3944,-0.14011,-0.2868,-0.037891,0.70408,0.024827,0.70867,278.15,221.02,-6178.7,46533
18.215,0,-2.4526,-0.24375,-0.21095,-0.028404,0.70434,0.015439,0.70913,287.65,205.45,-6197.6,47279
18.222,0,-2.3432,-0.25819,-0.27442,-0.018919,0.70447,0.006053,0.70946,284.39,226.87,-6215.6,46364
18.229,0,-2.4005,-0.076472,-0.16986,-0.0094346,0.70447,-0.0033278,0.70966,306.5,204.56,-6200.7,45467
18.236,0,-2.2968,-0.070923,-0.41551,4.564e-05,0.70435,-0.012702,0.70974,288.43,204.01,-6199.1,45202
18.243,0,-2.4641,-0.35037,-0.16958,0.0095206,0.70411,-0.022068,0.70969,283.14,211.92,-6183.7,46087
18.25,0,-2.3158,-0.18858,-0.21317,0.018988,0.70374,-0.031424,0.70951,307.36,235.15,-6191.5,44078
18.257,0,-2.5119,-0.075514,-0.099177,0.028448,0.70325,-0.040769,0.70921,293.1,216.45,-6198.4,45946
18.264,0,-2.4097,-0.16122,0.09605,0.037897,0.70263,-0.050101,0.70878,276.12,205.28,-6201.7,44364
18.271,0,-2.3431,-0.40653,-0.23298,0.047333,0.70189,-0.059418,0.70822,297.55,226.93,-6193.5,46271
18.278,0,-2.3052,-0.17849,-0.20266,0.056756,0.70103,-0.068718,0.70754,284.49,200.7,-6214.3,44974
18.285,0,-2.4447,-0.18011,-0.15272,0.066164,0.70004,-0.078001,0.70674,287.91,224.37,-6206.8,46191
18.293,0,-2.3087,-0.2449,-0.0091651,0.075555,0.69894,-0.087264,0.70581,290.95,218.75,-6205.6,48277
18.3,0,-2.2787,-0.53041,-0.18846,0.084927,0.69771,-0.096506,0.70475,282.1,215.19,-6216.1,46788
18.307,1,-2.146,-0.29929,-0.13825,0.094279,0.69636,-0.10573,0.70358,296.56,218.71,-6203.3,46787
18.314,0,-2.2967,-0.36309,-0.22271,0.10361,0.69489,-0.11492,0.70228,293.61,231.56,-6217.8,46654
18.321,0,-2.5245,-0.10896,-0.15519,0.11292,0.69329,-0.12409,0.70085,276.79,197.24,-6188.2,45712
18.328,0,-2.5667,-0.14221,-0.22943,0.1222,0.69158,-0.13323,0.69931,294.17,216.5,-6211,45991
18.335,0,-2.3175,-0.3697,-0.10344,0.13145,0.68975,-0.14234,0.69764,304.61,226.8,-6204.3,46386
18.342,0,-2.2479,-0.31474,-0.17271,0.14068,0.6878,-0.15142,0.69585,291.78,215.19,-6216.4,44764
18.349,0,-2.3857,-0.37212,-0.083898,0.14988,0.68573,-0.16047,0.69394,296.53,216.92,-6213.4,44493
18.356,0,-2.5191,-0.32983,-0.11286,0.15904,0.68355,-0.16949,0.69191,288.48,207.01,-6224.1,45862
18.363,0,-2.5926,-0.071368,-0.0089434,0.16817,0.68125,-0.17847,0.68976,294.81,208.06,-6202.3,45077
18.37,0,-2.4067,-0.28181,-0.041175,0.17727,0.67883,-0.18742,0.68749,300.28,216.21,-6214.2,44803
18.377,0,-2.573,-0.32987,0.031286,0.18633,0.67629,-0.19632,0.6851,293.35,214.12,-6217.4,46616
18.384,0,-2.5189,-0.31626,-0.16462,0.19536,0.67364,-0.20519,0.6826,306.15,193.93,-6227.7,46473
18.391,0,-2.4623,-0.29284,-0.14788,0.20434,0.67088,-0.21401,0.67998,285.01,223.68,-6225.8,45555
18.398,0,-2.4878,-0.28609,-0.057543,0.21329,0.668,-0.2228,0.67724,291.76,200.93,-6226.3,46496
18.405,0,-2.5157,-0.079001,0.028529,0.22219,0.665,-0.23154,0.67438,283.07,222.26,-6215,45526
18.412,0,-2.3779,-0.23965,-0.024761,0.23105,0.6619,-0.24023,0.67141,301.23,220.89,-6220.3,46311
18.419,0,-2.4444,-0.1974,0.03341,0.23986,0.65868,-0.24888,0.66833,286.28,204.25,-6212.2,44717
18.426,0,-2.3754,-0.33035,-0.026621,0.24863,0.65536,-0.25748,0.66513,318.22,216.18,-6217.2,46096
18.433,0,-2.4064,-0.43411,-0.12025,0.25735,0.65192,-0.26603,0.66182,303.94,214.55,-6221,44447
18.44,0,-2.7865,-0.47646,-0.013107,0.26602,0.64837,-0.27452,0.65839,293.68,207.23,-6231.4,45874
18.447,0,-2.4625,-0.29398,0.0092482,0.27464,0.64472,-0.28297,0.65486,310.27,204.64,-6232,46663
18.455,0,-2.3308,-0.17775,0.064189,0.28321,0.64095,-0.29136,0.65121,289.87,225.7,-6228.1,43426
18.462,0,-2.2054,-0.40075,-0.07295,0.29173,0.63708,-0.2997,0.64746,305.47,237.39,-6237.1,45849
18.469,0,-2.3505,-0.20199,0.025747,0.30019,0.63311,-0.30798,0.64359,279.43,219.06,-6226.9,45453
18.476,0,-2.1613,-0.33522,0.16358,0.30859,0.62903,-0.3162,0.63962,293.08,202.53,-6216.9,45710
18.483,0,-2.4256,-0.15328,-0.023666,0.31694,0.62484,-0.32437,0.63554,292.15,229.64,-6243.6,44386
18.49,0,-2.2197,-0.2309,0.22213,0.32522,0.62055,-0.33247,0.63135,310.28,224.75,-6223.6,45214
18.497,0,-2.3464,-0.30667,0.040286,0.33345,0.61616,-0.34051,0.62706,307.27,229.78,-6233.4,45173
18.504,0,-2.3289,-0.2026,0.22489,0.34161,0.61167,-0.34849,0.62267,291.26,226.78,-6234.3,46882
18.511,0,-2.3551,-0.30584,0.11804,0.34972,0.60708,-0.3564,0.61817,286.83,225.14,-6228,46053
18.518,0,-2.4733,-0.025769,0.17067,0.35776,0.60239,-0.36425,0.61356,300.8,214.26,-6233.5,45353
18.525,0,-2.2964,-0.36367,0.05457,0.36573,0.59759,-0.37204,0.60886,282.01,226.28,-6251,43447
18.532,0,-2.2293,-0.32387,0.15838,0.37364,0.59271,-0.37975,0.60406,297.15,220.44,-6230,43086
18.539,0,-2.3186,-0.19829,0.089398,0.38147,0.58772,-0.3874,0.59915,284.54,215.15,-6220.5,44519
18.546,0,-2.2222,-0.25308,0.14023,0.38924,0.58264,-0.39498,0.59415,291.63,217.8,-6256.4,45663
18.553,0,-2.2646,-0.48271,0.010231,0.39694,0.57747,-0.40248,0.58905,302.83,221.01,-6251.2,45874
18.56,0,-2.4014,-0.24886,0.15484,0.40457,0.5722,-0.40991,0.58385,287.13,221.18,-6218.1,44907
18.567,0,-2.2222,-0.29547,0.2896,0.41213,0.56684,-0.41727,0.57856,298.97,231.09,-6248,45450
18.574,0,-2.5027,-0.087329,0.034578,0.41961,0.56138,-0.42456,0.57317,273.98,212.95,-6232,44603
18.581,0,-2.2249,-0.13496,0.16612,0.42702,0.55584,-0.43177,0.56769,302.99,212.01,-6248.1,44591
18.588,0,-2.4225,-0.30597,0.16574,0.43435,0.55021,-0.4389,0.56212,283.76,206.5,-6235.1,45596
18.595,0,-2.3244,-0.21123,0.29716,0.4416,0.54449,-0.44596,0.55645,294.64,222.73,-6267.2,44304
18.602,0,-2.3891,-0.23309,0.20656,0.44878,0.53868,-0.45293,0.5507,292.61,222.68,-6247.2,46073
18.609,0,-2.4703,-0.40604,0.1926,0.45588,0.53279,-0.45983,0.54485,296.16,216.87,-6255.2,45261
18.617,0,-2.5277,-0.26937,0.2648,0.46289,0.52681,-0.46664,0.53892,275.62,226.21,-6240.8,45495
18.624,0,-2.4786,-0.18458,0.21655,0.46983,0.52075,-0.47338,0.53291,292.42,219.15,-6246.9,45345
18.631,0,-2.4165,-0.32663,0.21486,0.47668,0.51461,-0.48003,0.5268,295.93,209.56,-6258,45818
18.638,0,-2.4788,-0.2458,0.37498,0.48345,0.50839,-0.4866,0.52061,291.46,216.03,-6251.5,46220
18.645,0,-2.4282,-0.082373,0.091219,0.49014,0.50208,-0.49308,0.51434,287.15,217.82,-6266.5,46594
18.652,0,-2.3256,-0.19476,0.15697,0.49674,0.4957,-0.49947,0.50799,299.23,227.85,-6253.7,45770
18.659,0,-2.4842,-0.33854,0.25864,0.50325,0.48924,-0.50578,0.50156,293.26,216.01,-6246,45784
18.666,0,-2.3092,-0.10825,0.059215,0.50968,0.48271,-0.51201,0.49504,306.45,230.7,-6261.2,45705
18.673,0,-2.3453,-0.0572,0.27226,0.51602,0.47609,-0.51814,0.48845,293.42,226.55,-6260.2,45939
18.68,0,-2.4015,-0.15345,0.11957,0.52227,0.46941,-0.52419,0.48178,303.69,222.86,-6265.4,43677
18.687,0,-2.3706,-0.22087,0.14194,0.52843,0.46265,-0.53014,0.47504,304.61,235.63,-6251.1,46189
18.694,0,-2.1475,-0.086656,0.25775,0.5345,0.45582,-0.53601,0.46822,304.44,251.12,-6240.8,45584
18.701,0,-2.2894,-0.23085,0.24281,0.54048,0.44892,-0.54178,0.46133,280.66,224.99,-6266.2,45688
18.708,0,-2.4318,-0.086683,0.22699,0.54636,0.44195,-0.54746,0.45436,288.26,225.8,-6253.3,44983
18.715,0,-2.1675,-0.32778,0.1836,0.55216,0.43492,-0.55305,0.44733,292.74,206.55,-6263,45660
18.722,0,-2.2888,-0.075568,0.29048,0.55786,0.42782,-0.55854,0.44022,304.05,223.14,-6262.7,46166
18.729,0,-2.1024,-0.16377,0.27603,0.56346,0.42065,-0.56394,0.43305,297.6,234.04,-6280.8,46695
18.736,0,-2.2273,-0.086521,0.40153,0.56897,0.41342,-0.56925,0.42581,302.36,230.04,-6266.9,46992
18.743,0,-2.0947,-0.23517,0.33112,0.57438,0.40613,-0.57446,0.41851,289.51,234.28,-6267.8,45867
18.75,0,-2.3885,-0.12869,0.10596,0.5797,0.39877,-0.57957,0.41114,295.62,222.84,-6276.2,44393
18.757,0,-2.1961,-0.23659,0.2103,0.58491,0.39136,-0.58458,0.4037,301.55,212.7,-6264.2,45753
18.764,0,-2.1473,0.054303,0.21418,0.59003,0.38389,-0.5895,0.39621,299.8,212.41,-6262.1,47131
18.771,0,-2.0845,-0.19227,0.11543,0.59505,0.37636,-0.59432,0.38865,313.67,206.71,-6269.7,47255
18.779,0,-2.1565,0.094689,0.22002,0.59997,0.36877,-0.59904,0.38104,297.33,215.03,-6279.7,46921
18.786,0,-2.1083,0.23461,0.27699,0.60479,0.36113,-0.60366,0.37337,306.4,217.04,-6289.2,45698
18.793,0,-2.1727,-0.057681,0.23918,0.60951,0.35344,-0.60818,0.36564,291.82,221.26,-6280.4,45258
18.8,0,-2.3807,-0.030529,0.38063,0.61413,0.3457,-0.6126,0.35786,292.72,237.29,-6277,45782
18.807,0,-2.0208,-0.045894,0.28455,0.61865,0.3379,-0.61691,0.35002,287.33,201.33,-6271.6,44806
18.814,0,-2.1178,-0.062075,0.35307,0.62306,0.33006,-0.62113,0.34214,313.95,233.18,-6300.5,44813
18.821,0,-2.0008,0.0031852,0.20165,0.62737,0.32217,-0.62524,0.3342,286.27,229.63,-6268.8,45041
18.828,0,-2.1328,-0.083318,0.37111,0.63158,0.31423,-0.62925,0.32621,311.91,225.57,-6291.1,45381
18.835,0,-2.0187,-0.13459,0.27928,0.63568,0.30625,-0.63316,0.31817,277.95,225.01,-6265.7,45696
18.842,0,-2.0245,-0.080497,0.33683,0.63968,0.29822,-0.63696,0.31009,308.4,221.96,-6292.6,47688
18.849,0,-2.162,-0.17979,0.13478,0.64357,0.29015,-0.64066,0.30196,297.29,217.23,-6291.2,44982
18.856,0,-2.2103,0.064524,0.28048,0.64736,0.28204,-0.64426,0.29379,303.78,220.64,-6284.2,45713
18.863,0,-1.8734,0.10299,0.31953,0.65104,0.2739,-0.64775,0.28558,288,236.37,-6290.8,45971
18.87,0,-2.2327,0.11558,0.26635,0.65461,0.26571,-0.65113,0.27732,303.76,225.4,-6294.5,46572
18.877,0,-2.0817,0.16799,0.29461,0.65808,0.25748,-0.65441,0.26902,303.39,217.14,-6270.7,43340
18.884,0,-2.1291,-0.007216,0.217,0.66144,0.24923,-0.65758,0.26069,308.07,230.42,-6299.5,46326
18.891,0,-2.0132,0.011038,0.30548,0.6647,0.24093,-0.66065,0.25232,306.82,240.14,-6280.2,44724
18.898,0,-2.0887,-0.091097,0.14246,0.66784,0.23261,-0.66361,0.24392,324.09,224.89,-6278.3,45713
18.905,0,-2.1275,0.035334,0.20471,0.67088,0.22425,-0.66647,0.23548,301.72,235.78,-6285.8,45396
18.912,0,-2.187,0.13799,0.17167,0.67381,0.21586,-0.66922,0.227,295.1,214.79,-6303.8,44002
18.919,0,-2.1528,-0.05013,0.2504,0.67663,0.20745,-0.67186,0.2185,307.47,215.39,-6281.4,45654
18.926,0,-2.1251,0.18512,0.18109,0.67935,0.19901,-0.67439,0.20997,317.63,238.98,-6281.3,46630
18.933,0,-2.2363,0.014565,0.35418,0.68195,0.19054,-0.67681,0.2014,306.31,228.05,-6292.5,46383
18.941,0,-2.1403,0.12217,0.14629,0.68444,0.18205,-0.67913,0.19282,300.21,227.02,-6314.7,43869
18.948,0,-2.2216,0.08951,0.46917,0.68683,0.17353,-0.68134,0.1842,296.02,228,-6287.7,43968
18.955,0,-1.9587,0.058555,0.41735,0.6891,0.165,-0.68344,0.17556,279.14,233.26,-6304.8,44015
18.962,0,-2.1758,0.046465,0.27194,0.69127,0.15644,-0.68544,0.1669,294.59,231.53,-6300.5,44671
18.969,0,-2.1755,-0.12228,0.22214,0.69332,0.14786,-0.68732,0.15822,297.12,219.98,-6282.4,45952
18.976,0,-2.1477,0.1636,0.13194,0.69526,0.13927,-0.6891,0.14952,313.45,229.54,-6298.8,45595
18.983,0,-2.1404,0.13628,0.41024,0.6971,0.13066,-0.69077,0.14079,310.52,217.02,-6309.4,45773
18.99,0,-2.168,0.2216,0.34918,0.69882,0.12204,-0.69233,0.13206,306.37,216.13,-6297.7,46460
18.997,0,-2.0184,0.25097,0.38018,0.70044,0.1134,-0.69378,0.1233,304.91,234.24,-6300.2,44650
19.004,0,-2.1635,0.070488,0.21402,0.70194,0.10476,-0.69512,0.11453,305.07,220.98,-6310.5,45243
19.011,1,-2.0146,0.18176,0.22937,0.70333,0.096098,-0.69635,0.10575,299.56,241.98,-6286.9,44709
19.018,0,-2.0739,0.14803,0.15781,0.70461,0.08743,-0.69748,0.096959,295.03,214.93,-6287.7,44168
19.025,0,-2.0672,0.17963,0.21473,0.70578,0.078754,-0.6985,0.088157,294.78,226.32,-6285.3,44423
19.032,0,-2.1885,0.22993,0.16428,0.70684,0.070072,-0.69941,0.079345,289.36,211.26,-6294.5,45878
19.039,0,-2.2321,0.097609,0.29596,0.70779,0.061386,-0.70021,0.070526,298.16,214.74,-6301,47061
19.046,0,-2.1446,0.28272,0.16772,0.70863,0.052695,-0.7009,0.061702,307.12,227.48,-6306,44865
19.053,0,-1.8001,0.24094,0.51017,0.70936,0.044002,-0.70148,0.052872,285.52,231.02,-6301.7,45752
19.06,0,-2.2053,0.18449,0.10651,0.70998,0.035308,-0.70196,0.04404,309.17,222.83,-6319,44491
19.067,0,-2.2885,0.28377,0.27457,0.71049,0.026615,-0.70232,0.035206,297.56,220.08,-6305.6,45956
19.074,0,-2.1377,0.33131,0.18421,0.71089,0.017923,-0.70258,0.026371,319.42,231.13,-6313,44782
19.081,0,-2.0062,0.20621,0.24232,0.71117,0.0092347,-0.70274,0.017538,300.63,230.41,-6308.1,43130
19.088,0,-2.0427,0.16011,0.41473,0.71135,0.00055045,-0.70278,0.0087069,304.47,229.91,-6312.3,45041
19.095,0,-2.1849,0.10317,0.23936,0.71142,-0.0081281,-0.70272,-0.00012042,284.55,230.96,-6327,44624
19.103,0,-2.16,0.15733,0.10604,0.71138,-0.0168,-0.70255,-0.0089427,300.34,216.7,-6318.5,46388
19.11,0,-2.2211,0.32021,0.27534,0.71123,-0.025463,-0.70227,-0.017758,288.88,237.19,-6326.6,44139
19.117,0,-2.1751,0.13208,0.052127,0.71097,-0.034116,-0.70189,-0.026567,302.81,224.81,-6313.5,46073
19.124,0,-1.9579,-0.0087784,0.26037,0.71061,-0.042759,-0.7014,-0.035365,306.15,241.75,-6313.3,44758
19.131,0,-2.1392,0.14357,0.0033971,0.71013,-0.051389,-0.7008,-0.044154,312.13,239.01,-6314.2,44741
19.138,0,-2.2484,0.013865,-0.081857,0.70955,-0.060006,-0.7001,-0.05293,279.52,217.56,-6312.4,44878
19.145,0,-2.0482,0.37844,-0.098084,0.70885,-0.068608,-0.6993,-0.061694,300.68,225.16,-6322.2,46589
19.152,0,-2.0028,0.21489,-0.017855,0.70805,-0.077193,-0.69838,-0.070443,296.08,228.35,-6315.6,44725
19.159,0,-2.0224,0.19393,0.082286,0.70715,-0.085762,-0.69737,-0.079176,305.13,213.68,-6316.6,46900
19.166,0,-1.9255,0.45643,0.089478,0.70613,-0.094311,-0.69625,-0.087892,307.38,239.79,-6321.7,43747
19.173,0,-1.8284,0.28055,0.19822,0.70501,-0.10284,-0.69502,-0.09659,293.55,241.41,-6310.2,43349
19.18,0,-1.9782,0.074518,0.028758,0.70378,-0.11135,-0.69369,-0.10527,294.4,237.56,-6317.7,44656
19.187,0,-2.0203,0.21664,-0.0041164,0.70245,-0.11984,-0.69226,-0.11392,293.04,220.36,-6329.9,42974
19.194,0,-1.8906,0.15729,0.10546,0.70101,-0.1283,-0.69073,-0.12256,330.51,226.53,-6342.1,45847
19.201,0,-1.9912,0.071046,0.04748,0.69947,-0.13674,-0.68909,-0.13117,313.23,228.5,-6321,45401
19.208,0,-2.0485,0.25566,0.031642,0.69782,-0.14515,-0.68735,-0.13976,302.2,225.27,-6326.4,45439
19.215,0,-2.0299,0.23967,0.18042,0.69606,-0.15353,-0.68551,-0.14832,314.47,256.65,-6322.6,45428
19.222,0,-1.7558,0.21196,0.095193,0.69421,-0.16189,-0.68357,-0.15685,297.66,202.87,-6320,42558
19.229,0,-2.1088,0.14918,0.13122,0.69225,-0.17021,-0.68153,-0.16536,330.44,225.91,-6341.3,46832
19.236,0,-2.0183,0.36867,0.057454,0.69018,-0.17851,-0.67938,-0.17383,302.13,209.97,-6328.5,44556
19.243,0,-1.8889,0.2887,-0.010596,0.68802,-0.18677,-0.67714,-0.18227,298.48,239.97,-6328.7,45341
19.25,0,-1.7928,0.1884,0.14979,0.68575,-0.195,-0.6748,-0.19069,293.67,236.99,-6312.3,44455
19.257,0,-1.7605,0.22324,-0.057173,0.68338,-0.2032,-0.67236,-0.19906,301.02,218.67,-6339.6,44416
19.265,0,-1.8156,0.35062,0.019431,0.68091,-0.21136,-0.66983,-0.20741,312,222.69,-6329.3,44316
19.272,0,-1.8707,0.064606,0.085299,0.67834,-0.21948,-0.66719,-0.21572,296.79,213.18,-6347.3,45471
19.279,0,-1.8469,0.033178,0.14421,0.67568,-0.22756,-0.66446,-0.22399,307.36,232.56,-6346.3,43088
19.286,0,-1.9131,0.24394,-0.044586,0.67291,-0.23561,-0.66163,-0.23222,301.18,216.45,-6319.7,45670
19.293,0,-1.8814,0.18149,0.070427,0.67004,-0.24362,-0.65871,-0.24041,295.89,221.32,-6325.7,45666
19.3,0,-2.018,0.19686,0.0767,0.66708,-0.25158,-0.65569,-0.24857,308.14,216.49,-6346.4,43543
19.307,0,-1.8919,0.094502,-0.059902,0.66401,-0.2595,-0.65258,-0.25668,307.99,234.35,-6333.3,45009
19.314,0,-1.7811,0.33364,0.075461,0.66086,-0.26738,-0.64937,-0.26475,305.18,243.86,-6317.6,44915
19.321,0,-1.7857,0.36929,0.051007,0.6576,-0.27522,-0.64608,-0.27277,310.07,219.75,-6349,44454
19.328,0,-1.752,0.26419,-0.1465,0.65425,-0.28301,-0.64268,-0.28075,291.56,223.26,-6342.9,45120
19.335,0,-1.9844,0.30477,-0.015503,0.65081,-0.29075,-0.6392,-0.28868,306.27,223.25,-6348.6,47346
19.342,0,-1.9309,0.27157,-0.052305,0.64727,-0.29844,-0.63563,-0.29657,302.19,226.16,-6340.6,46483
19.349,0,-2.0175,0.25089,0.095684,0.64364,-0.30609,-0.63196,-0.30441,320.88,228.59,-6350.4,43239
19.356,0,-1.8202,0.18559,-0.14789,0.63991,-0.31368,-0.62821,-0.3122,298.99,251.67,-6360.8,44767
19.363,0,-2.0564,0.20877,0.11326,0.6361,-0.32123,-0.62437,-0.31994,299.89,233.07,-6343.2,45058
19.37,0,-1.946,0.17455,0.0079588,0.63219,-0.32872,-0.62043,-0.32762,295.3,221.05,-6363.2,46620
19.377,0,-1.9433,0.24481,-0.071286,0.62819,-0.33616,-0.61642,-0.33526,314.3,229.17,-6347.3,45150
19.384,0,-1.7114,0.23867,-0.26163,0.62411,-0.34355,-0.61231,-0.34284,309.21,249.7,-6350,44642
19.391,0,-1.928,0.41436,0.018961,0.61993,-0.35088,-0.60812,-0.35037,300.06,235.56,-6372.3,43875
19.398,0,-1.8891,0.27556,-0.13103,0.61567,-0.35816,-0.60384,-0.35784,297.16,222.13,-6332,43080
19.405,0,-1.9315,0.22027,0.042963,0.61131,-0.36538,-0.59948,-0.36525,316.26,216.31,-6362.1,44791
19.412,0,-1.794,0.26756,-0.10805,0.60688,-0.37254,-0.59504,-0.37261,303.9,231.18,-6343,43104
19.419,0,-1.6298,0.11049,-0.098693,0.60235,-0.37965,-0.59051,-0.37991,292.11,226.71,-6338,44842
19.427,0,-1.7815,0.2576,-0.11179,0.59775,-0.38669,-0.58591,-0.38715,318,233.22,-6358.5,46700
19.434,0,-1.7402,0.30776,-0.04289,0.59305,-0.39368,-0.58122,-0.39433,294.26,226.71,-6344.9,44592
19.441,0,-1.7601,0.1409,-0.10012,0.58828,-0.4006,-0.57645,-0.40144,310.32,220.03,-6346.8,45339
19.448,0,-1.8369,0.20408,-0.10746,0.58342,-0.40746,-0.5716,-0.4085,316.07,240.48,-6350.3,45522
19.455,0,-1.9022,0.24006,-0.14316,0.57848,-0.41426,-0.56667,-0.41549,319.16,219.23,-6344.9,44844
19.462,0,-1.908,0.14428,-0.1867,0.57346,-0.42099,-0.56166,-0.42242,334.34,243.19,-6333.1,45037
19.469,0,-1.944,0.14109,-0.027575,0.56836,-0.42766,-0.55658,-0.42928,311.24,247.67,-6352.3,44029
19.476,0,-1.8806,0.14314,-0.17672,0.56318,-0.43427,-0.55142,-0.43608,290.58,221.78,-6358.9,43697
19.483,0,-1.9847,0.28307,-0.23367,0.55793,-0.44081,-0.54619,-0.44281,303.1,234.93,-6366.6,45157
19.49,0,-1.8667,0.10682,-0.10721,0.55259,-0.44728,-0.54088,-0.44948,307.38,231.13,-6350.1,43390
19.497,0,-2.0383,0.25904,-0.066581,0.54718,-0.45368,-0.5355,-0.45607,311.79,199.29,-6369,43269
19.504,0,-2.1639,0.19363,-0.22328,0.5417,-0.46001,-0.53005,-0.4626,314.68,232.61,-6368.7,44478
19.511,0,-2.0476,0.2896,-0.070715,0.53614,-0.46628,-0.52453,-0.46905,314.82,211.43,-6363.8,45041
19.518,0,-2.1452,0.28731,-0.23541,0.53051,-0.47247,-0.51893,-0.47544,319.23,209.57,-6369.4,44658
19.525,0,-2.0629,-0.018505,-0.11948,0.5248,-0.4786,-0.51327,-0.48175,315.59,228.76,-6358.4,45159
19.532,0,-1.8659,0.30104,-0.27559,0.51903,-0.48465,-0.50754,-0.48799,303.33,241.37,-6367.3,45975
19.539,0,-2.052,0.052307,-0.13362,0.51318,-0.49063,-0.50174,-0.49416,316.74,226.24,-6361,43958
19.546,0,-1.9918,0.11268,-0.16802,0.50726,-0.49653,-0.49587,-0.50025,298.65,231.31,-6375.5,44279
19.553,0,-1.9358,0.22574,-0.063299,0.50128,-0.50237,-0.48994,-0.50627,312.04,229.13,-6358.4,46363
19.56,0,-2.005,0.21912,-0.31,0.49522,-0.50812,-0.48394,-0.51222,287.89,222.4,-6361.9,43214
19.567,0,-2.0073,0.14052,-0.28113,0.48911,-0.51381,-0.47788,-0.51809,312.94,234.33,-6373.4,47022
19.574,0,-2.0371,0.23159,-0.097377,0.48292,-0.51941,-0.47175,-0.52388,324.95,243.88,-6351.8,44588
19.581,0,-1.8939,0.15476,-0.15306,0.47667,-0.52494,-0.46557,-0.52959,303.87,229.44,-6354.4,46710
19.589,0,-1.8697,0.098292,-0.11281,0.47036,-0.5304,-0.45932,-0.53523,308.06,229.06,-6377.5,44860
19.596,0,-2.1157,0.19325,-0.25784,0.46398,-0.53577,-0.45301,-0.54078,309.43,235.24,-6388.9,44607
19.603,0,-2.0623,0.35483,-0.15258,0.45755,-0.54107,-0.44665,-0.54626,305.84,242.73,-6356.3,47035
19.61,0,-2.0357,0.1287,-0.27336,0.45105,-0.54629,-0.44023,-0.55166,315.2,226.86,-6364.6,44011
19.617,0,-2.0408,0.25175,-0.25724,0.44449,-0.55142,-0.43375,-0.55698,306.96,227.21,-6388.6,42962
19.624,0,-2.1054,0.14398,-0.45379,0.43788,-0.55648,-0.42721,-0.56221,296.22,216.74,-6375.7,42813
19.631,0,-1.9464,0.020364,-0.14573,0.4312,-0.56146,-0.42062,-0.56737,298.99,236.34,-6378,43525
19.638,0,-2.0193,0.014827,-0.17437,0.42447,-0.56636,-0.41397,-0.57244,307.3,232.52,-6366.6,45327
19.645,0,-1.9256,0.09483,-0.17653,0.41769,-0.57117,-0.40728,-0.57743,320.65,231.6,-6376.8,43341
19.652,0,-1.874,-0.032541,-0.38388,0.41085,-0.5759,-0.40053,-0.58233,316.56,237,-6378.9,45480
19.659,0,-2.102,0.084599,-0.30469,0.40396,-0.58055,-0.39373,-0.58716,318.99,241.62,-6395.4,45262
19.666,0,-2.1497,0.17471,-0.41546,0.39701,-0.58512,-0.38688,-0.59189,314.36,220.65,-6376.5,45070
19.673,0,-1.9111,0.1636,-0.39398,0.39002,-0.5896,-0.37999,-0.59655,315.21,229.54,-6396.4,45660
19.68,0,-1.7597,0.022362,-0.24727,0.38297,-0.594,-0.37304,-0.60111,312.16,224.43,-6387.3,44159
19.687,0,-1.7302,-0.022876,-0.42375,0.37588,-0.59831,-0.36605,-0.60559,318.44,236.91,-6378,44769
19.694,0,-1.8309,0.13713,-0.27819,0.36874,-0.60254,-0.35901,-0.60999,312.48,218.71,-6395.4,45601
19.701,0,-1.8834,-0.091278,-0.25326,0.36155,-0.60669,-0.35193,-0.61429,304.75,239.3,-6384.6,46652
19.708,0,-1.7999,0.034791,-0.21086,0.35431,-0.61075,-0.34481,-0.61851,307.62,222.57,-6383.7,45797
19.715,1,-1.8261,0.020788,-0.24286,0.34703,-0.61472,-0.33764,-0.62264,311.99,217.53,-6390.7,43540
19.722,0,-1.8239,0.038693,-0.17403,0.33971,-0.6186,-0.33044,-0.62669,315.23,237.84,-6378.9,45812
19.729,0,-1.7509,0.11589,-0.35069,0.33235,-0.6224,-0.32319,-0.63064,328.95,253.41,-6405.2,44865
19.736,0,-1.9012,0.11762,-0.1254,0.32494,-0.62611,-0.3159,-0.63451,321.17,225.98,-6386.4,45724
19.744,0,-1.6258,0.1922,-0.34691,0.31749,-0.62973,-0.30858,-0.63829,296.09,238.8,-6381.2,44874
19.751,0,-1.832,-0.065667,-0.34812,0.31001,-0.63327,-0.30122,-0.64197,319.09,224.38,-6399.8,44643
19.758,0,-1.711,-0.061468,-0.2455,0.30249,-0.63672,-0.29382,-0.64557,325.93,218.42,-6378.1,44413
19.765,0,-1.8273,0.19433,-0.18864,0.29492,-0.64007,-0.28639,-0.64908,295.27,235.21,-6407.6,45310
19.772,0,-1.6802,0.07566,-0.28355,0.28733,-0.64334,-0.27893,-0.65249,301.57,229.43,-6388.3,44739
19.779,0,-1.6424,-0.025592,0.067548,0.2797,-0.64652,-0.27143,-0.65582,309.26,238.99,-6380,44218
19.786,0,-1.8851,0.0059582,-0.023121,0.27203,-0.64962,-0.2639,-0.65905,301.24,247.33,-6408.8,44746
19.793,0,-1.7411,0.05669,-0.27728,0.26434,-0.65262,-0.25635,-0.6622,318.93,237.82,-6398.8,44629
19.8,0,-1.6309,0.072059,-0.19592,0.25661,-0.65553,-0.24876,-0.66525,310.74,214.35,-6406.3,44715
19.807,0,-1.7175,0.051405,-0.19383,0.24885,-0.65835,-0.24114,-0.66821,326.62,231.15,-6402.7,44433
19.814,0,-1.6801,-0.12139,-0.21346,0.24106,-0.66108,-0.2335,-0.67107,328.41,245.43,-6417,45473
19.821,0,-1.7524,-0.10456,-0.31598,0.23325,-0.66372,-0.22583,-0.67385,305.46,239.35,-6385.9,44196
19.828,0,-1.5032,-0.094483,-0.032815,0.2254,-0.66627,-0.21814,-0.67653,306.87,233.55,-6407.7,44566
19.835,0,-1.628,-0.11936,-0.19524,0.21753,-0.66873,-0.21042,-0.67912,322.66,227.81,-6411.2,43828
19.842,0,-1.7823,-0.089022,-0.11125,0.20964,-0.6711,-0.20268,-0.68161,300.39,255.82,-6401.6,44539
19.849,0,-1.6584,-0.010855,-0.098251,0.20173,-0.67338,-0.19492,-0.68401,311.82,238.44,-6407.7,45788
19.856,0,-1.601,-0.028521,-0.39838,0.19379,-0.67556,-0.18714,-0.68632,316.68,236.11,-6409.7,45291
19.863,0,-1.7364,0.077198,-0.15099,0.18583,-0.67766,-0.17934,-0.68854,311.86,233.91,-6409.1,44086
19.87,0,-1.8851,0.071578,-0.41852,0.17785,-0.67966,-0.17152,-0.69066,306.74,231.35,-6400.9,45029
19.877,0,-1.7023,-0.14028,-0.26795,0.16985,-0.68158,-0.16368,-0.69269,313.89,246.43,-6410.4,45827
19.884,0,-1.7079,-0.00098603,-0.20367,0.16183,-0.6834,-0.15583,-0.69462,299.78,219.31,-6413.1,42085
19.891,0,-1.806,0.00031627,-0.1783,0.15379,-0.68513,-0.14796,-0.69646,314.97,224.7,-6390.8,45413
19.898,0,-1.6961,0.0056536,-0.38988,0.14574,-0.68676,-0.14008,-0.69821,302.62,235.81,-6420.6,45158
19.906,0,-1.5164,-0.004364,-0.32695,0.13768,-0.68831,-0.13218,-0.69986,306.02,222.24,-6408.5,45449
19.913,0,-1.5508,-0.054864,0.11806,0.1296,-0.68976,-0.12428,-0.70142,316.37,215.06,-6406.6,45529
19.92,0,-1.7812,-0.17909,-0.18007,0.12151,-0.69112,-0.11636,-0.70288,310.83,228.29,-6387.6,45099
19.927,0,-1.4908,-0.1942,-0.15257,0.11341,-0.69239,-0.10843,-0.70425,314.49,245.18,-6419.3,44289
19.934,0,-1.6345,-0.11138,-0.0317,0.10529,-0.69357,-0.10049,-0.70553,315.82,235.46,-6421,44223
19.941,0,-1.5478,-0.20979,-0.18074,0.097172,-0.69466,-0.09255,-0.70671,310.69,231.62,-6415.6,45766
19.948,0,-1.6811,-0.16456,-0.25361,0.089042,-0.69565,-0.0846,-0.7078,324.51,240.08,-6431.3,44963
19.955,0,-1.6361,-0.073664,-0.090021,0.080905,-0.69656,-0.076645,-0.70879,308.08,225.77,-6417.4,44152
19.962,0,-1.6732,-0.057081,-0.22194,0.072763,-0.69737,-0.068685,-0.70969,301.71,244.93,-6407.4,46288
19.969,0,-1.7135,-0.11704,-0.098184,0.064616,-0.69809,-0.060721,-0.7105,303.36,251.85,-6422.5,42760
19.976,0,-1.6105,-0.30503,-0.087319,0.056465,-0.69872,-0.052756,-0.71121,306.32,222.12,-6431.5,44972
19.983,0,-1.712,-0.30031,-0.11088,0.048311,-0.69926,-0.044789,-0.71183,314.92,226.45,-6413.9,43564
19.99,0,-1.724,-0.14854,-0.1499,0.040156,-0.69971,-0.036822,-0.71235,318.89,230.65,-6412.1,45374
19.997,0,-1.5995,-0.13626,-0.1823,0.032,-0.70006,-0.028856,-0.71278,305.99,234.72,-6417.3,45587
20.004,0,-1.6596,-0.14614,-0.17782,0.023845,-0.70033,-0.020891,-0.71312,322.42,251.43,-6422,41900
20.011,0,-1.9592,-0.19483,-0.17615,0.015692,-0.7005,-0.01293,-0.71336,312.59,237.34,-6432.7,45960
20.018,0,-1.7519,-0.17363,-0.12083,0.0075418,-0.70058,-0.0049727,-0.71351,313.21,231.73,-6418,44169
20.025,0,-1.6983,-0.19484,-0.11826,-0.00060483,-0.70058,0.0029797,-0.71357,323.66,225.27,-6423.5,43976
20.032,0,-1.7249,-0.16551,-0.199,-0.0087465,-0.70048,0.010926,-0.71353,318.93,238.9,-6422.8,46060
20.039,0,-1.8385,-0.20659,-0.25484,-0.016882,-0.70029,0.018865,-0.71341,319.31,223.44,-6429.4,43632
20.046,0,-1.8098,-0.38465,-0.17214,-0.025011,-0.70002,0.026797,-0.71318,316.77,245.5,-6425.7,45114
20.053,0,-1.7735,-0.12786,-0.10989,-0.033132,-0.69965,0.034719,-0.71287,308.49,240.63,-6427.1,44121
20.06,0,-1.8147,-0.27021,-0.065137,-0.041243,-0.6992,0.042631,-0.71247,315.95,237.62,-6421.2,46692
20.068,0,-1.8599,-0.13384,-0.19146,-0.049345,-0.69865,0.050532,-0.71197,313.23,235.24,-6439.4,43019
20.075,0,-1.7997,-0.39585,-0.081295,-0.057435,-0.69802,0.058421,-0.71138,310.21,247.98,-6422.8,44235
20.082,0,-1.8758,-0.51677,-0.068666,-0.065513,-0.69729,0.066297,-0.7107,326.8,242.52,-6417.9,44844
20.089,0,-1.8602,-0.2466,-0.20188,-0.073578,-0.69648,0.074159,-0.70993,300.74,236.73,-6408.2,44231
20.096,0,-1.8054,-0.36011,-0.2472,-0.081628,-0.69559,0.082006,-0.70906,314.39,239.7,-6438.6,44272
20.103,0,-1.8752,-0.30462,-0.13815,-0.089663,-0.6946,0.089837,-0.70811,308.28,244.31,-6434.2,44603
20.11,0,-1.7052,-0.23944,0.016389,-0.097682,-0.69352,0.09765,-0.70707,307.56,225.53,-6425.2,43983
20.117,0,-1.9682,-0.11968,-0.13127,-0.10568,-0.69236,0.10545,-0.70594,312.31,218.43,-6432.4,44290
20.124,0,-1.746,-0.23287,-0.17804,-0.11367,-0.69112,0.11322,-0.70471,323.79,234.53,-6421.8,42359
20.131,0,-1.7563,0.0025222,-0.25621,-0.12163,-0.68978,0.12098,-0.7034,322.76,249.05,-6418.3,44887
20.138,0,-1.6381,-0.29476,-0.032946,-0.12957,-0.68836,0.12872,-0.702,324.52,224.19,-6439.7,44645
20.145,0,-1.6756,-0.19097,0.025042,-0.1375,-0.68685,0.13643,-0.70051,305.29,231.66,-6447.8,44382
20.152,0,-1.7022,-0.2704,-0.18393,-0.1454,-0.68526,0.14412,-0.69893,316.72,231.66,-6446.3,45127
20.159,0,-1.6099,-0.46986,-0.11324,-0.15327,-0.68359,0.15179,-0.69726,320.75,237.06,-6448.2,44616
20.166,0,-1.7654,-0.18042,0.046985,-0.16113,-0.68182,0.15943,-0.69551,312.38,240.66,-6460,43359
20.173,0,-1.6649,-0.15771,-0.099356,-0.16896,-0.67998,0.16705,-0.69367,317.09,222.46,-6445.9,42317
20.18,0,-1.835,-0.15387,-0.07274,-0.17676,-0.67805,0.17464,-0.69174,308.14,234.72,-6439.2,43124
20.187,0,-1.7121,-0.38693,0.06764,-0.18453,-0.67604,0.18221,-0.68973,319.53,231.69,-6442.5,43342
20.194,0,-1.842,-0.18013,-0.012,-0.19228,-0.67394,0.18975,-0.68763,328.5,255.73,-6456,45489
20.201,0,-1.6716,-0.24466,-0.20092,-0.2,-0.67176,0.19725,-0.68544,312.04,227.29,-6446.7,44015
20.208,0,-1.7925,-0.15446,-0.029485,-0.20768,-0.6695,0.20473,-0.68317,336.76,231.26,-6426.1,46331
20.215,0,-1.7584,-0.25783,-0.13246,-0.21534,-0.66716,0.21218,-0.68082,326.82,249.93,-6448.8,44053
20.222,0,-1.6015,-0.21952,0.11996,-0.22297,-0.66473,0.21959,-0.67838,310.99,236.2,-6451.8,42603
20.23,0,-1.5619,-0.23834,-0.032319,-0.23056,-0.66223,0.22697,-0.67585,307.88,233.71,-6442.9,43276
20.237,0,-1.6606,-0.13398,-0.080865,-0.23812,-0.65964,0.23432,-0.67325,300.44,252.6,-6451.5,44774
20.244,0,-1.7229,-0.29198,0.069517,-0.24564,-0.65698,0.24163,-0.67056,308.76,244.3,-6451.3,43358
20.251,0,-1.8584,-0.32623,0.19521,-0.25313,-0.65424,0.24891,-0.66779,312.01,238.17,-6435.1,43908
20.258,0,-1.8282,-0.31653,0.083699,-0.26059,-0.65141,0.25616,-0.66493,309.71,258.66,-6454.8,43802
20.265,0,-1.6829,-0.41755,0.06259,-0.268,-0.64851,0.26336,-0.662,308.43,248.13,-6459.7,45253
20.272,0,-1.5862,-0.26526,-0.089819,-0.27538,-0.64553,0.27053,-0.65899,320.34,243.34,-6464.9,44321
20.279,0,-1.8307,-0.25291,-0.044046,-0.28272,-0.64248,0.27766,-0.65589,298.54,237.15,-6468.8,46571
20.286,0,-1.8742,-0.22394,-0.063332,-0.29002,-0.63935,0.28475,-0.65272,304.38,247.31,-6448.2,45030
20.293,0,-1.6923,-0.35581,-0.11337,-0.29728,-0.63614,0.2918,-0.64946,310.96,237.09,-6453.3,44225
20.3,0,-1.6622,-0.17832,0.016541,-0.3045,-0.63285,0.29881,-0.64613,326.05,244.98,-6459.3,45740
20.307,0,-1.7427,-0.20111,0.047063,-0.31168,-0.62949,0.30578,-0.64272,314.34,247.21,-6446.9,42943
20.314,0,-1.6563,-0.23149,0.13406,-0.31881,-0.62606,0.31271,-0.63923,310.54,246.3,-6461.5,44621
20.321,0,-1.6104,-0.27971,0.055281,-0.3259,-0.62255,0.31959,-0.63567,324.11,241.16,-6459.2,44441
20.328,0,-1.6007,-0.23219,-0.05037,-0.33295,-0.61897,0.32643,-0.63203,324.11,230.84,-6464.9,43070
20.335,0,-1.709,-0.23799,0.099757,-0.33995,-0.61532,0.33323,-0.62831,310.47,232,-6469.1,43724
20.342,0,-1.6681,-0.18402,0.19186,-0.34691,-0.61159,0.33997,-0.62452,304.76,246.47,-6462.4,42880
20.349,0,-1.5142,-0.36323,0.089767,-0.35381,-0.6078,0.34668,-0.62066,308.52,252.26,-6466.8,45903
20.356,0,-1.5421,-0.39194,0.10278,-0.36067,-0.60393,0.35333,-0.61672,320.35,244.38,-6482,44231
20.363,0,-1.5849,-0.22718,0.014464,-0.36749,-0.59999,0.35994,-0.61271,325.53,244.36,-6468.9,44474
20.37,0,-1.6513,-0.16277,0.046809,-0.37425,-0.59598,0.3665,-0.60862,320.89,250,-6469.5,45759
20.377,0,-1.456,-0.32755,0.050638,-0.38096,-0.5919,0.37301,-0.60447,305.99,246.27,-6453.2,44814
20.384,0,-1.6683,-0.21741,0.1468,-0.38763,-0.58776,0.37947,-0.60024,321.37,239.07,-6472.1,44284
20.392,0,-1.5894,-0.17077,0.040527,-0.39424,-0.58355,0.38588,-0.59594,311.05,225.94,-6479.6,43537
20.399,0,-1.5656,-0.19136,0.039994,-0.4008,-0.57927,0.39224,-0.59157,312.05,216.48,-6458.7,43739
20.406,0,-1.4566,-0.10321,0.11367,-0.4073,-0.57492,0.39855,-0.58713,309.77,238.54,-6460.5,45326
20.413,0,-1.6429,-0.15881,0.13501,-0.41376,-0.57051,0.40481,-0.58263,316.3,246.54,-6465.6,44259
20.42,1,-1.4156,-0.18768,0.22779,-0.42016,-0.56603,0.41101,-0.57805,316.53,248.89,-6462.3,44707
20.427,0,-1.5526,-0.27913,0.174,-0.4265,-0.56149,0.41716,-0.57341,310.6,226.58,-6468.9,43894
20.434,0,-1.6424,-0.13613,0.1671,-0.43279,-0.55688,0.42326,-0.56871,330.99,243.84,-6477.2,43525
20.441,0,-1.7152,-0.2802,-0.059969,-0.43902,-0.55222,0.4293,-0.56393,316.41,263.25,-6468.8,43610
20.448,0,-1.6421,-0.28589,0.17649,-0.4452,-0.54749,0.43528,-0.5591,312.73,264.08,-6482.9,45123
20.455,0,-1.6237,-0.12019,-0.039695,-0.45132,-0.54269,0.44121,-0.55419,316.69,245.36,-6473.5,43101
20.462,0,-1.6865,-0.15782,0.19728,-0.45738,-0.53784,0.44708,-0.54923,323.67,225.96,-6479.6,45180
20.469,0,-1.6805,-0.18688,0.15136,-0.46338,-0.53293,0.45289,-0.5442,324.92,229.27,-6457.7,44867
20.476,0,-1.6167,-0.23742,0.09224,-0.46933,-0.52795,0.45865,-0.53911,309.67,226.26,-6483.8,43085
20.483,0,-1.4464,-0.024412,0.020045,-0.47521,-0.52292,0.46435,-0.53396,320.08,236.28,-6489.8,43497
20.49,0,-1.4948,0.072284,-0.043945,-0.48103,-0.51783,0.46999,-0.52874,328.82,251.77,-6477.3,44803
20.497,0,-1.7724,-0.18998,0.16996,-0.4868,-0.51268,0.47557,-0.52347,322.18,254.82,-6490.8,44558
20.504,0,-1.52,-0.012618,0.11432,-0.4925,-0.50748,0.48109,-0.51814,319.92,245.12,-6467.2,44761
20.511,0,-1.6192,-0.25855,0.11791,-0.49814,-0.50222,0.48655,-0.51275,320.53,245.24,-6472.2,43629
20.518,0,-1.4087,-0.034417,0.02721,-0.50371,-0.49691,0.49194,-0.5073,319.88,241.26,-6479.5,42354
20.525,0,-1.611,-0.086579,0.16575,-0.50922,-0.49154,0.49728,-0.50179,312.36,249.12,-6489.9,44810
20.532,0,-1.6633,-0.0028898,0.02125,-0.51467,-0.48611,0.50255,-0.49623,334.28,217.76,-6483.2,45399
20.539,0,-1.6881,-0.073276,0.069154,-0.52006,-0.48064,0.50776,-0.49061,297.91,244.25,-6489.9,43990
20.546,0,-1.4684,-0.089299,0.20886,-0.52538,-0.47511,0.51291,-0.48494,321.64,239.75,-6500.7,44989
20.554,0,-1.4494,-0.10212,0.13235,-0.53063,-0.46953,0.518,-0.47922,341.05,248.04,-6505.6,44461
20.561,0,-1.6149,-0.070267,0.28078,-0.53582,-0.4639,0.52302,-0.47344,322.94,224.23,-6482.9,42969
20.568,0,-1.5677,-0.10001,0.24787,-0.54094,-0.45822,0.52797,-0.46761,315.98,236.42,-6486.3,44094
20.575,0,-1.5422,-0.17093,0.22077,-0.546,-0.45249,0.53286,-0.46173,315.92,250.03,-6487.6,43774
20.582,0,-1.5892,-0.12539,0.15933,-0.55099,-0.44672,0.53769,-0.45579,305.23,241.73,-6495.9,45166
20.589,0,-1.5713,-0.22756,0.31418,-0.55591,-0.44089,0.54245,-0.44981,321.34,231.92,-6486.3,44685
20.596,0,-1.6789,-0.064162,0.1544,-0.56076,-0.43502,0.54714,-0.44378,307.95,236.26,-6491.4,43232
20.603,0,-1.4,-0.065553,0.12733,-0.56554,-0.4291,0.55177,-0.4377,323.7,250.9,-6493.1,43660
20.61,0,-1.4285,-0.26095,0.30163,-0.57026,-0.42314,0.55633,-0.43157,321.91,253.68,-6484.2,44194
20.617,0,-1.3872,-0.23972,0.17563,-0.5749,-0.41714,0.56082,-0.4254,330.31,237.84,-6482.7,44675
20.624,0,-1.5294,-0.074395,0.2182,-0.57948,-0.41108,0.56524,-0.41918,333.95,236.44,-6471,44214
20.631,0,-1.3997,-0.19201,0.16213,-0.58399,-0.40499,0.5696,-0.41292,328.45,253.9,-6484.1,43323
20.638,0,-1.4465,-0.075487,-0.0055618,-0.58842,-0.39886,0.57389,-0.40661,325.07,251.47,-6499.8,43329
20.645,0,-1.3897,-0.18694,-0.023546,-0.59278,-0.39268,0.5781,-0.40026,326.94,254.39,-6504.9,42825
20.652,0,-1.3108,0.028262,0.16435,-0.59708,-0.38646,0.58225,-0.39386,335.79,253.26,-6497,44452
20.659,0,-1.5676,-0.13239,0.041743,-0.6013,-0.38021,0.58633,-0.38743,335.33,238.32,-6498.8,43735
20.666,0,-1.5372,-0.077331,0.09043,-0.60545,-0.37391,0.59034,-0.38095,318.17,254.65,-6488.8,44285
20.673,0,-1.5001,-0.049351,0.25682,-0.60952,-0.36758,0.59428,-0.37443,322.31,240.58,-6501.5,44986
20.68,0,-1.482,-0.060485,0.2819,-0.61352,-0.36121,0.59815,-0.36788,326.06,245.18,-6504.2,44825
20.687,0,-1.547,-0.18555,0.21651,-0.61745,-0.3548,0.60195,-0.36128,330.53,243,-6500.7,45010
20.694,0,-1.5137,-0.12981,0.22311,-0.62131,-0.34836,0.60567,-0.35465,322.93,243.19,-6510,44011
20.701,0,-1.4402,0.0078085,0.38535,-0.62509,-0.34189,0.60933,-0.34798,313.5,240.46,-6504.1,43787
20.708,0,-1.4041,0.0073387,0.13385,-0.6288,-0.33537,0.61291,-0.34128,336.18,238.74,-6508,44003
20.716,0,-1.3297,-0.011221,0.24597,-0.63244,-0.32883,0.61642,-0.33454,341.54,254.66,-6499.3,45097
20.723,0,-1.6097,0.021958,0.25473,-0.636,-0.32226,0.61986,-0.32776,313.06,237.52,-6501.6,43258
20.73,0,-1.5906,0.088964,0.0019294,-0.63948,-0.31565,0.62323,-0.32096,297.48,244.18,-6492.6,43532
20.737,0,-1.5455,-0.1658,0.20815,-0.64289,-0.30901,0.62652,-0.31412,317.62,238.68,-6491.4,44809
20.744,0,-1.4423,0.031124,0.11334,-0.64623,-0.30234,0.62974,-0.30725,314.62,261.56,-6508.5,45267
20.751,0,-1.4016,-0.043872,0.048706,-0.64949,-0.29565,0.63289,-0.30035,320.6,251.12,-6515.9,45046
20.758,0,-1.3719,0.05166,0.18281,-0.65267,-0.28892,0.63597,-0.29341,331.12,243.77,-6515.7,43778
20.765,0,-1.5616,-0.062841,0.16998,-0.65578,-0.28217,0.63897,-0.28645,330.42,254.22,-6514.8,45186
20.772,0,-1.5541,0.03855,0.12325,-0.65881,-0.27539,0.6419,-0.27947,330.35,248.58,-6520.2,43809
20.779,0,-1.3905,0.028093,0.22003,-0.66176,-0.26858,0.64475,-0.27245,311.58,255.44,-6515.2,43587
20.786,0,-1.4014,-0.056131,0.24395,-0.66464,-0.26176,0.64753,-0.26541,313.7,257.76,-6493.5,43760
20.793,0,-1.3988,0.05505,0.15047,-0.66744,-0.2549,0.65023,-0.25834,331.91,247.26,-6500,45174
20.8,0,-1.3434,-0.10771,0.057743,-0.67017,-0.24803,0.65287,-0.25125,335.35,255.93,-6509.8,44559
20.807,0,-1.6448,-0.079215,0.099103,-0.67281,-0.24113,0.65542,-0.24413,309.97,242.25,-6516.9,45220
20.814,0,-1.4975,0.054924,0.21079,-0.67538,-0.23421,0.6579,-0.23699,321.21,242.19,-6495.6,43320
20.821,0,-1.3478,-0.12648,0.22832,-0.67788,-0.22726,0.66031,-0.22983,313.48,255.43,-6531.9,43694
20.828,0,-1.5233,0.15286,0.3954,-0.68029,-0.2203,0.66264,-0.22265,327.54,235.18,-6517,44376
20.835,0,-1.5974,0.032612,0.42985,-0.68263,-0.21332,0.6649,-0.21544,327.33,236.34,-6513.8,45200
20.842,0,-1.5352,-0.043132,0.22034,-0.68489,-0.20632,0.66708,-0.20822,325.18,252.06,-6517,44772
20.849,0,-1.5134,0.25154,0.24953,-0.68707,-0.19931,0.66919,-0.20098,317.5,255.69,-6518,42826
20.856,0,-1.391,0.18928,0.15785,-0.68918,-0.19227,0.67122,-0.19372,299.66,252.48,-6524.3,42449
20.863,0,-1.4117,-0.016189,0.16058,-0.6912,-0.18523,0.67318,-0.18644,324.42,251.52,-6534,43680
20.87,0,-1.5642,0.2039,-0.045504,-0.69315,-0.17816,0.67506,-0.17915,328.47,259.53,-6539.6,45008
20.878,0,-1.3409,0.043091,0.11931,-0.69502,-0.17108,0.67687,-0.17184,319.89,246,-6524.9,46266
20.885,0,-1.2736,-0.0019507,0.10047,-0.69681,-0.16399,0.6786,-0.16452,332.54,248.47,-6530.7,43372
20.892,0,-1.4661,-0.01839,0.21294,-0.69852,-0.15689,0.68025,-0.15718,319.02,234.11,-6508.8,44362
20.899,0,-1.4364,-0.0079516,0.18891,-0.70016,-0.14977,0.68183,-0.14983,337.34,242.13,-6512.1,43830
20.906,0,-1.1713,-0.028393,0.23516,-0.70172,-0.14265,0.68334,-0.14247,330.91,242.67,-6534.2,43368
20.913,0,-1.468,0.17297,0.22452,-0.70319,-0.13551,0.68477,-0.1351,331,225.02,-6533.2,44039
20.92,0,-1.3023,0.05765,0.18806,-0.70459,-0.12836,0.68612,-0.12772,332.59,241.26,-6524.6,42349
20.927,0,-1.2377,-0.054102,0.15927,-0.70592,-0.12121,0.6874,-0.12032,330.35,255.71,-6527.4,44200
20.934,0,-1.3179,0.0093298,0.1042,-0.70716,-0.11405,0.6886,-0.11292,333.98,244.22,-6529.3,43501
20.941,0,-1.3197,-0.1787,0.16095,-0.70832,-0.10688,0.68973,-0.10552,336.09,245.49,-6520.9,44181
20.948,0,-1.5662,0.17656,0.053491,-0.70941,-0.099701,0.69078,-0.0981,353.36,245.29,-6537.9,44790
20.955,0,-1.222,-0.0078869,0.11631,-0.71042,-0.09252,0.69175,-0.090678,339.72,236.04,-6538.2,41998
20.962,0,-1.2359,0.1396,0.05727,-0.71135,-0.085334,0.69265,-0.083251,320.64,258.4,-6523.4,43216
20.969,0,-1.3526,0.10633,0.27313,-0.7122,-0.078145,0.69348,-0.07582,327.98,243.41,-6524,44127
20.976,0,-1.2882,0.15704,0.27737,-0.71297,-0.070953,0.69423,-0.068385,339.02,236.69,-6535.5,42680
20.983,0,-1.3002,0.15364,0.011009,-0.71367,-0.063759,0.69491,-0.060947,327.03,251.59,-6527.5,45837
20.99,0,-1.4847,0.27307,0.062679,-0.71429,-0.056563,0.69551,-0.053507,334.22,244.05,-6527.4,45235
20.997,0,-1.3218,0.02884,0.17816,-0.71483,-0.049367,0.69603,-0.046066,311.19,260.8,-6524.7,44955
21.004,0,-1.3685,0.12723,0.12693,-0.71529,-0.042171,0.69648,-0.038625,337,251.97,-6519.9,44955
21.011,0,-1.175,0.1437,-0.062563,-0.71568,-0.034976,0.69686,-0.031184,339.63,237.33,-6533.8,43575
21.018,0,-1.1544,0.076162,0.24708,-0.71598,-0.027783,0.69716,-0.023744,329.31,241.83,-6527.5,43694
21.025,0,-1.4219,0.087379,0.077621,-0.71621,-0.020592,0.69739,-0.016307,325.52,249.22,-6527.3,44685
21.033,0,-1.5637,0.10949,0.085702,-0.71636,-0.013404,0.69754,-0.0088721,321.65,246.67,-6517.9,44037
21.04,0,-1.3474,0.24507,-0.0023548,-0.71644,-0.0062207,0.69762,-0.001441,299.45,238.2,-6546.2,42754
21.047,0,-1.2238,0.17914,0.21325,-0.71644,0.00095807,0.69762,0.0059856,322.38,251.87,-6533.9,42369
21.054,0,-1.4643,-0.070224,0.12233,-0.71636,0.0081312,0.69756,0.013407,326.59,263.47,-6530.7,44420
21.061,0,-1.1936,-0.011663,0.19033,-0.7162,0.015298,0.69741,0.020822,332.21,239.55,-6526.7,44810
21.068,0,-1.2771,0.07299,0.078498,-0.71597,0.022458,0.6972,0.028231,330.95,238.04,-6553,44980
21.075,0,-1.3336,0.14228,0.050446,-0.71566,0.02961,0.69691,0.035631,307.57,229.33,-6543,44002
21.082,0,-1.3513,0.21241,0.16411,-0.71528,0.036753,0.69654,0.043024,308.72,240.93,-6557,44014
21.089,0,-1.3171,0.21469,0.058645,-0.71482,0.043887,0.69611,0.050407,342.31,238.01,-6543.1,44077
21.096,0,-1.3249,0.051883,0.0085384,-0.71428,0.051011,0.6956,0.05778,324.29,251.77,-6523.1,44187
21.103,0,-1.2063,0.18147,0.066785,-0.71367,0.058125,0.69502,0.065143,320.49,233.86,-6556.6,45424
21.11,0,-1.2154,0.32007,-0.042211,-0.71298,0.065226,0.69437,0.072494,322.28,251.45,-6554.9,41801
21.117,0,-1.3047,0.11734,0.028924,-0.71222,0.072316,0.69364,0.079832,326.5,241.85,-6555.8,44803
21.124,1,-1.3803,-0.019401,0.23238,-0.71139,0.079392,0.69284,0.087158,325.71,256.25,-6538.3,44146
21.131,0,-1.4611,0.2109,0.14083,-0.71047,0.086455,0.69197,0.09447,330.58,258.55,-6547.1,43908
21.138,0,-1.355,0.15071,0.11706,-0.70949,0.093503,0.69103,0.10177,333.66,246.58,-6531.3,44053
21.145,0,-1.2751,-0.053603,-0.010745,-0.70843,0.10054,0.69002,0.10905,327.36,252.56,-6551.2,42958
21.152,0,-1.3177,0.34574,0.23801,-0.70729,0.10755,0.68894,0.11632,324.6,247.5,-6540.4,44269
21.159,0,-1.4951,0.025423,0.19552,-0.70608,0.11455,0.68779,0.12357,319.94,235.31,-6553.4,43379
21.166,0,-1.3697,0.30278,0.22724,-0.7048,0.12154,0.68657,0.1308,334.27,235.33,-6542.2,44898
21.173,0,-1.3406,0.097027,0.20157,-0.70345,0.1285,0.68527,0.13801,339.6,248.19,-6564.8,42631
21.18,0,-1.2831,-0.02451,-0.0080342,-0.70202,0.13545,0.68391,0.14521,325.07,238.42,-6556.6,43083
21.187,0,-1.3887,0.075621,0.16574,-0.70052,0.14238,0.68248,0.15238,315.57,239.14,-6562.6,42145
21.195,0,-1.2287,0.18704,0.042339,-0.69895,0.14929,0.68098,0.15953,342.63,247.74,-6544.4,41919
21.202,0,-1.4844,0.2592,-0.040324,-0.69731,0.15617,0.67941,0.16667,321.39,253.99,-6561,42753
21.209,0,-1.6,0.34543,0.058215,-0.69559,0.16304,0.67777,0.17378,338.61,252.64,-6543.1,43444
21.216,0,-1.418,0.24775,-0.056054,-0.69381,0.16988,0.67606,0.18087,342.54,243.07,-6570.4,42604
21.223,0,-1.4907,0.094741,0.020271,-0.69195,0.17671,0.67429,0.18794,335.55,259.76,-6555.3,43267
21.23,0,-1.2838,0.11226,0.068881,-0.69002,0.1835,0.67244,0.19498,327.22,253.91,-6541.2,42486
21.237,0,-1.1649,0.16741,0.21017,-0.68802,0.19028,0.67053,0.20199,320.07,237.34,-6564.4,43771
21.244,0,-1.2571,0.21176,0.20485,-0.68596,0.19703,0.66856,0.20899,327.31,251.8,-6560.4,43685
21.251,0,-1.458,0.16838,0.073897,-0.68382,0.20375,0.66652,0.21595,339.03,243.39,-6562.4,42857
21.258,0,-1.2724,0.26343,0.14924,-0.68161,0.21045,0.66441,0.22289,350.67,245.24,-6567,43542
21.265,0,-1.366,0.23818,-0.20115,-0.67934,0.21712,0.66223,0.22981,319.8,259.51,-6566,43767
21.272,0,-1.3665,0.28559,-0.0055416,-0.67699,0.22376,0.65999,0.23669,340.11,249.79,-6557.9,44337
21.279,0,-1.2978,-0.04275,-0.036587,-0.67458,0.23038,0.65769,0.24355,326.19,236.75,-6560.6,44045
21.286,0,-1.274,0.20698,0.027616,-0.6721,0.23697,0.65532,0.25037,329.68,253.55,-6565.8,43764
21.293,0,-1.3684,0.21826,0.17482,-0.66955,0.24353,0.65288,0.25717,335.02,249.25,-6569.7,42669
21.3,0,-1.3384,0.13068,-0.099899,-0.66694,0.25006,0.65038,0.26393,336.38,251.35,-6564.1,43017
21.307,0,-1.2814,0.17353,-0.12837,-0.66426,0.25656,0.64782,0.27067,325.52,252.87,-6552.4,44071
21.314,0,-1.4732,0.17335,-0.056695,-0.66151,0.26302,0.6452,0.27737,330.32,252.26,-6557.2,43900
21.321,0,-1.4699,0.082493,-0.10902,-0.6587,0.26946,0.64251,0.28404,313.88,238.88,-6585.7,43567
21.328,0,-1.2413,0.070681,-0.010802,-0.65583,0.27587,0.63976,0.29068,334.15,242.99,-6553.5,43732
21.335,0,-1.362,0.20763,-0.041403,-0.65288,0.28224,0.63695,0.29728,321.18,240.87,-6566.8,43938
21.342,0,-1.2783,0.20529,2.4909e-05,-0.64988,0.28858,0.63408,0.30385,341.47,258.72,-6563.8,45593
21.349,0,-1.3878,0.29269,-0.017069,-0.64681,0.29488,0.63114,0.31039,346.18,245.24,-6587.3,44953
21.357,0,-1.252,0.053005,-0.056524,-0.64368,0.30115,0.62815,0.31689,333.7,243.81,-6578.8,44515
21.364,0,-1.4113,0.31868,-0.086269,-0.64048,0.30739,0.62509,0.32335,341.04,247.62,-6585.2,44931
21.371,0,-1.4267,0.34615,-0.10296,-0.63722,0.31359,0.62198,0.32977,342.34,248.62,-6568.4,42530
21.378,0,-1.3426,0.20178,-0.15915,-0.6339,0.31975,0.61881,0.33616,345.02,260.61,-6565.4,44095
21.385,0,-1.3373,-0.082044,-0.10605,-0.63052,0.32588,0.61557,0.34251,321.14,242.58,-6570.8,43225
21.392,0,-1.3851,0.22999,-0.08117,-0.62707,0.33197,0.61228,0.34883,341.85,234.87,-6587.6,44821
21.399,0,-1.5381,0.21727,-0.19487,-0.62357,0.33803,0.60893,0.3551,338.36,245.57,-6576,42987
21.406,0,-1.218,0.11534,-0.16847,-0.62001,0.34404,0.60553,0.36134,324.99,249.76,-6566.6,42748
21.413,0,-1.3492,0.15012,-0.040572,-0.61638,0.35002,0.60207,0.36753,318.33,232.49,-6580.2,44636
21.42,0,-1.3575,-0.015808,-0.00040104,-0.6127,0.35596,0.59855,0.37368,327.82,244.03,-6579.3,43677
21.427,0,-1.406,0.19402,-0.034354,-0.60896,0.36186,0.59497,0.37979,340.32,234.09,-6552,42008
21.434,0,-1.2829,0.2938,-0.068167,-0.60515,0.36771,0.59134,0.38587,326.62,242.59,-6576.8,43823
21.441,0,-1.1445,0.20734,-0.017595,-0.6013,0.37353,0.58765,0.39189,323.34,249.17,-6594,41884
21.448,0,-1.2024,0.3629,-0.026033,-0.59738,0.37931,0.58391,0.39788,337.74,261.17,-6585.7,44387
21.455,0,-1.2873,0.087392,-0.1178,-0.59341,0.38504,0.58012,0.40382,338.41,237.96,-6590,42132
21.462,0,-1.2048,0.24825,-0.058329,-0.58938,0.39073,0.57627,0.40972,324.42,247.63,-6597.2,43052
21.469,0,-1.3124,0.043587,0.0079912,-0.5853,0.39638,0.57237,0.41557,344.55,231.34,-6585.8,45093
21.476,0,-1.3294,0.017702,-0.055047,-0.58116,0.40199,0.56841,0.42138,333.23,238.73,-6581.4,44238
21.483,0,-1.3592,0.13708,-0.099904,-0.57696,0.40755,0.56441,0.42715,331.12,254.22,-6595.1,44382
21.49,0,-1.233,0.11121,0.073318,-0.57271,0.41307,0.56035,0.43287,332.02,275.31,-6598.7,45028
21.497,0,-1.2925,0.13378,-0.10332,-0.56841,0.41855,0.55624,0.43854,330.45,240.77,-6576.3,44251
21.504,0,-1.2761,0.31514,-0.1427,-0.56406,0.42398,0.55208,0.44417,338.17,244.54,-6610.7,43381
21.511,0,-1.2337,0.25786,-0.0018684,-0.55965,0.42936,0.54787,0.44974,331.54,239.52,-6586.7,43807
21.519,0,-1.1203,0.094981,-0.24213,-0.55519,0.4347,0.54362,0.45528,343.36,244.72,-6587.8,43779
21.526,0,-1.1694,0.22886,-0.084834,-0.55068,0.44,0.53931,0.46076,343.82,240.52,-6591.5,44829
21.533,0,-1.1984,0.21424,-0.18877,-0.54612,0.44524,0.53495,0.46619,338.81,241.06,-6599.4,43661
21.54,0,-1.0669,0.057995,-0.22237,-0.54151,0.45044,0.53055,0.47158,317.39,235.13,-6579.2,42948
21.547,0,-1.2215,0.019733,-0.13742,-0.53685,0.4556,0.5261,0.47692,322.97,255.16,-6591.4,43295
21.554,0,-1.3331,0.24555,-0.0599,-0.53214,0.4607,0.5216,0.4822,332.71,255.22,-6583.9,45102
21.561,0,-1.1378,0.25647,-0.17477,-0.52738,0.46576,0.51706,0.48744,347.62,249.49,-6582.9,42807
21.568,0,-1.1666,0.10445,-0.33843,-0.52257,0.47077,0.51247,0.49263,335.71,259.51,-6589.7,45296
21.575,0,-1.3199,0.25892,0.022755,-0.51771,0.47573,0.50783,0.49776,337.72,248.54,-6590.2,43689
21.582,0,-1.298,0.14848,-0.019322,-0.51281,0.48064,0.50315,0.50284,340.29,247.15,-6585.3,44438
21.589,0,-1.1621,0.14321,-0.24294,-0.50786,0.4855,0.49843,0.50788,338.55,258.98,-6579.6,42231
21.596,0,-1.2779,0.18101,-0.25765,-0.50287,0.49031,0.49366,0.51286,336.45,245.69,-6595.4,44576
21.603,0,-1.2043,-0.010278,-0.10667,-0.49783,0.49507,0.48885,0.51778,334.39,248.44,-6595.8,44102
21.61,0,-1.3055,0.031859,-0.2457,-0.49275,0.49978,0.484,0.52266,310.08,231.2,-6591.6,43337
21.617,0,-1.4101,0.17227,-0.078378,-0.48762,0.50444,0.4791,0.52748,328.42,242.47,-6606.6,43005
21.624,0,-1.3611,0.22306,-0.10168,-0.48245,0.50904,0.47417,0.53224,338.05,267.62,-6607.7,42641
21.631,0,-1.2474,0.001197,-0.20627,-0.47723,0.5136,0.46919,0.53696,339.59,245.55,-6575.6,42856
21.638,0,-1.1347,0.043852,-0.065507,-0.47198,0.5181,0.46417,0.54162,332.31,246.34,-6594.5,42045
21.645,0,-1.3206,0.24058,-0.19944,-0.46668,0.52256,0.45912,0.54622,336.79,251,-6583.4,43889
21.652,0,-1.1104,0.037235,-0.094047,-0.46134,0.52696,0.45402,0.55077,337.02,240.77,-6590,44010
21.659,0,-1.2943,0.12963,0.086179,-0.45596,0.5313,0.44889,0.55526,328.51,231.14,-6607.2,44152
21.666,0,-1.046,0.30124,-0.051252,-0.45054,0.53559,0.44372,0.5597,339.41,275.22,-6589.2,41950
21.673,0,-1.2295,0.039106,-0.22947,-0.44508,0.53983,0.43851,0.56408,347.92,254.15,-6609.9,43423
21.681,0,-1.2508,0.12473,-0.056271,-0.43958,0.54402,0.43326,0.56841,329.75,265.38,-6571.2,42346
21.688,0,-1.2788,0.014201,-0.010641,-0.43405,0.54815,0.42798,0.57268,324.43,236.51,-6606.5,43282
21.695,0,-1.3262,0.18255,-0.21189,-0.42847,0.55223,0.42267,0.57689,351.02,253.79,-6596.2,44164
21.702,0,-1.2323,-0.17055,-0.26403,-0.42286,0.55625,0.41731,0.58105,340.4,275.15,-6611.3,42447
21.709,0,-1.0432,0.041337,-0.059499,-0.41722,0.56022,0.41193,0.58515,337.56,262.77,-6611.6,41451
21.716,0,-1.2857,0.17294,-0.15075,-0.41154,0.56413,0.40651,0.58919,333.59,229.39,-6616.8,43616
21.723,0,-1.2226,0.048656,0.021894,-0.40582,0.56799,0.40106,0.59317,333.06,233.13,-6601.9,43420
21.73,0,-1.2889,0.021748,-0.11251,-0.40007,0.57179,0.39557,0.59709,339.84,256.8,-6608.9,43949
21.737,0,-1.4963,0.067041,-0.16707,-0.39428,0.57554,0.39005,0.60096,319.31,255.09,-6609.4,43141
21.744,0,-1.2673,0.15718,-0.059699,-0.38847,0.57923,0.3845,0.60477,336.34,259.21,-6619.5,42870
21.751,0,-1.2581,0.1344,-0.15922,-0.38261,0.58287,0.37892,0.60852,337.9,263.81,-6589.4,43304
21.758,0,-1.2979,-0.14279,-0.10428,-0.37673,0.58644,0.37331,0.6122,341.1,259.13,-6596.7,43346
21.765,0,-1.1949,-0.080952,-0.24887,-0.37082,0.58997,0.36767,0.61583,324.43,246.15,-6616.8,43377
21.772,0,-1.2194,-0.040269,-0.24494,-0.36487,0.59343,0.362,0.6194,332.7,248.08,-6620.4,42946
21.779,0,-1.4107,0.092957,-0.19811,-0.3589,0.59684,0.35631,0.62291,322.91,241.97,-6611.2,43946
21.786,0,-1.0275,0.1266,-0.07913,-0.3529,0.60019,0.35058,0.62636,335.38,252.93,-6605.5,43368
21.793,0,-1.1407,-0.029832,-0.11891,-0.34686,0.60348,0.34483,0.62975,349.49,263.71,-6630.4,42324
21.8,0,-1.0803,0.08478,-0.040906,-0.3408,0.60672,0.33905,0.63308,335.22,261.73,-6608,42423
21.807,0,-1.185,0.048681,-0.23696,-0.33471,0.60989,0.33324,0.63635,329.55,237.63,-6622.2,42321
21.814,0,-1.1726,-0.035479,-0.19772,-0.3286,0.61301,0.32741,0.63956,329.47,248.59,-6630,42837
21.821,0,-1.1081,0.027586,-0.13029,-0.32246,0.61608,0.32156,0.64271,349.13,237.97,-6617.1,42801
21.828,1,-0.89536,0.20762,-0.093901,-0.31629,0.61908,0.31568,0.64579,326.69,236.83,-6611.1,42861
21.835,0,-1.0472,0.19368,-0.060018,-0.3101,0.62202,0.30977,0.64882,330.09,247.49,-6620.8,43677
21.843,0,-1.0386,-0.044692,-0.37619,-0.30388,0.62491,0.30385,0.65178,349.91,258.65,-6593.8,44355
21.85,0,-1.2526,-0.091874,-0.10667,-0.29764,0.62774,0.2979,0.65468,332.53,269.57,-6605.5,43509
21.857,0,-1.1968,0.0030654,-0.0058654,-0.29138,0.63051,0.29193,0.65752,327.76,259.34,-6632.3,43944
21.864,0,-1.1069,-0.077859,-0.078113,-0.28509,0.63322,0.28593,0.6603,344.75,255.52,-6611.8,43878
21.871,0,-1.155,0.14418,-0.12399,-0.27878,0.63587,0.27992,0.66302,347.08,253.96,-6627.7,43401
21.878,0,-1.1387,-0.098319,-0.0046054,-0.27245,0.63846,0.27389,0.66567,334.84,256.79,-6623.2,43938
21.885,0,-1.1296,0.058159,-0.29159,-0.2661,0.641,0.26783,0.66826,350.45,240.89,-6612.8,44428
21.892,0,-1.1701,0.030237,-0.071389,-0.25973,0.64347,0.26176,0.67079,340.76,264.22,-6626,43765
21.899,0,-1.2148,-0.18188,-0.2636,-0.25334,0.64589,0.25567,0.67326,340.86,264.16,-6634.3,42435
21.906,0,-0.9296,0.10361,-0.293,-0.24693,0.64824,0.24956,0.67567,325.64,249.72,-6612.5,42387
21.913,0,-1.0929,0.0033709,-0.18102,-0.24051,0.65054,0.24344,0.67801,348.72,244.75,-6638,42882
21.92,0,-1.0541,0.030616,-0.016759,-0.23406,0.65277,0.2373,0.68029,331.35,250.33,-6607.7,43753
21.927,0,-0.96602,0.081013,-0.2608,-0.2276,0.65495,0.23114,0.6825,339.48,248.64,-6624.5,42195
21.934,0,-1.1892,-0.05193,-0.22854,-0.22113,0.65707,0.22497,0.68466,351.91,237.48,-6617.5,44025
21.941,0,-1.076,-0.094351,-0.10863,-0.21463,0.65913,0.21878,0.68675,326.53,261.01,-6626.2,41685
21.948,0,-1.0737,0.14072,-0.14042,-0.20812,0.66112,0.21258,0.68878,351.9,276.66,-6634.1,44540
21.955,0,-1.1362,0.010103,-0.012755,-0.2016,0.66306,0.20636,0.69074,330.82,232.6,-6636.4,45031
21.962,0,-1.2855,0.067798,-0.060589,-0.19507,0.66494,0.20013,0.69264,342.72,271.82,-6635.2,43848
21.969,0,-0.95526,-0.11278,-0.075418,-0.18852,0.66676,0.19389,0.69448,337.67,257.1,-6636.8,44206
21.976,0,-0.93634,-0.023766,-0.16179,-0.18196,0.66852,0.18764,0.69626,348.57,261.81,-6641.8,44826
21.983,0,-1.1329,0.073306,-0.17585,-0.17538,0.67021,0.18137,0.69797,345.34,266.78,-6636,43643
21.99,0,-0.94282,-0.055327,-0.19006,-0.1688,0.67185,0.1751,0.69962,331.58,259.03,-6624.2,43410
21.997,0,-1.0641,-0.096369,-0.22969,-0.1622,0.67343,0.16881,0.7012,347.11,268.83,-6650,42970
22.005,0,-1.0507,0.19875,-0.2197,-0.1556,0.67495,0.16252,0.70273,326.67,268.68,-6635.5,43666
22.012,0,-1.1008,0.12752,-0.043243,-0.14898,0.67641,0.15621,0.70419,334.44,223.77,-6623.3,43016
22.019,0,-1.1666,-0.072844,-0.24421,-0.14236,0.6778,0.1499,0.70558,326.18,247.83,-6629.6,42054
22.026,0,-1.0413,-0.15582,-0.15545,-0.13572,0.67914,0.14358,0.70691,344.38,259.99,-6657.2,42480
22.033,0,-1.1676,-0.067964,0.15618,-0.12908,0.68042,0.13726,0.70818,326.15,252.86,-6626.1,43900
22.04,0,-0.8933,0.17715,-0.1405,-0.12244,0.68164,0.13092,0.70939,322.71,254.98,-6628.1,42839
22.047,0,-1.1293,0.0080954,-0.22618,-0.11578,0.6828,0.12458,0.71053,337.11,267.85,-6637.6,42876
22.054,0,-1.1255,-0.015719,-0.083584,-0.10912,0.6839,0.11824,0.71162,343.16,244.24,-6644.2,44871
22.061,0,-0.90999,-0.077016,-0.22911,-0.10246,0.68494,0.11189,0.71263,380.61,259.84,-6635,41587
22.068,0,-1.0153,-0.15084,-0.040368,-0.095791,0.68592,0.10553,0.71359,337.59,257.89,-6635.1,43450
22.075,0,-1.2184,-0.039822,-0.12983,-0.089118,0.68684,0.099175,0.71448,319.02,277.51,-6629.1,42254
22.082,0,-1.0668,0.12307,-0.20424,-0.082441,0.6877,0.092814,0.71531,342.9,266.5,-6638.9,44715
22.089,0,-1.141,-0.046798,-0.22457,-0.075762,0.6885,0.08645,0.71607,327.75,273.47,-6643.7,45876
22.096,0,-1.2553,-0.26274,-0.16994,-0.069081,0.68924,0.080084,0.71678,346.31,249.62,-6630.4,43189
22.103,0,-1.1442,-0.092581,-0.17252,-0.062397,0.68992,0.073717,0.71742,319.13,256.38,-6656.1,44485
22.11,0,-1.0541,0.021511,0.020193,-0.055713,0.69054,0.067348,0.71799,355.35,262.04,-6640.5,43665
22.117,0,-0.96015,-0.098821,-0.034181,-0.049029,0.6911,0.060979,0.71851,356.92,258.44,-6656.7,43863
22.124,0,-0.95903,-0.18649,-0.038229,-0.042344,0.69161,0.05461,0.71896,334.75,245.12,-6637.6,41828
22.131,0,-1.0433,-0.10287,-0.0063539,-0.035661,0.69205,0.048242,0.71935,352.25,251.99,-6644.8,41405
22.138,0,-1.1814,-0.1811,-0.16789,-0.028978,0.69244,0.041875,0.71968,351.49,261.03,-6652.4,42820
22.145,0,-0.96759,-0.33182,0.017423,-0.022298,0.69277,0.03551,0.71994,347.99,255.08,-6645,42152
22.152,0,-1.1755,0.025284,-0.10519,-0.01562,0.69303,0.029147,0.72015,330.71,263.47,-6662.8,43475
22.159,0,-1.1602,0.015911,-0.29274,-0.0089449,0.69324,0.022787,0.72029,336.67,273.1,-6645,42991
22.167,0,-1.0707,-0.082859,-0.18837,-0.0022736,0.69339,0.016431,0.72037,345.03,258.91,-6639,43225
22.174,0,-1.0463,-0.09991,-0.14346,0.0043935,0.69349,0.010078,0.72039,349.92,261.87,-6645.6,42577
22.181,0,-1.027,-0.060028,-0.12515,0.011056,0.69352,0.0037298,0.72034,323.69,264.88,-6649.5,44210
22.188,0,-0.97197,-0.36571,-0.14632,0.017713,0.6935,-0.0026133,0.72024,361.06,275.12,-6647.8,45110
22.195,0,-0.98866,-0.0089016,-0.063433,0.024364,0.69342,-0.0089508,0.72007,331.14,253.46,-6651.8,43615
22.202,0,-1.0652,-0.29978,-0.19191,0.031009,0.69328,-0.015282,0.71984,367.71,266.99,-6648.4,42737
22.209,0,-1.1604,-0.025292,0.076772,0.037646,0.69308,-0.021607,0.71955,337.6,251.66,-6653.8,43037
22.216,0,-1.1369,-0.046192,-0.071455,0.044276,0.69282,-0.027925,0.7192,358.32,246.78,-6663.4,43147
22.223,0,-1.0129,-0.13437,0.097874,0.050898,0.69251,-0.034235,0.71879,333.42,244.92,-6661.3,42332
22.23,0,-1.0263,-0.24448,-0.047984,0.057512,0.69214,-0.040537,0.71832,339.11,253.81,-6662.4,41592
22.237,0,-1.0868,0.027051,-0.061678,0.064116,0.69172,-0.04683,0.71779,365.82,264.04,-6640,42332
22.244,0,-1.0661,-0.1975,-0.092307,0.07071,0.69123,-0.053115,0.7172,339.93,249.7,-6663.5,42601
22.251,0,-1.1957,-0.18785,-0.086492,0.077294,0.69069,-0.059389,0.71655,350.15,258.24,-6682.6,42695
22.258,0,-1.2294,0.024509,-0.086483,0.083867,0.69009,-0.065653,0.71584,351.98,256.38,-6651.7,44081
22.265,0,-1.1288,-0.10952,-0.087018,0.090428,0.68944,-0.071907,0.71507,351.79,255.7,-6661.7,44068
22.272,0,-0.99875,0.038512,-0.033454,0.096978,0.68873,-0.078149,0.71424,347.96,260.05,-6659.5,45403
22.279,0,-1.1417,-0.18654,-0.20544,0.10352,0.68797,-0.08438,0.71335,337.73,263.42,-6663.2,41565
22.286,0,-0.98731,-0.18847,-0.20429,0.11004,0.68715,-0.090598,0.7124,337.8,253.76,-6663.7,41987
22.293,0,-1.2016,-0.16638,0.003457,0.11655,0.68627,-0.096804,0.71139,355.71,249.3,-6668,42535
22.3,0,-1.1384,0.014344,0.086125,0.12305,0.68534,-0.103,0.71033,345.36,248.81,-6670.3,41577
22.307,0,-1.0278,-0.14221,-0.060096,0.12953,0.68435,-0.10917,0.7092,356.18,258.79,-6677.2,43603
22.314,0,-0.96444,-0.14497,-0.26413,0.136,0.68331,-0.11534,0.70802,349.43,252.62,-6690.5,41256
22.321,0,-0.97417,-0.15999,-0.14128,0.14245,0.68221,-0.12149,0.70678,342.6,256.71,-6668.2,43282
22.329,0,-1.0641,-0.1523,-0.001757,0.14888,0.68106,-0.12762,0.70548,345.13,241.71,-6660.5,43425
22.336,0,-1.1203,-0.28857,-0.023474,0.1553,0.67985,-0.13374,0.70412,338.88,252.61,-6659.9,41715
22.343,0,-1.0168,-0.086448,-0.12109,0.1617,0.6786,-0.13985,0.70271,344.17,257.34,-6674.4,42589
22.35,0,-1.0367,-0.11635,0.040975,0.16809,0.67728,-0.14593,0.70124,338.64,251.01,-6661.7,43305
22.357,0,-0.98948,0.058173,0.17527,0.17445,0.67591,-0.152,0.69971,344.23,266.99,-6672.8,43265
22.364,0,-0.82287,-0.12793,-0.089016,0.1808,0.67449,-0.15806,0.69813,335.52,261.27,-6674.5,43299
22.371,0,-0.83515,0.1221,-0.07921,0.18713,0.67302,-0.16409,0.69649,343.73,256.18,-6659.9,42378
22.378,0,-1.0674,0.10156,-0.21607,0.19344,0.67149,-0.17011,0.6948,351.94,286.54,-6672.4,43525
22.385,0,-0.96912,-0.042571,0.04097,0.19973,0.66992,-0.1761,0.69304,336.21,249.25,-6667.2,43311
22.392,0,-1.2793,-0.22735,-0.22059,0.206,0.66828,-0.18208,0.69124,355.79,253.93,-6668.2,42412
22.399,0,-0.99217,-0.21381,0.16307,0.21224,0.6666,-0.18804,0.68937,343.84,253.15,-6683.7,41305
22.406,0,-0.9275,-0.01701,-0.087016,0.21847,0.66486,-0.19398,0.68746,341.53,250.88,-6690.4,42541
22.413,0,-1.1835,-0.22605,-0.041148,0.22467,0.66308,-0.1999,0.68549,344.67,256.35,-6673.5,42348
22.42,0,-1.0734,-0.10254,0.099802,0.23086,0.66124,-0.20579,0.68346,352.4,276.63,-6679,42519
22.427,0,-1.107,-0.2569,-0.035312,0.23701,0.65935,-0.21167,0.68138,360.7,249.39,-6669.1,42213
22.434,0,-1.1943,0.0023028,-0.031737,0.24315,0.65741,-0.21752,0.67924,355.25,256.44,-6653.5,43934
22.441,0,-0.96641,-0.2286,-0.091811,0.24926,0.65542,-0.22335,0.67706,349.03,244.8,-6698.9,43793
22.448,0,-1.1793,-0.26722,0.029252,0.25535,0.65338,-0.22916,0.67482,343.41,270.15,-6684.3,41104
22.455,0,-0.94824,-0.14358,0.16692,0.26141,0.65129,-0.23495,0.67252,361.26,253.23,-6673.1,41881
22.462,0,-1.1686,0.044191,-0.13868,0.26745,0.64915,-0.24071,0.67018,349.56,266.87,-6669.6,42402
22.469,0,-1.0773,-0.10865,0.039451,0.27346,0.64696,-0.24645,0.66778,344.66,270.86,-6668,43178
22.476,0,-1.0779,0.075514,-0.031517,0.27945,0.64472,-0.25216,0.66533,320.51,266.68,-6671.3,42117
22.484,0,-1.0095,-0.19901,-0.028411,0.28541,0.64243,-0.25785,0.66282,342.47,271.12,-6684.5,41394
22.491,0,-1.1872,-0.10436,0.010569,0.29134,0.6401,-0.26351,0.66027,339.79,274.44,-6674.2,42200
22.498,0,-1.0961,-0.11104,0.065724,0.29725,0.63771,-0.26915,0.65767,342.79,260.53,-6680.5,43099
22.505,0,-1.0857,-0.035974,-0.021274,0.30312,0.63528,-0.27476,0.65501,338.3,278.35,-6667.8,39865
22.512,0,-0.93459,-0.21087,0.026127,0.30897,0.6328,-0.28035,0.6523,334.07,247.82,-6680.8,43182
22.519,0,-1.2092,-0.19385,0.025168,0.31479,0.63028,-0.28591,0.64955,349.85,267.36,-6693.6,43751
22.526,0,-0.92669,-0.052824,-0.019171,0.32059,0.6277,-0.29144,0.64674,331.96,248.2,-6668.7,43941
22.533,1,-0.93158,-0.26418,-0.0079024,0.32635,0.62508,-0.29695,0.64389,352.99,245.05,-6691.1,44288
22.54,0,-0.83814,-0.014363,-0.04244,0.33208,0.62242,-0.30242,0.64098,334.72,251.72,-6660.1,42332
22.547,0,-0.95237,-0.057211,-0.011451,0.33779,0.61971,-0.30787,0.63803,366,275.35,-6674.7,43127
22.554,0,-0.91758,-0.12441,-0.10762,0.34346,0.61695,-0.31329,0.63503,350.78,261.07,-6685.3,42743
22.561,0,-1.0155,-0.2898,0.17668,0.3491,0.61415,-0.31868,0.63198,351.62,248.79,-6682.3,42316
22.568,0,-1.0175,-0.07399,0.0095229,0.35471,0.6113,-0.32404,0.62888,354.01,264.51,-6700.6,42140
22.575,0,-0.93058,-0.12539,0.062198,0.36029,0.60841,-0.32938,0.62574,344.5,254.29,-6692.6,42954
22.582,0,-0.93678,-0.15893,0.13465,0.36584,0.60547,-0.33468,0.62254,329.05,270.87,-6673.1,42236
22.589,0,-0.99825,-0.21993,0.13904,0.37135,0.60249,-0.33995,0.61931,347.59,257.64,-6691.9,41951
22.596,0,-1.0196,-0.0039194,0.0024448,0.37683,0.59946,-0.34519,0.61602,349.95,261.19,-6680.9,42480
22.603,0,-1.1927,-0.16593,-0.073159,0.38228,0.5964,-0.3504,0.61269,357.13,264.31,-6691.2,42584
22.61,0,-1.0465,-0.15713,0.0099825,0.3877,0.59329,-0.35558,0.60931,352.73,278.74,-6669.6,44168
22.617,0,-1.0525,-0.047422,0.11605,0.39308,0.59013,-0.36073,0.60589,340.51,254.23,-6675.2,42890
22.624,0,-0.90807,-0.11423,0.16482,0.39843,0.58694,-0.36584,0.60243,355.53,272.24,-6699.3,42322
22.631,0,-0.86266,-0.10905,0.065446,0.40374,0.5837,-0.37093,0.59892,352.27,267.04,-6695,43732
22.638,0,-0.78132,-0.0093871,0.059666,0.40902,0.58042,-0.37598,0.59536,349.59,276.49,-6684.2,41308
22.646,0,-0.92633,-0.086842,0.085125,0.41426,0.5771,-0.38099,0.59176,349.59,257,-6687.7,44267
22.653,0,-1.1004,-0.05417,0.11804,0.41947,0.57374,-0.38598,0.58812,345.35,273.19,-6690,41640
22.66,0,-0.89213,-0.11739,0.13217,0.42464,0.57034,-0.39093,0.58444,356.33,271.23,-6700.8,42197
22.667,0,-1.064,-0.059458,-0.09898,0.42977,0.5669,-0.39584,0.58071,365.23,266.72,-6700.7,41583
22.674,0,-1.0653,-0.13662,0.0067772,0.43487,0.56342,-0.40073,0.57694,333.46,262.05,-6695.1,42403
22.681,0,-0.82286,-0.075968,0.12785,0.43993,0.5599,-0.40558,0.57313,342.46,262.49,-6697.7,44504
22.688,0,-0.90325,-0.046837,0.096744,0.44496,0.55634,-0.41039,0.56928,340.68,267.99,-6678.8,42962
22.695,0,-0.76944,-0.013881,0.2647,0.44994,0.55275,-0.41517,0.56538,358.84,260.84,-6705.9,42992
22.702,0,-0.88546,-0.31584,0.10624,0.45489,0.54911,-0.41991,0.56145,347.48,260.37,-6710.6,41172
22.709,0,-0.93948,0.16177,0.12558,0.4598,0.54544,-0.42462,0.55748,340.63,257.96,-6694.2,42192
22.716,0,-0.77588,0.073716,0.10475,0.46467,0.54173,-0.42929,0.55346,334.1,244.27,-6697.5,42945
22.723,0,-0.81668,-0.29831,0.17582,0.46951,0.53798,-0.43392,0.54941,351.78,261.14,-6698.1,42059
22.73,0,-0.84586,-0.1804,0.22894,0.4743,0.53419,-0.43852,0.54532,366.37,248.66,-6692.1,42440
22.737,0,-0.92425,-0.17923,-0.012495,0.47906,0.53037,-0.44309,0.54119,346.5,255.09,-6715.9,43969
22.744,0,-0.92198,-0.12398,0.15601,0.48377,0.52652,-0.44761,0.53702,332.83,252.6,-6688.3,44069
22.751,0,-0.91411,-0.045151,0.14596,0.48845,0.52262,-0.4521,0.53281,338.76,259.36,-6701.9,42221
22.758,0,-1.1076,0.0087064,0.079616,0.49309,0.5187,-0.45655,0.52856,351.87,250.99,-6689.2,42070
22.765,0,-0.75411,-0.16514,0.23808,0.49768,0.51473,-0.46096,0.52428,344.52,256.73,-6697.5,40710
22.772,0,-0.95044,-0.1136,0.087219,0.50224,0.51074,-0.46534,0.51996,344.17,247.2,-6698.2,42919
22.779,0,-0.9457,0.04763,-0.04623,0.50675,0.50671,-0.46968,0.51561,341.87,254.81,-6691.8,41529
22.786,0,-0.96513,-0.065337,0.059421,0.51123,0.50264,-0.47398,0.51122,336.39,255.65,-6712.2,41274
22.793,0,-1.1033,-0.2192,0.1018,0.51566,0.49854,-0.47824,0.50679,342.19,266.09,-6716,42014
22.8,0,-0.82873,0.0075457,0.11203,0.52005,0.49441,-0.48246,0.50233,363.37,260.13,-6708,43101
22.808,0,-0.7708,-0.13085,-0.037341,0.5244,0.49025,-0.48664,0.49784,378.59,250.58,-6713.1,44171
22.815,0,-0.97304,-0.070471,0.16675,0.5287,0.48605,-0.49078,0.49331,343.62,270.7,-6722.8,42697
22.822,0,-0.84925,-0.057344,0.34614,0.53297,0.48183,-0.49489,0.48875,335.78,245.61,-6723.7,41790
22.829,0,-0.99272,-0.21792,0.0081204,0.53719,0.47757,-0.49895,0.48415,337.13,259.84,-6710.6,41578
22.836,0,-0.9144,-0.18224,0.28912,0.54137,0.47328,-0.50298,0.47952,361.28,254.17,-6716.7,44625
22.843,0,-0.79862,-0.016523,0.24646,0.5455,0.46896,-0.50696,0.47486,355.9,245.26,-6702.3,42331
22.85,0,-0.9369,-0.2241,0.1469,0.5496,0.46461,-0.5109,0.47017,342.13,263.59,-6708.9,41114
22.857,0,-1.0591,-0.10752,0.088994,0.55365,0.46023,-0.51481,0.46544,334.31,263.65,-6715,43356
22.864,0,-0.9978,0.0070263,0.049476,0.55765,0.45582,-0.51867,0.46069,349.52,266.57,-6699.7,42408
22.871,0,-0.96704,0.036692,0.063489,0.56161,0.45139,-0.52249,0.4559,349.28,251.28,-6696.5,41756
22.878,0,-0.98702,-0.057703,0.2127,0.56553,0.44692,-0.52627,0.45108,357.58,272.31,-6730.2,43179
22.885,0,-0.90621,-0.042925,0.032789,0.5694,0.44243,-0.53001,0.44624,339.15,255.22,-6717.1,44277
22.892,0,-0.9655,-0.14725,0.23587,0.57323,0.4379,-0.53371,0.44136,347.75,275,-6702.9,41465
22.899,0,-0.90255,0.038483,0.11524,0.57702,0.43335,-0.53737,0.43646,353.95,265.78,-6726.8,44162
22.906,0,-0.80672,-0.0366,0.23192,0.58076,0.42878,-0.54098,0.43152,363.36,263.67,-6719.3,42854
22.913,0,-1.1046,-0.087741,0.15106,0.58445,0.42418,-0.54455,0.42656,351.02,238.75,-6709.3,40082
22.92,0,-0.86899,0.0016873,0.10762,0.5881,0.41955,-0.54808,0.42157,365.66,257.98,-6730.4,42604
22.927,0,-0.82565,-0.13345,-0.055781,0.59171,0.41489,-0.55157,0.41655,358.99,269.25,-6699.3,41875
22.934,0,-0.96979,-0.12475,0.1518,0.59526,0.41021,-0.55502,0.41151,338.6,250.7,-6711.9,43568
22.941,0,-0.87029,-0.10123,0.25178,0.59878,0.40551,-0.55842,0.40644,346.36,253.48,-6706.6,42804
22.948,0,-1.0146,0.098615,0.30746,0.60224,0.40078,-0.56178,0.40134,335.38,270.36,-6722.8,45011
22.955,0,-0.58663,-0.01944,0.15215,0.60567,0.39603,-0.5651,0.39622,364.57,274.2,-6722.7,42590
22.962,0,-0.90067,-0.019416,0.026192,0.60904,0.39125,-0.56838,0.39108,356.28,252.11,-6725.1,41365
22.97,0,-0.89466,-0.032702,0.062304,0.61237,0.38645,-0.57161,0.3859,354.8,273.96,-6710.9,43487
22.977,0,-0.79453,0.059016,-0.067646,0.61565,0.38163,-0.5748,0.38071,349.52,271.77,-6723.3,41601
22.984,0,-0.81167,0.036752,0.20679,0.61889,0.37678,-0.57794,0.37549,338.72,262.42,-6728.2,43112
22.991,0,-1.0159,0.19275,0.1074,0.62208,0.37191,-0.58105,0.37025,345.89,271.61,-6717.3,42251
22.998,0,-0.93111,-0.013322,0.080344,0.62522,0.36703,-0.58411,0.36498,352.89,264.6,-6728.3,41479
23.005,0,-0.72946,-0.056298,0.19746,0.62832,0.36211,-0.58712,0.35969,352.86,261.11,-6707.2,42382
23.012,0,-0.8025,0.082209,0.13548,0.63137,0.35718,-0.59009,0.35438,334.22,257.2,-6720.2,43462
23.019,0,-0.78074,-0.11504,0.22084,0.63437,0.35223,-0.59302,0.34905,333.7,262.9,-6710.9,42132
23.026,0,-0.8115,-0.14421,0.15308,0.63732,0.34726,-0.59591,0.3437,360.07,274.22,-6724.6,41829
23.033,0,-0.88061,-0.11162,0.05781,0.64023,0.34227,-0.59874,0.33832,346.45,270.19,-6726,41487
23.04,0,-0.95532,-0.058073,0.14154,0.64309,0.33726,-0.60154,0.33293,341.67,257.62,-6727.3,43121
23.047,0,-0.712,-0.0036231,-0.1203,0.6459,0.33223,-0.60429,0.32751,349.11,252.16,-6704.3,40186
23.054,0,-0.71475,-0.17068,-0.059721,0.64867,0.32718,-0.607,0.32208,332.6,246.43,-6725.7,42568
23.061,0,-0.80675,-0.17632,0.017662,0.65138,0.32212,-0.60966,0.31663,341.48,250.96,-6728,43676
23.068,0,-0.75368,0.1215,0.11343,0.65405,0.31704,-0.61228,0.31116,351.17,256.55,-6740.8,43471
23.075,0,-0.86554,0.13154,0.03434,0.65667,0.31194,-0.61485,0.30567,359.57,252.62,-6720.3,44463
23.082,0,-0.85463,0.002577,0.17572,0.65925,0.30682,-0.61738,0.30016,346.13,271.79,-6731.6,44352
23.089,0,-0.66712,-0.024244,0.049565,0.66177,0.30169,-0.61987,0.29463,343.86,269.64,-6717.1,40829
23.096,0,-0.82539,-0.19273,0.14263,0.66425,0.29654,-0.62231,0.28909,354.76,267,-6717.6,44631
23.103,0,-0.8556,-0.15197,0.20271,0.66668,0.29137,-0.6247,0.28354,362.31,266.42,-6738.2,42418
23.11,0,-0.78953,0.075034,0.14966,0.66906,0.28619,-0.62705,0.27796,336.35,264.56,-6730,42486
23.117,0,-0.8195,-0.017512,0.10547,0.67139,0.281,-0.62936,0.27237,355.76,276.14,-6744.9,44204
23.124,0,-0.8519,0.055307,0.2868,0.67367,0.27579,-0.63162,0.26677,355.89,253.78,-6729.5,42182
23.132,0,-0.60813,0.15554,0.24666,0.67591,0.27057,-0.63383,0.26115,355.36,250.9,-6741.2,42293
23.139,0,-0.73679,0.088414,0.022554,0.67809,0.26533,-0.636,0.25551,354.68,263.5,-6720.7,43317
23.146,0,-0.99013,0.13996,0.030354,0.68023,0.26008,-0.63813,0.24987,358.15,268.64,-6728.3,41460
23.153,0,-0.79649,-0.0021007,0.18731,0.68232,0.25482,-0.64021,0.24421,350.54,253.61,-6736,44454
23.16,0,-0.91856,0.078294,0.28581,0.68436,0.24955,-0.64224,0.23853,346.12,270.27,-6742.4,41547
23.167,0,-0.77718,0.056235,0.34114,0.68635,0.24426,-0.64423,0.23285,353.44,258.13,-6732,41882
23.174,0,-0.80208,0.055572,0.20648,0.6883,0.23896,-0.64618,0.22715,369.16,266.06,-6735.1,43459
23.181,0,-0.86464,0.04977,0.085315,0.69019,0.23365,-0.64808,0.22144,347.75,280.74,-6744.2,41884
23.188,0,-0.62127,0.0054894,0.19841,0.69204,0.22833,-0.64993,0.21572,363.44,273.75,-6726.1,43422
23.195,0,-0.79001,0.065545,0.060233,0.69384,0.223,-0.65174,0.20998,345.35,255.34,-6739.9,43020
23.202,0,-0.90149,-0.031014,-0.079308,0.69558,0.21766,-0.65351,0.20424,357.31,277.43,-6722.4,42697
23.209,0,-0.67737,-0.055773,0.070743,0.69728,0.21231,-0.65522,0.19849,350.75,264.52,-6726.8,41082
23.216,0,-0.71033,0.19716,-0.01903,0.69894,0.20695,-0.6569,0.19273,344.84,254.82,-6747.5,43187
23.223,0,-0.84427,0.12341,0.11017,0.70054,0.20159,-0.65853,0.18696,356.1,277.34,-6747.5,42129
23.23,0,-0.83696,0.12189,0.079065,0.70209,0.19621,-0.66011,0.18118,342.04,257.12,-6744.9,42289
23.237,1,-0.7482,-0.066871,-0.038721,0.7036,0.19083,-0.66165,0.17539,354.04,267.61,-6747.2,42623
23.244,0,-0.62191,0.1291,0.020312,0.70505,0.18544,-0.66314,0.16959,348.82,264.83,-6732.4,42742
23.251,0,-0.73775,0.11108,0.17903,0.70646,0.18004,-0.66459,0.16379,361.81,274.9,-6748.7,43004
23.258,0,-0.54448,-0.0096303,0.33908,0.70782,0.17463,-0.66599,0.15798,355.5,289.02,-6754.9,44160
23.265,0,-0.77761,-0.13084,0.22299,0.70913,0.16922,-0.66735,0.15216,345.67,264.54,-6748.5,43423
23.272,0,-0.75513,0.043178,-0.037227,0.71039,0.1638,-0.66866,0.14634,349.93,278.4,-6749.4,43660
23.279,0,-0.86367,0.10222,0.092046,0.7116,0.15838,-0.66992,0.14051,387.1,259.64,-6742.7,43200
23.286,0,-0.76444,0.005688,0.065611,0.71277,0.15295,-0.67115,0.13467,365.58,263.78,-6746.2,41725
23.294,0,-0.72607,-0.086307,0.13309,0.71388,0.14751,-0.67232,0.12883,350.24,267.05,-6750.4,42564
23.301,0,-0.85231,-0.17834,0.22328,0.71495,0.14208,-0.67345,0.12299,367.43,277.04,-6749.9,41273
23.308,0,-0.60855,0.15431,0.1957,0.71597,0.13663,-0.67454,0.11714,348.08,264.06,-6743.3,42618
23.315,0,-0.68632,-0.15923,0.068509,0.71693,0.13119,-0.67558,0.11129,351.07,267.54,-6736.8,43896
23.322,0,-0.89733,0.13406,0.10458,0.71786,0.12574,-0.67658,0.10543,331.6,282.39,-6742.6,42399
23.329,0,-0.70549,-0.0068665,0.1707,0.71873,0.12028,-0.67753,0.099572,338.56,261.74,-6753.2,42898
23.336,0,-0.81092,-0.046373,0.17236,0.71955,0.11483,-0.67844,0.093711,357.36,253.37,-6738.2,42572
23.343,0,-0.86894,0.0053796,0.12864,0.72033,0.10937,-0.6793,0.087848,357.02,285.8,-6725.6,42558
23.35,0,-0.79811,-0.070193,-0.1151,0.72106,0.10391,-0.68012,0.081983,342.81,263.09,-6759.7,41685
23.357,0,-0.85957,0.065061,0.036296,0.72174,0.098448,-0.68089,0.076116,375.75,257.73,-6759.8,41539
23.364,0,-0.8622,-0.10348,0.090544,0.72237,0.092986,-0.68162,0.070249,351.24,267.24,-6753.1,41678
23.371,0,-0.9941,0.14057,0.14191,0.72295,0.087522,-0.6823,0.064381,359.77,267.57,-6757.5,42783
23.378,0,-0.83871,0.057939,0.030825,0.72349,0.082058,-0.68294,0.058514,363.64,267.06,-6770.5,42296
23.385,0,-0.81654,-0.12777,0.15538,0.72397,0.076594,-0.68354,0.052646,357.17,271.69,-6744.8,43668
23.392,0,-0.85785,0.23686,0.20376,0.72441,0.071131,-0.68409,0.046779,348.19,263.86,-6759.8,43772
23.399,0,-0.76326,0.16433,0.10495,0.7248,0.065667,-0.6846,0.040913,356.22,271.4,-6751.6,42132
23.406,0,-0.78395,-0.037962,0.093792,0.72515,0.060205,-0.68506,0.035049,377.39,266.5,-6742,40516
23.413,0,-0.83594,-0.03849,0.02029,0.72545,0.054744,-0.68548,0.029186,366.75,279.13,-6742.6,43027
23.42,0,-0.80139,-0.07488,0.19447,0.72569,0.049285,-0.68585,0.023326,358.06,264.92,-6777.8,42459
23.427,0,-0.78871,-0.039045,-0.084717,0.7259,0.043828,-0.68618,0.017469,376.73,257.41,-6757.1,42217
23.434,0,-0.62736,0.26617,-0.075188,0.72605,0.038373,-0.68647,0.011614,359.45,254.73,-6759.2,42518
23.441,0,-0.8221,0.029774,0.030742,0.72616,0.032921,-0.68672,0.0057627,371.37,260.84,-6761.4,43452
23.448,0,-0.84498,0.075511,0.078044,0.72622,0.027472,-0.68692,-8.4664e-05,341.99,265.21,-6747.4,42013
23.456,0,-0.88839,-0.041825,0.16383,0.72623,0.022026,-0.68707,-0.0059279,378.91,261.32,-6759.7,41639
23.463,0,-0.63891,-0.025771,0.19061,0.7262,0.016584,-0.68719,-0.011767,360.54,278.89,-6774.8,44181
23.47,0,-0.72338,0.068156,0.043471,0.72612,0.011147,-0.68726,-0.0176,356.19,270.06,-6763.4,41850
23.477,0,-0.55779,0.25905,-0.082038,0.72599,0.0057133,-0.68728,-0.023429,345.86,274.94,-6756.3,43180
23.484,0,-0.76909,0.21209,0.18628,0.72581,0.00028474,-0.68727,-0.029252,343.43,276.29,-6768.3,43202
23.491,0,-0.69868,0.10101,0.071074,0.72559,-0.0051387,-0.68721,-0.035068,366.04,264.3,-6747.5,42581
23.498,0,-0.96322,0.12401,0.059124,0.72533,-0.010557,-0.68711,-0.040879,342.1,261.62,-6763.7,41014
23.505,0,-0.88274,0.26651,0.074081,0.72501,-0.015969,-0.68696,-0.046682,356.27,266.47,-6758.8,41719
23.512,0,-0.75707,0.038552,0.011088,0.72466,-0.021375,-0.68678,-0.052479,373.78,266.91,-6769.5,41898
23.519,0,-0.7498,-0.040306,0.11363,0.72425,-0.026775,-0.68655,-0.058267,361.91,267.28,-6770.9,41624
23.526,0,-0.87231,0.041567,0.036998,0.7238,-0.032168,-0.68628,-0.064048,351.96,258.7,-6784.5,42713
23.533,0,-0.87032,0.076906,-0.046719,0.7233,-0.037554,-0.68596,-0.069821,365.35,282.27,-6772.3,42186
23.54,0,-0.75111,0.11823,-0.030095,0.72276,-0.042932,-0.68561,-0.075585,335.6,278.4,-6767,45000
23.547,0,-0.75867,0.19227,0.11902,0.72218,-0.048303,-0.68521,-0.08134,340.12,268.23,-6763.2,43055
23.554,0,-0.83528,0.057215,0.17678,0.72154,-0.053665,-0.68477,-0.087086,357.43,266.9,-6743,43064
23.561,0,-0.82665,0.17731,0.22871,0.72087,-0.05902,-0.68429,-0.092822,365.2,257.99,-6765.5,42777
23.568,0,-0.8651,-0.0046419,2.1587e-05,0.72014,-0.064365,-0.68377,-0.098549,365.05,269.77,-6762.2,43950
23.575,0,-0.87167,0.077776,0.085124,0.71938,-0.069702,-0.6832,-0.10426,375.5,270.95,-6779.7,41833
23.582,0,-0.81001,0.18692,-0.068297,0.71856,-0.075029,-0.6826,-0.10997,362.79,278.34,-6778,44752
23.589,0,-0.72118,0.0029711,0.0036716,0.71771,-0.080347,-0.68195,-0.11566,362.99,271.66,-6771.2,42282
23.596,0,-0.71427,0.10494,0.038435,0.71681,-0.085654,-0.68127,-0.12135,360.04,280.98,-6769.2,41980
23.603,0,-0.62725,0.33894,0.11251,0.71586,-0.090952,-0.68054,-0.12702,347.16,259.99,-6754.9,43062
23.61,0,-0.68462,-0.045142,-0.0061123,0.71487,-0.096239,-0.67977,-0.13268,362.73,261.37,-6768.5,41382
23.618,0,-0.80425,-0.058811,0.033379,0.71384,-0.10151,-0.67896,-0.13832,357.3,269.42,-6760.3,43379
23.625,0,-0.77023,0.16011,-0.031664,0.71277,-0.10678,-0.67811,-0.14396,359.29,278.55,-6782.7,43119
23.632,0,-0.61884,0.011841,0.14534,0.71165,-0.11203,-0.67722,-0.14958,351.86,286.48,-6780.3,43258
23.639,0,-0.83419,-0.12076,-0.0043745,0.71048,-0.11727,-0.6763,-0.15518,361.48,272.07,-6774.5,41966
23.646,0,-0.97411,0.026237,-0.060663,0.70928,-0.1225,-0.67533,-0.16078,352.23,266.09,-6761.9,41410
23.653,0,-0.77311,0.21428,-0.076846,0.70803,-0.12772,-0.67432,-0.16636,344.47,267.39,-6781,41978
23.66,0,-0.69603,0.017132,0.073279,0.70674,-0.13293,-0.67327,-0.17192,359.7,260.05,-6793.5,42322
23.667,0,-0.75369,0.00056181,0.093765,0.7054,-0.13812,-0.67218,-0.17747,362.8,258.58,-6794.6,42372
23.674,0,-0.71019,0.16445,-0.042996,0.70403,-0.1433,-0.67106,-0.18301,342.61,271.43,-6788.9,40890
23.681,0,-0.71161,0.14105,-0.12082,0.70261,-0.14846,-0.66989,-0.18853,350.41,279.21,-6782.7,42314
23.688,0,-0.73108,-0.092833,0.10466,0.70115,-0.15361,-0.66869,-0.19403,370.28,286.02,-6793,41393
23.695,0,-0.73104,-0.082618,0.18641,0.69965,-0.15875,-0.66744,-0.19952,368.63,265.01,-6787.1,43066
23.702,0,-0.67616,0.12073,-0.0054607,0.6981,-0.16387,-0.66616,-0.205,346.84,270.4,-6761.5,42400
23.709,0,-0.58657,0.14276,0.078586,0.69652,-0.16898,-0.66484,-0.21045,362.97,265.84,-6766,41158
23.716,0,-0.6368,0.22036,0.036234,0.69489,-0.17407,-0.66349,-0.21589,368.18,267.66,-6746.4,41974
23.723,0,-0.75181,0.13012,0.035773,0.69322,-0.17915,-0.66209,-0.22131,343.96,258.98,-6785.8,41855
23.73,0,-0.69894,0.070102,0.073016,0.69152,-0.18422,-0.66066,-0.22672,370.59,280.85,-6788.8,42994
23.737,0,-0.44812,0.20839,-0.064162,0.68977,-0.18926,-0.65919,-0.2321,373.35,277.26,-6778.8,42807
23.744,0,-0.44289,-0.02967,0.017415,0.68798,-0.19429,-0.65768,-0.23747,360.15,257.09,-6784.8,42197
23.751,0,-0.5821,0.20821,-0.040425,0.68615,-0.19931,-0.65613,-0.24282,368.58,281.06,-6780.2,42258
23.758,0,-0.85579,0.22791,-0.047276,0.68428,-0.20431,-0.65455,-0.24816,345.53,274.1,-6773.5,41929
23.765,0,-0.77715,0.084218,0.080886,0.68237,-0.20929,-0.65293,-0.25347,364.54,286.68,-6777,43560
23.773,0,-0.71073,-0.076596,0.1502,0.68042,-0.21425,-0.65128,-0.25876,362.09,271.88,-6764,41233
23.78,0,-0.70747,0.024417,-0.067208,0.67844,-0.2192,-0.64958,-0.26404,371.51,286.6,-6780.7,42920
23.787,0,-0.77897,0.011796,-0.0095194,0.67641,-0.22413,-0.64786,-0.26929,377.86,288.71,-6788.8,42249
23.794,0,-0.61097,0.074775,-0.061958,0.67434,-0.22904,-0.64609,-0.27453,359.59,268.58,-6793.6,41030
23.801,0,-0.65653,0.23137,0.047603,0.67224,-0.23394,-0.64429,-0.27974,365.01,272.96,-6773.1,41473
23.808,0,-0.81627,-0.18349,-0.081282,0.6701,-0.23881,-0.64246,-0.28494,369.46,289.53,-6800.3,41065
23.815,0,-0.67625,0.35531,0.11248,0.66791,-0.24367,-0.64059,-0.29011,368.68,274.74,-6794.8,43403
23.822,0,-0.66318,0.16855,-0.085327,0.6657,-0.24851,-0.63868,-0.29526,355.13,264.89,-6782.3,43238
23.829,0,-0.69828,-0.068205,-0.061754,0.66344,-0.25333,-0.63674,-0.30039,346.56,263.85,-6813.2,43095
23.836,0,-0.62317,0.10754,-0.13316,0.66115,-0.25813,-0.63476,-0.3055,357.28,269.08,-6813.9,41581
23.843,0,-0.60007,0.18812,0.026097,0.65881,-0.26291,-0.63275,-0.31059,349.76,276.47,-6801.6,40255
23.85,0,-0.92231,0.052072,-0.066269,0.65645,-0.26767,-0.63071,-0.31565,370.74,257.9,-6802.1,42509
23.857,0,-0.66886,0.032657,0.077017,0.65404,-0.27241,-0.62863,-0.3207,360,284.47,-6783.7,39989
23.864,0,-0.66454,-0.06059,-0.068092,0.6516,-0.27713,-0.62652,-0.32572,367.75,268.46,-6811.5,42236
23.871,0,-0.72604,0.1767,-0.17362,0.64912,-0.28184,-0.62437,-0.33071,348.8,275.15,-6794.1,42410
23.878,0,-0.66938,0.17737,-0.021506,0.64661,-0.28652,-0.62219,-0.33569,360.3,271.41,-6798.4,41331
23.885,0,-0.61114,-0.014356,0.028043,0.64406,-0.29117,-0.61998,-0.34064,345.68,276.17,-6787.8,43166
23.892,0,-0.7442,0.17922,-0.15042,0.64147,-0.29581,-0.61773,-0.34557,358.68,292.7,-6812.5,41640
23.899,0,-0.70204,0.18114,0.13193,0.63885,-0.30043,-0.61545,-0.35047,351.41,280.07,-6787.7,40987
23.906,0,-0.84633,0.21114,-0.03049,0.63619,-0.30503,-0.61314,-0.35535,368.81,272.7,-6791.3,41819
23.913,0,-0.69608,0.076024,0.039056,0.6335,-0.3096,-0.6108,-0.36021,352.9,272.35,-6787.2,42269
23.92,0,-0.91592,0.13969,-0.026565,0.63077,-0.31415,-0.60842,-0.36504,355.72,269.62,-6781.3,42901
23.927,0,-0.6892,0.22143,-0.12574,0.62801,-0.31868,-0.60602,-0.36984,355.06,254.54,-6781.1,42729
23.935,0,-0.69753,-0.016556,0.058512,0.62522,-0.32319,-0.60358,-0.37463,379.07,274.82,-6795.8,43223
23.942,1,-0.81315,0.18533,-0.001925,0.62239,-0.32767,-0.60111,-0.37938,356.51,273.69,-6792.6,42455
23.949,0,-0.46684,0.053887,-0.11682,0.61953,-0.33214,-0.5986,-0.38411,368.66,262.15,-6804.3,42478
23.956,0,-0.6723,0.078612,-0.027132,0.61663,-0.33657,-0.59607,-0.38882,375.8,277.3,-6807.3,40985
23.963,0,-0.58585,0.074927,-0.088271,0.61371,-0.34099,-0.59351,-0.3935,351.98,273.95,-6799.7,44411
23.97,0,-0.75718,0.048531,0.12137,0.61074,-0.34538,-0.59091,-0.39815,340.7,279.96,-6809.3,43546
23.977,0,-0.56255,0.19334,-0.00302,0.60775,-0.34975,-0.58829,-0.40278,346.52,269.97,-6793.7,42219
23.984,0,-0.5668,0.22027,-0.14782,0.60472,-0.3541,-0.58563,-0.40738,375.86,295.85,-6806.6,41036
23.991,0,-0.69829,0.034622,-0.025942,0.60167,-0.35842,-0.58295,-0.41195,374,263.5,-6793.8,43274
23.998,0,-0.52672,0.076023,-0.049215,0.59858,-0.36272,-0.58023,-0.4165,362.96,277.94,-6786.2,42283
24.005,0,-0.36449,0.17553,0.106,0.59545,-0.36699,-0.57749,-0.42102,355.91,277.16,-6798.4,43558
24.012,0,-0.60582,0.22915,-0.025428,0.5923,-0.37124,-0.57472,-0.42552,361.25,253.47,-6796.2,43208
24.019,0,-0.42458,0.03167,-0.082611,0.58912,-0.37546,-0.57192,-0.42998,369.26,273.7,-6797.6,43201
24.026,0,-0.77445,0.071946,0.08824,0.5859,-0.37966,-0.56908,-0.43442,351.84,286.22,-6798.8,43054
24.033,0,-0.59107,0.038254,-0.084881,0.58265,-0.38384,-0.56623,-0.43883,354.01,272.35,-6824.2,41282
24.04,0,-0.70772,0.10306,-0.1663,0.57938,-0.38799,-0.56334,-0.44321,375.38,272.93,-6805,43102
24.047,0,-0.54641,0.045192,-0.05187,0.57607,-0.39211,-0.56042,-0.44757,344.76,278.12,-6806,41438
24.054,0,-0.68333,0.098138,-0.084555,0.57274,-0.39621,-0.55748,-0.45189,356.39,288.44,-6805.4,41201
24.061,0,-0.69937,0.28588,-0.10886,0.56937,-0.40028,-0.55451,-0.45619,353.14,290.51,-6801.6,41734
24.068,0,-0.64259,0.083178,-0.085111,0.56598,-0.40433,-0.55151,-0.46046,343.31,280.23,-6808.9,41194
24.075,0,-0.62021,-0.0927,0.0073092,0.56255,-0.40835,-0.54849,-0.4647,369.93,274.79,-6795.1,41917
24.082,0,-0.80555,0.044689,-0.012566,0.5591,-0.41234,-0.54544,-0.46891,358.22,270.25,-6819.3,41970
24.089,0,-0.76142,-0.0043947,-0.053389,0.55562,-0.41631,-0.54236,-0.47309,354.87,277.54,-6809.8,41219
24.097,0,-0.71392,-0.0672,-0.098785,0.55211,-0.42025,-0.53926,-0.47724,365.94,279.16,-6805.5,41480
24.104,0,-0.65924,-0.042225,-0.014702,0.54857,-0.42417,-0.53613,-0.48136,366.98,265.8,-6799.2,41487
24.111,0,-0.6677,0.10048,-0.008466,0.54501,-0.42806,-0.53297,-0.48546,360.3,267.95,-6812.3,42737
24.118,0,-0.68653,-0.061063,-0.18209,0.54142,-0.43192,-0.52979,-0.48952,379.9,268.92,-6814.8,42741
24.125,0,-0.54392,-0.025568,-0.026806,0.5378,-0.43575,-0.52659,-0.49355,357.67,262.23,-6818.1,44656
24.132,0,-0.66227,0.30015,-0.020036,0.53415,-0.43956,-0.52336,-0.49756,368.4,281.41,-6812.1,42721
24.139,0,-0.51846,0.084802,-0.10801,0.53048,-0.44334,-0.5201,-0.50153,371.07,288.62,-6806.7,41537
24.146,0,-0.58525,0.069317,0.1377,0.52678,-0.44709,-0.51682,-0.50547,368.83,272.53,-6810.6,42811
24.153,0,-0.66928,0.17596,-0.28964,0.52306,-0.45082,-0.51352,-0.50938,357.85,277.12,-6817.7,43847
24.16,0,-0.60486,0.22863,0.0098488,0.51931,-0.45452,-0.51019,-0.51326,370.12,254.69,-6813.5,42683
24.167,0,-0.73235,0.1066,-0.027088,0.51553,-0.45818,-0.50684,-0.51711,368.22,285.55,-6820.2,42066
24.174,0,-0.5899,0.057726,-0.04457,0.51173,-0.46183,-0.50346,-0.52093,372,294.94,-6819.7,42752
24.181,0,-0.59922,0.24499,-0.17609,0.50791,-0.46544,-0.50006,-0.52472,363.68,294.08,-6810,43484
24.188,0,-0.58392,-0.13601,0.039781,0.50406,-0.46902,-0.49664,-0.52848,367.84,266.84,-6813.3,43826
24.195,0,-0.55143,0.012478,-0.095549,0.50018,-0.47258,-0.4932,-0.5322,366.61,271.12,-6801.2,42623
24.202,0,-0.49731,0.050503,-0.018589,0.49628,-0.47611,-0.48973,-0.5359,350.99,263.6,-6803,40961
24.209,0,-0.54651,0.14084,-0.17642,0.49236,-0.47961,-0.48624,-0.53956,374.28,300.92,-6799.3,43570
24.216,0,-0.46318,0.084063,-0.069797,0.48842,-0.48308,-0.48273,-0.54319,363.91,279.29,-6833.4,42956
24.223,0,-0.63796,0.11126,-0.05668,0.48445,-0.48652,-0.4792,-0.54679,368.25,262.25,-6824,43122
24.23,0,-0.61914,0.075628,0.09328,0.48045,-0.48993,-0.47564,-0.55036,377.58,267.16,-6836.8,42718
24.237,0,-0.77494,-0.010182,0.028659,0.47644,-0.49332,-0.47207,-0.55389,375.42,272.4,-6814.6,40754
24.244,0,-0.60365,0.11092,0.023891,0.4724,-0.49667,-0.46847,-0.55739,358.53,274.03,-6816.5,41448
24.251,0,-0.73438,0.1939,-0.076548,0.46834,-0.5,-0.46486,-0.56086,366.14,283.25,-6819.2,40711
24.259,0,-0.77712,0.29984,-0.25069,0.46426,-0.50329,-0.46122,-0.5643,364.11,285.41,-6823.7,43656
24.266,0,-0.71929,0.051391,0.0018597,0.46016,-0.50656,-0.45756,-0.5677,373.04,300.39,-6807.7,42738
24.273,0,-0.63124,0.066926,-0.042552,0.45603,-0.5098,-0.45389,-0.57108,365.85,284.96,-6806.5,40211
24.28,0,-0.60161,0.033658,-0.15496,0.45189,-0.513,-0.45019,-0.57441,370.92,266.88,-6823.3,42393
24.287,0,-0.62057,0.13606,0.07487,0.44772,-0.51618,-0.44647,-0.57772,351.18,278.56,-6806.9,40912
24.294,0,-0.60286,0.09678,-0.17296,0.44354,-0.51933,-0.44274,-0.58099,362.64,284.76,-6825.3,44242
24.301,0,-0.61761,0.03176,0.0046088,0.43933,-0.52245,-0.43898,-0.58424,379.53,280.55,-6823.6,43252
24.308,0,-0.42227,-0.084463,-0.066629,0.4351,-0.52554,-0.43521,-0.58744,392.93,280.87,-6827.2,45224
24.315,0,-0.61205,0.0060051,0.017283,0.43086,-0.52859,-0.43142,-0.59062,376.52,275.29,-6823.4,42528
24.322,0,-0.66524,-0.10357,-0.1337,0.42659,-0.53162,-0.42761,-0.59376,375.81,280.73,-6827.6,43078
24.329,0,-0.51134,0.035686,-0.17058,0.42231,-0.53462,-0.42378,-0.59686,361.02,268.71,-6815.1,43140
24.336,0,-0.50161,0.07393,0.046973,0.418,-0.53759,-0.41994,-0.59994,374.49,255.64,-6826.8,42448
24.343,0,-0.77333,0.10304,-0.13944,0.41368,-0.54052,-0.41608,-0.60298,377.22,260.79,-6825.2,41693
24.35,0,-0.5856,-0.024333,-0.011417,0.40934,-0.54343,-0.4122,-0.60599,370.86,295.31,-6819.8,43346
24.357,0,-0.59833,-0.087972,-0.1513,0.40498,-0.5463,-0.4083,-0.60896,378.6,272.27,-6844.9,44260
24.364,0,-0.69528,0.029013,-0.056263,0.40061,-0.54915,-0.40439,-0.6119,364.94,292.86,-6823.5,41091
24.371,0,-0.61135,0.11131,-0.17543,0.39621,-0.55196,-0.40046,-0.6148,364.15,282.01,-6825.7,42342
24.378,0,-0.34822,0.10861,-0.011059,0.3918,-0.55475,-0.39652,-0.61767,359.52,280.31,-6831.8,45173
24.385,0,-0.54271,0.12509,-0.11473,0.38737,-0.5575,-0.39256,-0.62051,380.16,282.47,-6825.1,42027
24.392,0,-0.60251,-0.01487,-0.28127,0.38293,-0.56022,-0.38858,-0.62331,373.24,274.59,-6834,40642
24.399,0,-0.5662,0.10995,-0.17376,0.37847,-0.56291,-0.38459,-0.62608,378.04,268.19,-6850.1,42365
24.406,0,-0.50631,-0.05363,0.006007,0.37399,-0.56557,-0.38059,-0.62882,376.79,278.78,-6839.5,42217
24.413,0,-0.68434,0.058936,-0.13558,0.3695,-0.5682,-0.37657,-0.63152,353.87,275.66,-6832.3,43138
24.421,0,-0.53521,0.054495,-0.10235,0.36499,-0.5708,-0.37253,-0.63419,381.97,268.46,-6833.7,41088
24.428,0,-0.54814,0.092356,-0.061606,0.36047,-0.57336,-0.36848,-0.63682,355.38,279.16,-6825.1,41455
24.435,0,-0.51063,-0.045821,0.097878,0.35593,-0.5759,-0.36442,-0.63942,372.57,275.48,-6809.7,40134
24.442,0,-0.59255,-0.027357,-0.20717,0.35138,-0.5784,-0.36034,-0.64198,363.71,268.06,-6831.4,41880
24.449,0,-0.55588,0.1069,0.15104,0.34681,-0.58088,-0.35625,-0.64451,367.54,278.51,-6848.6,40837
24.456,0,-0.56989,-0.0053083,-0.24088,0.34223,-0.58332,-0.35215,-0.647,377.52,279.53,-6823.6,42978
24.463,0,-0.39977,-0.078734,-0.080352,0.33764,-0.58573,-0.34803,-0.64946,365.38,281.6,-6838.6,40921
24.47,0,-0.43499,-0.1331,-0.08617,0.33303,-0.58811,-0.3439,-0.65189,344.07,275.08,-6848.3,42783
24.477,0,-0.66378,0.038074,-0.16656,0.3284,-0.59045,-0.33976,-0.65428,371.77,273.99,-6828,43696
24.484,0,-0.45671,-0.07479,-0.16083,0.32377,-0.59277,-0.3356,-0.65663,385.26,267.74,-6845.2,43655
24.491,0,-0.53216,0.20894,-0.1736,0.31912,-0.59506,-0.33144,-0.65895,382.41,279.22,-6827.6,41216
24.498,0,-0.55191,0.1111,0.021901,0.31446,-0.59731,-0.32726,-0.66124,383.5,299.94,-6844.9,41008
24.505,0,-0.53364,-0.078126,-0.0006075,0.30979,-0.59953,-0.32307,-0.66349,379.82,272.56,-6843.3,42303
24.512,0,-0.58286,0.024701,0.034131,0.3051,-0.60172,-0.31887,-0.66571,354.35,285.57,-6842,42323
24.519,0,-0.57448,0.11079,0.015219,0.30041,-0.60388,-0.31466,-0.66789,367.52,271.83,-6837.7,42627
24.526,0,-0.62925,0.065115,-0.26107,0.2957,-0.60601,-0.31044,-0.67004,380.79,265.64,-6829.5,42013
24.533,0,-0.47688,-0.12875,-0.0964,0.29098,-0.6081,-0.3062,-0.67215,371.97,272.28,-6835.1,41327
24.54,0,-0.41919,0.056377,0.04427,0.28625,-0.61016,-0.30196,-0.67422,358.42,282.54,-6824.7,42153
24.547,0,-0.60409,-0.031849,-0.20515,0.28151,-0.6122,-0.29771,-0.67627,373.94,282.81,-6835.7,41986
24.554,0,-0.46586,-0.15347,0.0085383,0.27676,-0.6142,-0.29345,-0.67827,375.14,274.62,-6826,40120
24.561,0,-0.69244,-0.10799,0.0073545,0.272,-0.61616,-0.28917,-0.68025,385.28,288.26,-6850,42172
24.568,0,-0.59784,0.096537,-0.055661,0.26723,-0.6181,-0.28489,-0.68218,368.6,276.55,-6827.2,42524
24.575,0,-0.62354,0.12711,0.001952,0.26245,-0.62001,-0.2806,-0.68409,376.9,307.62,-6843.7,43138
24.583,0,-0.44877,0.05817,-0.033102,0.25766,-0.62188,-0.27631,-0.68595,360.59,288.57,-6843.5,44399
24.59,0,-0.63305,0.097745,-0.35537,0.25286,-0.62372,-0.272,-0.68779,370.39,281.61,-6841.5,41774
24.597,0,-0.50759,-0.062845,-0.13299,0.24805,-0.62553,-0.26768,-0.68958,376.14,302.79,-6849.5,40488
24.604,0,-0.5527,-0.072962,-0.20327,0.24324,-0.62731,-0.26336,-0.69135,378.87,293.95,-6840.7,42562
24.611,0,-0.55547,0.028877,-0.077493,0.23841,-0.62906,-0.25903,-0.69307,373.53,276.16,-6836.7,41165
24.618,0,-0.44915,-0.03291,-0.13186,0.23358,-0.63077,-0.25469,-0.69477,364.37,288.53,-6843.4,42664
24.625,0,-0.60781,0.23306,-0.13618,0.22874,-0.63246,-0.25034,-0.69642,368.18,288.59,-6842.5,43407
24.632,0,-0.62494,-0.03022,-0.18049,0.2239,-0.63411,-0.24599,-0.69804,381.5,283.4,-6826.9,41793
24.639,0,-0.48815,0.1412,0.045798,0.21904,-0.63573,-0.24163,-0.69963,339.63,272.86,-6848.1,40714
24.646,1,-0.40644,-0.12141,-0.048281,0.21418,-0.63732,-0.23727,-0.70118,370.6,282.95,-6835.9,41931
24.653,0,-0.38265,-0.098125,-0.23899,0.20931,-0.63887,-0.23289,-0.7027,356.52,287.52,-6853.6,43510
24.66,0,-0.36018,-0.069851,-0.056758,0.20444,-0.6404,-0.22852,-0.70418,371.65,270.6,-6830.9,42330
24.667,0,-0.5596,-0.091879,0.0043416,0.19956,-0.64189,-0.22413,-0.70563,374.57,290.22,-6834.7,41792
24.674,0,-0.41107,0.25573,-0.11106,0.19467,-0.64335,-0.21974,-0.70705,361.12,279.89,-6849.1,40264
24.681,0,-0.54489,0.046208,-0.17307,0.18978,-0.64478,-0.21535,-0.70842,382.74,283.43,-6819.3,40366
24.688,0,-0.53141,0.15245,-0.005553,0.18488,-0.64618,-0.21095,-0.70977,364.45,250.66,-6865.9,41126
24.695,0,-0.48519,-0.013327,-0.033844,0.17998,-0.64755,-0.20654,-0.71107,369.73,263,-6865.5,42425
24.702,0,-0.4,0.039262,-0.082329,0.17507,-0.64889,-0.20213,-0.71235,373.39,269.84,-6832.7,41822
24.709,0,-0.61795,-0.16211,-0.15343,0.17016,-0.65019,-0.19772,-0.71359,373.58,290.07,-6836.3,41805
24.716,0,-0.45645,-0.0028304,-0.054423,0.16524,-0.65146,-0.1933,-0.71479,374.74,294.32,-6853.4,43448
24.723,0,-0.55764,-0.23402,-0.19984,0.16032,-0.65271,-0.18888,-0.71596,364.78,269.19,-6857.5,42519
24.73,0,-0.62709,-0.10822,-0.07734,0.1554,-0.65392,-0.18445,-0.71709,372.64,276.14,-6860.6,42784
24.737,0,-0.33997,-0.035175,-0.078727,0.15047,-0.6551,-0.18002,-0.71819,369.47,299.06,-6857.9,41867
24.745,0,-0.67084,-0.049139,0.063123,0.14554,-0.65624,-0.17559,-0.71926,369.61,279.97,-6855.8,42394
24.752,0,-0.56418,-0.070624,-0.16379,0.1406,-0.65736,-0.17115,-0.72029,364.68,284.94,-6848.7,43892
24.759,0,-0.33216,-0.19104,-0.095478,0.13566,-0.65845,-0.16671,-0.72128,378.03,277.59,-6867.7,41009
24.766,0,-0.594,-0.030838,-0.021549,0.13072,-0.6595,-0.16227,-0.72225,380.95,286.87,-6850,41376
24.773,0,-0.51888,-0.093637,-0.15808,0.12578,-0.66052,-0.15783,-0.72317,381.44,276.5,-6841.4,41807
24.78,0,-0.42772,-0.010911,-0.26254,0.12084,-0.66152,-0.15338,-0.72406,365.01,265.56,-6860.8,42419
24.787,0,-0.42836,-0.02937,-0.13732,0.11589,-0.66248,-0.14894,-0.72492,371.65,287.47,-6842.9,39626
24.794,0,-0.74367,0.073562,-0.11085,0.11094,-0.66341,-0.14449,-0.72575,387.03,265.01,-6847.3,41256
24.801,0,-0.42965,-0.14425,0.097996,0.10599,-0.66431,-0.14004,-0.72654,368.08,285.06,-6847.6,42048
24.808,0,-0.43328,-0.023978,-0.12044,0.10104,-0.66517,-0.13558,-0.72729,360.8,295.5,-6854.6,41194
24.815,0,-0.50294,-0.25222,-0.0067471,0.096087,-0.66601,-0.13113,-0.72801,390.21,277.58,-6848.7,41831
24.822,0,-0.50821,0.20915,-0.12885,0.091134,-0.66682,-0.12668,-0.7287,373.09,282.81,-6863.7,40350
24.829,0,-0.67693,-0.15317,-0.056361,0.08618,-0.66759,-0.12222,-0.72935,361.85,284.07,-6858,40188
24.836,0,-0.38032,-0.093721,-0.1562,0.081227,-0.66834,-0.11777,-0.72997,388.6,274.47,-6853,40925
24.843,0,-0.58251,-0.17776,-0.18156,0.076273,-0.66905,-0.11331,-0.73055,376.29,283.57,-6857.2,41837
24.85,0,-0.42859,-0.12479,-0.25362,0.071319,-0.66974,-0.10886,-0.73111,361.97,271.29,-6870.7,41469
24.857,0,-0.47451,-0.27237,-0.083446,0.066366,-0.67039,-0.1044,-0.73162,401.07,259.35,-6847.9,41492
24.864,0,-0.54595,-0.085262,-0.074534,0.061414,-0.67101,-0.099951,-0.7321,371.44,275.6,-6873.4,41325
24.871,0,-0.49164,-0.18743,-0.11988,0.056463,-0.67161,-0.095498,-0.73255,378.86,288.23,-6862.6,42406
24.878,0,-0.28153,-0.21888,-0.028296,0.051512,-0.67217,-0.091045,-0.73297,378.03,271.21,-6849.1,42173
24.885,0,-0.64165,-0.12199,-0.18535,0.046563,-0.6727,-0.086594,-0.73335,385.69,274.48,-6861.7,41218
24.892,0,-0.47452,0.03683,-0.020757,0.041616,-0.6732,-0.082144,-0.7337,369.92,290.54,-6832.6,42544
24.899,0,-0.43831,-0.091444,-0.04859,0.03667,-0.67368,-0.077695,-0.73402,383.17,266.8,-6876.5,41819
24.907,0,-0.57616,-0.03087,-0.10186,0.031727,-0.67412,-0.073249,-0.7343,350.39,278.48,-6855.8,44904
24.914,0,-0.51276,-0.10358,-0.096958,0.026786,-0.67453,-0.068804,-0.73454,391.07,279.79,-6870.2,41665
24.921,0,-0.50366,-0.17277,-0.2127,0.021847,-0.67491,-0.064361,-0.73476,382.53,260.76,-6879,40578
24.928,0,-0.47466,0.044432,-0.067993,0.016911,-0.67527,-0.059921,-0.73494,371.1,266.3,-6884.3,43273
24.935,0,-0.43083,-0.12155,-0.27828,0.011978,-0.67559,-0.055483,-0.73509,385.38,265.46,-6867.8,43052
24.942,0,-0.50921,-0.23113,-0.057084,0.0070479,-0.67588,-0.051048,-0.73521,387.73,270.43,-6864,42572
24.949,0,-0.62948,-0.12962,-0.1233,0.0021214,-0.67615,-0.046616,-0.73529,372.53,262.4,-6861.5,40936
24.956,0,-0.37178,0.023557,0.0062649,-0.0028015,-0.67638,-0.042187,-0.73534,378.8,279.69,-6868.5,41668
24.963,0,-0.4565,-0.068565,0.032802,-0.0077205,-0.67658,-0.037761,-0.73536,385.32,290.38,-6869.7,42355
24.97,0,-0.55677,0.02903,-0.021985,-0.012636,-0.67676,-0.033339,-0.73534,370.01,286.3,-6859,41572
24.977,0,-0.58456,-0.29605,-0.040446,-0.017546,-0.67691,-0.028921,-0.73529,368.15,284.05,-6868.6,43102
24.984,0,-0.49923,0.11861,-0.007017,-0.022453,-0.67702,-0.024506,-0.73521,344.63,306.47,-6885.1,43107
24.991,0,-0.51964,-0.16037,0.01074,-0.027354,-0.67711,-0.020096,-0.7351,379.83,273.98,-6882.1,42479
24.998,0,-0.31136,-0.21084,-0.096265,-0.032251,-0.67717,-0.01569,-0.73495,385.91,280.85,-6894.6,42478
25.005,0,-0.48588,0.056064,-0.038058,-0.037143,-0.6772,-0.011288,-0.73477,365.07,287.01,-6877.7,43063
25.012,0,-0.58103,0.060583,-0.047796,-0.042029,-0.6772,-0.0068914,-0.73456,396.26,285.47,-6871.3,40734
25.019,0,-0.3518,-0.0020817,-0.1274,-0.04691,-0.67717,-0.0024993,-0.73432,381.96,278.61,-6867.3,43104
25.026,0,-0.36498,-0.2117,-0.060886,-0.051785,-0.67712,0.0018877,-0.73405,375.87,278.46,-6870.8,42694
25.033,0,-0.51327,-0.16009,0.07687,-0.056654,-0.67703,0.0062695,-0.73374,380.58,279.06,-6854.3,41777
25.04,0,-0.51556,-0.2587,-0.17947,-0.061517,-0.67692,0.010646,-0.7334,367.22,272.6,-6869.6,42966
25.047,0,-0.36611,-0.07407,-0.1862,-0.066374,-0.67678,0.015017,-0.73303,377.58,289.15,-6873.1,44167
25.054,0,-0.50758,-0.08731,0.0095799,-0.071224,-0.67661,0.019382,-0.73263,386.58,268.6,-6874.4,41441
25.062,0,-0.53867,0.092491,-0.014173,-0.076067,-0.67641,0.023741,-0.7322,373.35,280.1,-6867.2,42113
25.069,0,-0.37185,-0.1422,-0.12414,-0.080904,-0.67619,0.028094,-0.73174,385.57,287.87,-6857.9,40452
25.076,0,-0.33021,0.11846,-0.092334,-0.085733,-0.67593,0.03244,-0.73124,379.28,286.33,-6859.3,41253
25.083,0,-0.54264,-0.17785,-0.058106,-0.090555,-0.67565,0.03678,-0.73071,351.42,292.09,-6862.2,41979
25.09,0,-0.51207,-0.12421,-0.0085543,-0.095369,-0.67534,0.041114,-0.73016,360.7,282.58,-6875.7,40979
25.097,0,-0.354,-0.010312,-0.13117,-0.10018,-0.675,0.04544,-0.72957,376.28,287.17,-6884.3,41020
25.104,0,-0.49904,0.027397,-0.26697,-0.10497,-0.67464,0.04976,-0.72895,369.81,284.9,-6882.6,42281
25.111,0,-0.42716,-0.044702,0.13702,-0.10976,-0.67425,0.054072,-0.7283,370.74,267.3,-6858.5,42982
25.118,0,-0.42742,-0.091433,0.037651,-0.11455,-0.67383,0.058377,-0.72762,354.59,272.87,-6877.6,42962
25.125,0,-0.44943,-0.027457,0.11136,-0.11932,-0.67338,0.062675,-0.72691,368.85,277.51,-6881.3,42356
25.132,0,-0.4405,-0.076698,0.031064,-0.12409,-0.67291,0.066964,-0.72616,377.92,284.71,-6881.3,42020
25.139,0,-0.48789,-0.050963,-0.13679,-0.12884,-0.67241,0.071246,-0.72539,360.17,293.51,-6876.5,43143
25.146,0,-0.37842,-0.13618,0.07848,-0.13359,-0.67188,0.07552,-0.72459,381.33,286.15,-6877,40543
25.153,0,-0.47029,-0.19653,-0.23891,-0.13833,-0.67133,0.079786,-0.72376,363.78,277.62,-6880.8,39522
25.16,0,-0.55734,-0.15206,-0.11133,-0.14306,-0.67074,0.084043,-0.72289,370.67,274.4,-6876.9,41866
25.167,0,-0.52478,-0.14655,-0.03313,-0.14777,-0.67014,0.088292,-0.722,377.66,292,-6876.7,42238
25.174,0,-0.49066,-0.091269,0.0098789,-0.15248,-0.6695,0.092533,-0.72108,369.92,280.26,-6862.8,42004
25.181,0,-0.48547,0.011212,-0.12951,-0.15718,-0.66884,0.096764,-0.72013,359.38,295.94,-6884.7,39955
25.188,0,-0.37518,-0.031815,-0.052783,-0.16187,-0.66816,0.10099,-0.71914,377.65,289.76,-6885.3,42035
25.195,0,-0.28996,-0.19026,-0.16271,-0.16655,-0.66744,0.1052,-0.71813,383.47,284.15,-6875.7,40747
25.202,0,-0.46014,-0.096483,-0.010221,-0.17122,-0.6667,0.1094,-0.71709,386.7,283.65,-6859.5,41999
25.209,0,-0.41418,-0.17403,-0.090245,-0.17587,-0.66594,0.1136,-0.71602,365.07,294.83,-6883.6,43154
25.216,0,-0.46779,-0.15441,-0.16349,-0.18052,-0.66515,0.11778,-0.71492,378.5,292,-6874.6,41088
25.224,0,-0.33199,-0.045029,0.0049214,-0.18516,-0.66433,0.12196,-0.7138,375.98,270.21,-6874.4,41848
25.231,0,-0.41331,-0.18085,-0.17889,-0.18978,-0.66349,0.12612,-0.71264,387.14,287.62,-6877.6,42699
25.238,0,-0.49994,-0.10947,0.12094,-0.19439,-0.66262,0.13028,-0.71146,390.6,271.72,-6886,41287
25.245,0,-0.23405,0.018108,-0.15749,-0.19899,-0.66173,0.13442,-0.71024,383.83,273.42,-6885.4,42167
25.252,0,-0.40524,-0.24455,0.044506,-0.20358,-0.66081,0.13856,-0.709,392.45,280.54,-6886,41936
25.259,0,-0.39932,-0.067427,-0.33659,-0.20816,-0.65987,0.14268,-0.70773,374.12,302.39,-6886.7,41846
25.266,0,-0.54974,-0.27771,-0.056943,-0.21273,-0.6589,0.1468,-0.70643,375,275.06,-6905.9,42785
25.273,0,-0.33246,-0.065678,-0.06051,-0.21728,-0.65791,0.1509,-0.70511,383.83,287.79,-6895,41408
25.28,0,-0.25941,-0.018163,-0.17407,-0.22182,-0.65689,0.15499,-0.70375,379.44,292.73,-6894.8,42247
25.287,0,-0.36955,-0.098762,-0.008583,-0.22635,-0.65585,0.15907,-0.70237,381.08,291.27,-6877,42789
25.294,0,-0.45024,-0.086605,0.062214,-0.23086,-0.65479,0.16314,-0.70096,380.3,288.56,-6876.4,42643
25.301,0,-0.20677,-0.17461,-0.11706,-0.23537,-0.65369,0.1672,-0.69952,392.35,269.61,-6889,42292
25.308,0,-0.43611,-0.085217,-0.15904,-0.23986,-0.65258,0.17124,-0.69806,388.58,290.73,-6897.6,42880
25.315,0,-0.28393,-0.040248,0.096614,-0.24433,-0.65144,0.17528,-0.69657,391.78,286.3,-6884.9,41328
25.322,0,-0.3158,-0.1757,-0.01855,-0.2488,-0.65028,0.1793,-0.69505,376.44,297.07,-6883.4,41190
25.329,0,-0.37187,-0.16943,-0.065336,-0.25325,-0.64909,0.18331,-0.6935,373.35,290.81,-6880.9,42629
25.336,0,-0.40316,-0.011465,0.14958,-0.25768,-0.64788,0.18731,-0.69193,366.66,292.74,-6859.5,42488
25.343,0,-0.34983,-0.016255,-0.20949,-0.2621,-0.64665,0.1913,-0.69033,371.27,285.7,-6883.6,42737
25.35,1,-0.40404,-0.16325,-0.030093,-0.26651,-0.64539,0.19528,-0.6887,383.37,285.93,-6909.5,40508
25.357,0,-0.46508,-0.25408,-0.070304,-0.27091,-0.64411,0.19924,-0.68705,368.59,277.18,-6881,41848
25.364,0,-0.37206,-0.0085784,-0.021121,-0.27529,-0.64281,0.20319,-0.68537,364.41,285.92,-6897.5,41833
25.371,0,-0.49269,-0.21359,-0.030814,-0.27965,-0.64148,0.20713,-0.68367,386.26,263.12,-6889,40420
25.378,0,-0.41943,-0.24111,0.034144,-0.284,-0.64013,0.21105,-0.68193,378.02,293.15,-6887.3,40593
25.386,0,-0.35043,-0.072394,0.062052,-0.28834,-0.63876,0.21496,-0.68018,388.23,295.4,-6899.4,41760
25.393,0,-0.27678,0.053534,0.018293,-0.29266,-0.63736,0.21886,-0.6784,390.14,284,-6884.6,41930
25.4,0,-0.32385,0.0070644,-0.079905,-0.29697,-0.63594,0.22275,-0.67659,378.05,293.87,-6901.1,42323
25.407,0,-0.55507,-0.022727,0.10728,-0.30126,-0.6345,0.22662,-0.67475,376.65,292.58,-6884.3,42533
25.414,0,-0.49589,-0.23508,-0.10266,-0.30553,-0.63304,0.23048,-0.67289,385.25,283.66,-6890.3,40853
25.421,0,-0.085672,-0.0040037,0.036409,-0.3098,-0.63156,0.23432,-0.67101,365.36,296.73,-6898.3,40434
25.428,0,-0.26231,-0.010477,-0.23083,-0.31404,-0.63005,0.23816,-0.6691,375.46,282.72,-6889.6,42250
25.435,0,-0.32189,-0.061953,0.14843,-0.31827,-0.62852,0.24197,-0.66717,367.59,270.97,-6908.6,42165
25.442,0,-0.5024,-0.052357,-0.020653,-0.32248,-0.62697,0.24578,-0.66521,370.69,307.48,-6884.3,42467
25.449,0,-0.20522,-0.028263,0.17151,-0.32668,-0.6254,0.24957,-0.66323,374.67,283.03,-6886,40754
25.456,0,-0.25582,0.21846,-0.1324,-0.33086,-0.62381,0.25335,-0.66122,393.32,281.59,-6890.8,41567
25.463,0,-0.46443,-0.2134,0.10518,-0.33503,-0.62219,0.25711,-0.65919,366.33,287.02,-6887.5,41877
25.47,0,-0.36633,-0.15817,-0.13423,-0.33918,-0.62056,0.26086,-0.65713,395.67,281.73,-6908.3,41769
25.477,0,-0.29739,-0.17496,0.14813,-0.34331,-0.6189,0.26459,-0.65505,367.15,268.13,-6899.4,41469
25.484,0,-0.4953,-9.6375e-05,0.092425,-0.34743,-0.61722,0.26831,-0.65295,376.96,284.88,-6909.6,40813
25.491,0,-0.33827,-0.029837,-0.01559,-0.35153,-0.61552,0.27201,-0.65082,375.83,292.59,-6899.9,43391
25.498,0,-0.48042,-0.079957,-0.13139,-0.35561,-0.61381,0.2757,-0.64867,387.56,280.84,-6891,44042
25.505,0,-0.25283,-0.061901,0.04727,-0.35968,-0.61207,0.27938,-0.64649,386.92,285.01,-6908.4,41154
25.512,0,-0.40031,-0.015501,0.040077,-0.36373,-0.61031,0.28304,-0.6443,377.63,282.31,-6898.9,41646
25.519,0,-0.54645,-0.21864,-0.092607,-0.36776,-0.60853,0.28668,-0.64207,389.68,292.42,-6910.7,39889
25.526,0,-0.25938,-0.18316,0.081917,-0.37178,-0.60673,0.29031,-0.63983,375.4,292.18,-6891,42926
25.533,0,-0.34532,-0.035868,-0.025629,-0.37577,-0.60491,0.29393,-0.63756,364.22,307.35,-6897.7,42550
25.54,0,-0.37256,0.037523,-0.099945,-0.37975,-0.60307,0.29753,-0.63528,381.62,286.35,-6900.4,39415
25.548,0,-0.60385,-0.034835,-0.013681,-0.38372,-0.60121,0.30111,-0.63296,369.14,285.91,-6897.9,40612
25.555,0,-0.3709,-0.063329,0.078386,-0.38766,-0.59933,0.30468,-0.63063,378.26,280.92,-6897.6,39743
25.562,0,-0.44121,-0.030275,-0.044408,-0.39159,-0.59743,0.30824,-0.62827,378.15,292.56,-6899,41977
25.569,0,-0.2687,-0.083651,-0.044477,-0.3955,-0.59551,0.31177,-0.6259,367.81,281.11,-6898,41424
25.576,0,-0.38392,0.012002,-0.094566,-0.39939,-0.59358,0.3153,-0.6235,381.6,296.86,-6898.5,43017
25.583,0,-0.30647,-0.16162,-0.065161,-0.40326,-0.59162,0.3188,-0.62107,376.17,285.63,-6923.3,42378
25.59,0,-0.45782,-0.16607,0.088344,-0.40712,-0.58965,0.32229,-0.61863,396.77,290.01,-6897.2,41725
25.597,0,-0.4711,-0.037463,0.018945,-0.41095,-0.58765,0.32577,-0.61617,386.83,281.71,-6905.9,41176
25.604,0,-0.29114,-0.0081142,-0.087661,-0.41477,-0.58564,0.32922,-0.61368,384.51,278.43,-6893.9,41068
25.611,0,-0.48902,-0.11069,0.16923,-0.41857,-0.58361,0.33267,-0.61117,371.1,269.13,-6892.2,39164
25.618,0,-0.22029,0.0040235,0.077609,-0.42235,-0.58156,0.33609,-0.60864,378.51,302.29,-6909,42077
25.625,0,-0.36486,-0.038489,0.12888,-0.42611,-0.5795,0.3395,-0.6061,383.54,301.62,-6900.3,40287
25.632,0,-0.47049,-0.007857,-0.057021,-0.42986,-0.57741,0.3429,-0.60353,378.44,284.36,-6911.8,42726
25.639,0,-0.51541,-0.093441,0.01267,-0.43358,-0.57531,0.34627,-0.60094,389.04,297.94,-6911.7,42680
25.646,0,-0.2774,-0.080819,0.1437,-0.43728,-0.57319,0.34963,-0.59833,395.09,289.16,-6894.7,42847
25.653,0,-0.34154,-0.36272,0.092688,-0.44097,-0.57105,0.35298,-0.5957,387.77,296.24,-6901.5,41697
25.66,0,-0.45235,-0.1146,0.056807,-0.44464,-0.5689,0.3563,-0.59305,390.87,276.42,-6910.8,41487
25.667,0,-0.36282,-0.033756,0.058032,-0.44828,-0.56672,0.35961,-0.59038,383.96,286.35,-6897.9,40344
25.674,0,-0.46251,0.053592,0.14995,-0.45191,-0.56453,0.36291,-0.58769,395.02,273.03,-6898.8,42436
25.681,0,-0.38751,-0.015813,0.050533,-0.45552,-0.56233,0.36618,-0.58498,382.53,280.28,-6934.5,41723
25.688,0,-0.26229,-0.13577,0.19663,-0.45911,-0.5601,0.36944,-0.58225,370.33,290.55,-6916.9,41211
25.695,0,-0.36128,-0.21414,-0.01357,-0.46268,-0.55787,0.37268,-0.5795,379.8,280.52,-6907.3,41266
25.702,0,-0.15502,-0.3169,-0.01854,-0.46623,-0.55561,0.37591,-0.57673,369.17,283.97,-6888.8,40906
25.71,0,-0.36396,-0.034118,0.12138,-0.46976,-0.55334,0.37912,-0.57395,369.6,293.03,-6914.3,43995
25.717,0,-0.32449,-0.038461,0.15727,-0.47327,-0.55105,0.38231,-0.57114,379.17,277.21,-6897.5,41814
25.724,0,-0.23386,-0.13315,0.15225,-0.47676,-0.54874,0.38548,-0.56832,369.88,282.98,-6923,40232
25.731,0,-0.42912,-0.043166,-0.0046848,-0.48023,-0.54642,0.38864,-0.56548,379.22,296.19,-6906.8,43181
25.738,0,-0.17301,0.025363,0.086413,-0.48368,-0.54408,0.39177,-0.56262,387.88,287.75,-6920,40624
25.745,0,-0.26217,-0.047271,0.049412,-0.48711,-0.54173,0.3949,-0.55974,389.97,301.14,-6913.5,41131
25.752,0,-0.31204,-0.14704,0.19764,-0.49052,-0.53936,0.398,-0.55685,375.38,292.27,-6901.2,42748
25.759,0,-0.43539,0.063756,0.077775,-0.49391,-0.53698,0.40108,-0.55393,377.11,294.72,-6904.5,41134
25.766,0,-0.16864,-0.24378,0.15112,-0.49728,-0.53458,0.40415,-0.551,384.96,293.56,-6914.8,43424
25.773,0,-0.55747,-0.29758,0.10422,-0.50062,-0.53217,0.4072,-0.54805,386.27,294.3,-6903.2,40164
25.78,0,-0.44187,0.056637,0.052615,-0.50395,-0.52974,0.41023,-0.54509,379.2,299.16,-6897.3,40951
25.787,0,-0.45736,-0.029891,0.30696,-0.50726,-0.52729,0.41325,-0.5421,369.6,284.22,-6917.4,41932
25.794,0,-0.5114,-0.0092475,0.13243,-0.51054,-0.52484,0.41625,-0.5391,389.7,287.56,-6917.5,43151
25.801,0,-0.30553,-0.062934,0.020855,-0.51381,-0.52236,0.41922,-0.53609,382.66,296.74,-6901.7,40745
25.808,0,-0.24493,-0.22993,0.26529,-0.51705,-0.51987,0.42219,-0.53305,390.94,300.26,-6917.8,41034
25.815,0,-0.48302,-0.25349,0.29613,-0.52028,-0.51737,0.42513,-0.53,387.14,281.75,-6920.7,41969
25.822,0,-0.50216,-0.13252,0.067391,-0.52348,-0.51486,0.42805,-0.52694,384.88,292.81,-6903.4,41799
25.829,0,-0.52018,0.025319,0.080621,-0.52666,-0.51233,0.43096,-0.52385,386.49,290.12,-6901,40998
25.836,0,-0.41778,-0.14231,-0.0104,-0.52982,-0.50978,0.43385,-0.52075,388.13,298.09,-6905.7,42252
25.843,0,-0.40541,-0.10745,0.11445,-0.53296,-0.50723,0.43672,-0.51764,389.13,270.91,-6920.2,40848
25.85,0,-0.29009,-0.1063,-0.076165,-0.53608,-0.50466,0.43957,-0.51451,381.89,287.16,-6914.9,41031
25.857,0,-0.25342,-0.051573,-0.018257,-0.53918,-0.50207,0.4424,-0.51136,370.14,295.72,-6918.5,42528
25.864,0,-0.35625,-0.0083116,-0.080105,-0.54225,-0.49947,0.44522,-0.5082,375.66,282.65,-6898.6,42261
25.872,0,-0.38451,-0.11984,-0.050684,-0.54531,-0.49686,0.44801,-0.50503,374.09,285.56,-6915.7,42129
25.879,0,-0.17237,-0.047293,0.079771,-0.54834,-0.49424,0.45079,-0.50183,381.52,295.64,-6928,42186
25.886,0,-0.14989,-0.10556,-0.026503,-0.55135,-0.4916,0.45355,-0.49863,381.17,307.28,-6914.1,42031
25.893,0,-0.21082,0.035046,-0.11789,-0.55434,-0.48895,0.45629,-0.49541,390.24,277.06,-6926.3,41651
25.9,0,-0.31386,-0.13241,0.023585,-0.55731,-0.48629,0.45901,-0.49217,386.71,303.96,-6932.3,42038
25.907,0,-0.50138,-0.02236,0.1639,-0.56026,-0.48362,0.46172,-0.48892,398.69,284,-6918.8,41456
25.914,0,-0.33672,0.067179,-0.012902,-0.56318,-0.48093,0.4644,-0.48566,383.09,291.47,-6905.3,40859
25.921,0,-0.26414,0.074955,0.049961,-0.56608,-0.47823,0.46707,-0.48238,397.72,289.92,-6925.1,41034
25.928,0,-0.4437,0.034301,0.15054,-0.56897,-0.47552,0.46972,-0.47909,392.31,310.43,-6911.9,41134
25.935,0,-0.32415,-0.021196,0.078965,-0.57183,-0.4728,0.47235,-0.47578,372.83,310.61,-6910.8,41165
25.942,0,-0.36,-0.14451,0.14408,-0.57466,-0.47006,0.47496,-0.47246,392.3,277.77,-6947.4,40162
25.949,0,-0.18485,-0.095516,-0.011994,-0.57748,-0.46732,0.47755,-0.46913,384.46,285.6,-6933.6,40011
25.956,0,-0.33386,-0.054361,0.29018,-0.58027,-0.46456,0.48012,-0.46578,397.09,293.89,-6924.4,41870
25.963,0,-0.33724,0.16045,0.065471,-0.58305,-0.46179,0.48267,-0.46242,404.34,285.14,-6940.6,43031
25.97,0,-0.27227,-0.087427,0.04578,-0.5858,-0.45901,0.48521,-0.45905,376.14,298.33,-6930.3,39939
25.977,0,-0.47316,0.13961,0.20644,-0.58852,-0.45622,0.48772,-0.45566,380.03,296.5,-6929.6,42059
25.984,0,-0.39483,0.025929,0.042798,-0.59123,-0.45342,0.49022,-0.45226,391.07,297.73,-6930.9,39887
25.991,0,-0.23934,-0.076777,-0.0037328,-0.59391,-0.45061,0.4927,-0.44885,399.18,301.57,-6930.8,39183
25.998,0,-0.39443,0.023647,-0.0028399,-0.59657,-0.44779,0.49516,-0.44543,388.77,285.84,-6925.6,40882
26.005,0,-0.34338,-0.078818,-0.074244,-0.59921,-0.44495,0.4976,-0.44199,387.14,293.46,-6924.9,39308
26.012,0,-0.39162,-0.12825,0.071481,-0.60183,-0.44211,0.50002,-0.43854,391.35,300.89,-6934.7,39640
26.019,0,-0.23689,-0.099511,0.034241,-0.60443,-0.43926,0.50242,-0.43509,390.29,288.7,-6931.6,41073
26.026,0,-0.28358,-0.023947,0.1168,-0.607,-0.43639,0.5048,-0.43161,401.7,303.09,-6924.4,40513
26.034,0,-0.40219,0.035066,0.13742,-0.60955,-0.43352,0.50716,-0.42813,370.88,295.25,-6916.6,41391
26.041,0,-0.37484,0.010707,0.073787,-0.61208,-0.43063,0.50951,-0.42464,394.54,296.33,-6933.1,41662
26.048,0,-0.36334,0.010824,-0.060217,-0.61458,-0.42774,0.51183,-0.42113,397.23,296.14,-6919.9,40807
26.055,1,-0.25766,-0.12609,-0.001336,-0.61707,-0.42484,0.51414,-0.41761,392.37,303.3,-6951.5,41380
26.062,0,-0.1458,-0.088842,0.067175,-0.61953,-0.42193,0.51642,-0.41409,387.67,305.66,-6925,41666
26.069,0,-0.040304,-0.056934,0.11536,-0.62197,-0.41901,0.51869,-0.41055,401.78,297.53,-6923.9,41944
26.076,0,-0.2823,0.036085,-0.075332,-0.62438,-0.41607,0.52094,-0.407,375.49,308.68,-6936.1,40569
26.083,0,-0.40864,-0.050651,0.080224,-0.62678,-0.41314,0.52317,-0.40344,380.89,304.58,-6916.7,41403
26.09,0,-0.31528,0.071984,-0.098567,-0.62915,-0.41019,0.52538,-0.39987,391.85,276.96,-6927.4,41547
26.097,0,-0.27278,-0.04846,0.18286,-0.6315,-0.40723,0.52757,-0.39629,382.87,296.2,-6935,39596
26.104,0,-0.10676,-0.025454,0.048439,-0.63382,-0.40427,0.52974,-0.3927,397.94,291.5,-6929.9,42776
26.111,0,-0.35812,0.036108,-0.091192,-0.63613,-0.40129,0.53189,-0.3891,381.26,278.71,-6931.1,41626
26.118,0,-0.11903,-0.071488,0.016798,-0.63841,-0.39831,0.53403,-0.38549,373.94,281.17,-6933,42254
26.125,0,-0.20932,0.156,0.13579,-0.64067,-0.39532,0.53614,-0.38187,384.69,286.07,-6939.8,41052
26.132,0,-0.37767,0.071969,0.19675,-0.6429,-0.39232,0.53823,-0.37824,378.16,278.7,-6931.7,42051
26.139,0,-0.46322,-0.14393,0.25643,-0.64512,-0.38931,0.54031,-0.3746,395.36,298.56,-6930.8,41539
26.146,0,-0.31197,0.043299,0.045835,-0.64731,-0.3863,0.54236,-0.37095,403.33,287.3,-6932.9,42308
26.153,0,-0.35037,-0.045828,0.051701,-0.64948,-0.38328,0.5444,-0.36729,393.28,281.05,-6920.7,41368
26.16,0,-0.41311,0.068143,0.0078062,-0.65162,-0.38025,0.54642,-0.36363,403.01,302.57,-6951,41225
26.167,0,-0.41614,0.13302,0.13619,-0.65375,-0.37721,0.54841,-0.35995,374.73,289.4,-6904.7,42180
26.174,0,-0.28755,0.020219,0.004117,-0.65585,-0.37417,0.55039,-0.35627,396.27,299.35,-6947.3,40232
26.181,0,-0.22635,0.14789,0.21743,-0.65792,-0.37112,0.55235,-0.35258,393.23,304.07,-6940.9,43180
26.188,0,-0.38303,0.0034046,0.087927,-0.65998,-0.36806,0.55429,-0.34888,384.07,290.71,-6927.8,42418
26.196,0,-0.29653,-0.11058,0.12016,-0.66201,-0.365,0.55621,-0.34517,402.63,294.76,-6935.8,43108
26.203,0,-0.28894,0.052569,0.078028,-0.66402,-0.36193,0.55811,-0.34146,396.74,296.77,-6923.4,41703
26.21,0,-0.29474,-0.14678,0.11187,-0.66601,-0.35885,0.56,-0.33773,389.34,292.86,-6926.4,42059
26.217,0,-0.33201,-0.03162,0.1536,-0.66797,-0.35577,0.56186,-0.334,372.24,321.09,-6913.7,42779
26.224,0,-0.43949,0.035184,0.072574,-0.66992,-0.35267,0.5637,-0.33026,404.12,285.32,-6930.8,41354
26.231,0,-0.2396,-0.15104,-0.031414,-0.67184,-0.34958,0.56552,-0.32652,403.81,308.96,-6948.5,41616
26.238,0,-0.21307,0.014071,0.013665,-0.67373,-0.34648,0.56733,-0.32276,394.95,302.52,-6927.8,40895
26.245,0,-0.15593,0.079313,0.080058,-0.67561,-0.34337,0.56911,-0.319,377.28,290.55,-6954.9,43556
26.252,0,-0.30224,0.0071385,0.21153,-0.67746,-0.34025,0.57088,-0.31523,390.48,293.26,-6948.9,41790
26.259,0,-0.29749,-0.053401,0.16556,-0.67929,-0.33713,0.57263,-0.31146,393.13,298.95,-6932.8,41193
26.266,0,-0.26387,-0.11965,0.062655,-0.68109,-0.33401,0.57436,-0.30768,386.87,303.92,-6932.7,45082
26.273,0,-0.33971,-0.1029,0.071929,-0.68288,-0.33088,0.57606,-0.30389,395.75,292.6,-6944.9,39810
26.28,0,-0.30899,-0.10945,0.024575,-0.68464,-0.32774,0.57775,-0.3001,382.32,293.36,-6929.5,41078
26.287,0,-0.27743,0.11891,0.071964,-0.68638,-0.3246,0.57942,-0.2963,388.94,282.7,-6938.4,42508
26.294,0,-0.42246,-0.041738,-0.046374,-0.68809,-0.32145,0.58107,-0.29249,395.34,286.9,-6937.3,40311
26.301,0,-0.17939,0.011862,0.021422,-0.68979,-0.3183,0.5827,-0.28868,394.26,291.88,-6938.4,40988
26.308,0,-0.26595,-0.016864,0.13119,-0.69146,-0.31514,0.58432,-0.28486,387.29,298.96,-6926.5,41901
26.315,0,-0.16635,-0.019069,0.36415,-0.6931,-0.31198,0.58591,-0.28104,386.63,295.16,-6936.9,41663
26.322,0,-0.28607,0.026645,0.068993,-0.69473,-0.30882,0.58748,-0.27721,415.88,316.94,-6944.2,42147
26.329,0,-0.35831,-0.039496,-0.05567,-0.69633,-0.30565,0.58904,-0.27338,408.95,290.89,-6931.4,42675
26.336,0,-0.30564,-0.0021684,0.27703,-0.69791,-0.30247,0.59057,-0.26954,393.08,294.58,-6948,41803
26.343,0,-0.34037,0.026517,-0.069942,-0.69947,-0.2993,0.59209,-0.26569,395.17,303.95,-6943.7,42968
26.35,0,-0.2879,0.08738,0.074801,-0.701,-0.29611,0.59359,-0.26184,404.52,315.94,-6943.6,41063
26.358,0,-0.28788,0.12142,0.31871,-0.70252,-0.29293,0.59507,-0.25799,385.63,279.55,-6938.3,40744
26.365,0,-0.25355,0.19469,0.064076,-0.70401,-0.28974,0.59653,-0.25413,394.39,297.85,-6944,42482
26.372,0,-0.14783,-0.14245,0.084908,-0.70548,-0.28654,0.59797,-0.25026,389.5,310.06,-6944.7,40152
26.379,0,-0.14764,-0.055075,0.082307,-0.70692,-0.28335,0.59939,-0.2464,386.24,293.3,-6950.9,38924
26.386,0,-0.30496,0.063689,0.13933,-0.70834,-0.28014,0.60079,-0.24252,407.02,286.41,-6938.1,41632
26.393,0,-0.10646,0.024678,0.21462,-0.70974,-0.27694,0.60217,-0.23865,387.48,294.98,-6941.3,41800
26.4,0,-0.21848,0.012296,0.18493,-0.71112,-0.27373,0.60354,-0.23477,377.7,297.07,-6939.1,41546
26.407,0,-0.3247,0.17673,-0.065711,-0.71248,-0.27052,0.60488,-0.23088,392.59,302.98,-6946,41992
26.414,0,-0.29074,0.027758,0.021684,-0.71381,-0.26731,0.60621,-0.22699,384.1,292.12,-6972.3,40763
26.421,0,-0.38151,0.0012895,0.018189,-0.71512,-0.26409,0.60752,-0.2231,380.8,291.22,-6953.7,40983
26.428,0,-0.19747,0.04279,0.093629,-0.71641,-0.26087,0.60881,-0.21921,398.49,305.07,-6943.3,42203
26.435,0,-0.25187,0.13697,0.20729,-0.71768,-0.25765,0.61008,-0.21531,403.73,301.22,-6955.3,39675
26.442,0,-0.07128,-0.036932,-0.10536,-0.71892,-0.25443,0.61133,-0.21141,395.39,295.27,-6950.2,39736
26.449,0,-0.15494,0.032808,0.056565,-0.72015,-0.2512,0.61256,-0.2075,394.87,310.52,-6941.9,41017
26.456,0,-0.29754,0.036057,0.045038,-0.72135,-0.24797,0.61378,-0.20359,379.52,298.8,-6963,40020
26.463,0,-0.29161,0.00063788,-0.041993,-0.72252,-0.24474,0.61497,-0.19968,382.16,310.09,-6957.9,43031
26.47,0,-0.27182,-0.097334,-0.020941,-0.72368,-0.24151,0.61615,-0.19577,395.37,293.45,-6958.6,42147
26.477,0,-0.13897,0.11587,0.20646,-0.72481,-0.23827,0.61731,-0.19185,415.62,303.54,-6947.9,38434
26.484,0,-0.28943,-0.0017146,0.075237,-0.72592,-0.23504,0.61844,-0.18794,382.87,296.33,-6955.6,40949
26.491,0,-0.25782,-0.030633,0.27425,-0.72701,-0.2318,0.61957,-0.18402,401.86,300.59,-6958.2,40272
26.498,0,-0.31134,0.03041,-0.067323,-0.72808,-0.22856,0.62067,-0.18009,390.69,284.82,-6937.4,40454
26.505,0,-0.20392,-0.15487,-0.084692,-0.72913,-0.22531,0.62175,-0.17617,393.51,299.7,-6966.8,41931
26.513,0,-0.28086,-0.042863,0.031535,-0.73015,-0.22207,0.62282,-0.17224,380.52,283.74,-6941.2,41617
26.52,0,-0.43444,-0.10379,-0.099381,-0.73115,-0.21883,0.62386,-0.16831,384.19,281.94,-6937.3,39219
26.527,0,-0.13328,0.10421,-0.035241,-0.73213,-0.21558,0.62489,-0.16438,392.75,289.68,-6926.1,41709
26.534,0,-0.32994,-0.0072054,0.086151,-0.73309,-0.21233,0.6259,-0.16045,358.07,319.62,-6949.1,42245
26.541,0,-0.25501,-0.088251,0.054102,-0.73402,-0.20909,0.62689,-0.15652,400.27,300.8,-6955.2,41360
26.548,0,-0.10465,-0.11177,0.31369,-0.73494,-0.20584,0.62787,-0.15258,405.67,296.52,-6952.7,40618
26.555,0,-0.20672,-0.10368,0.22053,-0.73583,-0.20259,0.62882,-0.14865,390.07,290.68,-6944.2,42480
26.562,0,-0.16464,-0.15586,0.30249,-0.7367,-0.19934,0.62976,-0.14471,396.22,302.08,-6945.8,40481
26.569,0,-0.22478,-0.0010417,-0.059025,-0.73755,-0.19609,0.63068,-0.14077,378.8,308.31,-6964.4,43320
26.576,0,-0.25256,0.023874,0.086257,-0.73838,-0.19284,0.63158,-0.13683,393.21,304.47,-6953.3,43969
26.583,0,-0.33379,0.12073,0.19896,-0.73918,-0.18959,0.63246,-0.13289,402.31,292.17,-6946.7,41635
26.59,0,-0.29258,-0.026457,0.094366,-0.73997,-0.18633,0.63332,-0.12895,381.18,305.76,-6953.6,40385
26.597,0,-0.30013,0.21559,0.16803,-0.74073,-0.18308,0.63417,-0.12501,390.88,286.63,-6945,40806
26.604,0,-0.24634,0.11198,0.18841,-0.74147,-0.17983,0.635,-0.12107,389.59,301.79,-6942,40632
26.611,0,-0.26963,0.025959,0.22042,-0.74219,-0.17658,0.63581,-0.11713,404.62,288.3,-6971.2,41495
26.618,0,-0.14589,-0.1142,0.053645,-0.74289,-0.17333,0.6366,-0.11319,400.92,297.79,-6956.4,42929
26.625,0,-0.20386,-0.0393,0.028516,-0.74357,-0.17008,0.63737,-0.10925,383.73,304.64,-6954.6,40216
26.632,0,-0.28347,0.16037,0.017645,-0.74422,-0.16683,0.63813,-0.10531,393.81,303.08,-6952.8,41260
26.639,0,-0.13784,-0.005939,-0.075349,-0.74486,-0.16358,0.63887,-0.10137,381.65,290.78,-6958.6,41026
26.646,0,-0.17605,-0.1273,0.1379,-0.74547,-0.16033,0.63959,-0.097429,405.8,284.26,-6968.2,41260
26.653,0,-0.43537,-0.17808,0.034964,-0.74606,-0.15708,0.64029,-0.093489,392.05,286.03,-6960.2,41349
26.66,0,-0.19141,-0.11676,0.0076205,-0.74664,-0.15383,0.64098,-0.08955,392.23,296.61,-6958.7,41621
26.667,0,-0.26248,-0.14574,0.041635,-0.74719,-0.15058,0.64165,-0.085612,406.4,295.31,-6961.9,41033
26.675,0,-0.23331,-0.058124,0.15358,-0.74771,-0.14734,0.6423,-0.081674,379.36,294.41,-6942.6,40792
26.682,0,-0.27897,0.086743,0.054039,-0.74822,-0.14409,0.64293,-0.077738,389.5,312.03,-6964.4,40103
26.689,0,-0.29799,-0.027338,0.18831,-0.74871,-0.14085,0.64354,-0.073802,385.97,295.51,-6959.5,42627
26.696,0,-0.38686,0.12268,0.16741,-0.74918,-0.13761,0.64414,-0.069868,403.14,303,-6957,40664
26.703,0,-0.30104,-0.15295,0.093096,-0.74962,-0.13437,0.64472,-0.065935,385.88,299.29,-6943.9,41007
26.71,0,-0.27722,0.079561,0.024096,-0.75005,-0.13113,0.64529,-0.062003,389.24,280.25,-6953.4,39903
26.717,0,-0.35716,0.2417,0.11129,-0.75045,-0.12789,0.64583,-0.058073,401.14,296.98,-6961.3,39720
26.724,0,-0.20115,-0.038988,0.22086,-0.75083,-0.12465,0.64636,-0.054144,376.73,295.65,-6959.9,42301
26.731,0,-0.4363,0.029184,0.20891,-0.75119,-0.12142,0.64687,-0.050217,392.28,294.71,-6963.7,40451
26.738,0,-0.18786,0.1113,0.14583,-0.75154,-0.11819,0.64737,-0.046292,403.16,305.09,-6964,42196
26.745,0,-0.20353,-0.101,0.14071,-0.75186,-0.11495,0.64784,-0.042369,423.75,306.69,-6959.3,40636
26.752,0,-0.4954,-0.16549,0.068018,-0.75216,-0.11173,0.6483,-0.038447,382.14,302.96,-6954.1,40808
26.759,1,-0.12649,-0.0099564,0.33907,-0.75244,-0.1085,0.64875,-0.034528,401.5,289.18,-6984,39693
26.766,0,-0.28744,0.04642,0.10672,-0.7527,-0.10528,0.64917,-0.030612,399.83,317.3,-6937.7,42783
26.773,0,-0.17568,0.18998,-0.032386,-0.75294,-0.10205,0.64958,-0.026697,393.41,294.68,-6952.4,41058
26.78,0,-0.25,0.16613,0.0036941,-0.75316,-0.098834,0.64997,-0.022785,413.36,293.8,-6963.8,39310
26.787,0,-0.34095,0.054905,0.005527,-0.75336,-0.095617,0.65035,-0.018876,394.89,317.75,-6963.3,40377
26.794,0,-0.13797,0.011598,0.14758,-0.75354,-0.092403,0.65071,-0.014969,406.24,310.02,-6952.5,41983
26.801,0,-0.11211,0.06146,-0.027264,-0.75369,-0.089191,0.65105,-0.011065,396.69,283.67,-6974,41322
26.808,0,-0.12507,-0.10443,0.22902,-0.75383,-0.085982,0.65138,-0.0071635,400.23,302.11,-6963.7,40457
26.815,0,-0.32335,0.10258,0.091325,-0.75395,-0.082776,0.65169,-0.0032652,391.44,291.26,-6967.5,41718
26.822,0,-0.1957,-0.01765,-0.17034,-0.75405,-0.079573,0.65198,0.00063001,385.41,308.56,-6964.9,39779
26.829,0,-0.11302,0.10602,0.052061,-0.75413,-0.076373,0.65225,0.0045221,393.04,309.41,-6975.8,42146
26.837,0,-0.2944,0.055375,0.07606,-0.75419,-0.073176,0.65251,0.0084109,390.05,279.92,-6976,41891
26.844,0,-0.12459,0.12581,0.033844,-0.75423,-0.069982,0.65276,0.012296,412.71,299.47,-6972.3,41096
26.851,0,-0.24683,0.070819,-0.022768,-0.75425,-0.066791,0.65299,0.016178,391.83,283.52,-6969.8,42741
26.858,0,-0.3616,0.10063,0.0072988,-0.75425,-0.063604,0.6532,0.020057,399.52,303.76,-6956.9,41516
26.865,0,-0.017822,-0.024583,0.10362,-0.75423,-0.060421,0.65339,0.023932,392.91,292.66,-6974.3,42120
26.872,0,-0.21152,0.027992,-0.082895,-0.75419,-0.05724,0.65357,0.027803,391.82,278.3,-6966.3,41079
26.879,0,-0.18852,-0.028956,0.22865,-0.75413,-0.054064,0.65373,0.03167,388.96,301.53,-6975.7,42517
26.886,0,-0.13938,0.093135,0.022796,-0.75405,-0.050891,0.65388,0.035533,398.15,316.71,-6961.2,42697
26.893,0,-0.29832,0.056967,0.1292,-0.75395,-0.047722,0.65401,0.039392,399.2,287.19,-6972.7,41813
26.9,0,-0.13055,0.042075,0.21749,-0.75384,-0.044557,0.65412,0.043248,397.77,321.02,-6980.4,41619
26.907,0,-0.11331,0.10575,0.1278,-0.7537,-0.041396,0.65422,0.047098,401.64,293.83,-6971.1,42591
26.914,0,-0.26714,0.050985,-0.026875,-0.75354,-0.038239,0.6543,0.050945,389.5,313.52,-6976.2,40856
26.921,0,-0.23773,0.025376,0.1545,-0.75337,-0.035085,0.65437,0.054787,411.69,296.02,-6978.6,41001
26.928,0,-0.20357,-0.045212,0.0078835,-0.75318,-0.031936,0.65442,0.058625,406.67,310.73,-6967.5,41621
26.935,0,-0.24785,0.17687,0.12372,-0.75296,-0.028792,0.65446,0.062458,401.9,292.66,-6969.6,41169
26.942,0,-0.33702,0.23652,0.013581,-0.75273,-0.025651,0.65448,0.066287,377.79,301.62,-6980.1,39720
26.949,0,-0.26105,0.092801,-0.00525,-0.75248,-0.022516,0.65448,0.07011,393.01,296.32,-6971.2,40579
26.956,0,-0.29507,0.10851,0.06228,-0.75221,-0.019384,0.65447,0.073929,403.26,292.9,-6981.1,40200
26.963,0,-0.22305,0.14599,0.10529,-0.75192,-0.016257,0.65445,0.077743,399.74,315.95,-6980,41468
26.97,0,-0.2377,0.035199,-0.049066,-0.75162,-0.013135,0.65441,0.081552,413.5,297.83,-6967.9,41015
26.977,0,-0.29564,-0.011702,0.051546,-0.75129,-0.010017,0.65435,0.085356,391.24,303.21,-6977.3,41374
26.984,0,-0.29928,0.059499,-0.096751,-0.75095,-0.0069047,0.65428,0.089155,379.09,299.12,-6963.1,42298
26.991,0,-0.041926,-0.038355,0.047997,-0.75059,-0.0037968,0.65419,0.092948,400.08,294.68,-6996.6,41082
26.999,0,-0.32124,-0.089175,-0.0036274,-0.75021,-0.00069384,0.65409,0.096736,402.2,295.7,-6963.6,40877
27.006,0,-0.17751,0.088373,0.14274,-0.74981,0.0024041,0.65397,0.10052,401.68,291.45,-6958.3,39378
27.013,0,-0.059069,0.032378,0.14931,-0.74939,0.005497,0.65384,0.1043,407.03,307.23,-6965.2,42369
27.02,0,-0.12464,0.22186,-0.00039154,-0.74895,0.0085848,0.6537,0.10807,391.33,316.4,-6981.4,40373
27.027,0,-0.29187,0.037919,0.041017,-0.7485,0.011667,0.65353,0.11183,405.53,321.4,-6980.4,43137
27.034,0,0.039213,0.13372,-0.069458,-0.74803,0.014745,0.65336,0.11559,396.95,306.69,-6968.5,40381
27.041,0,-0.075924,0.013599,-0.054414,-0.74754,0.017816,0.65317,0.11935,401.66,296.03,-6967.8,41126
27.048,0,-0.26482,-0.13497,0.17583,-0.74703,0.020883,0.65296,0.1231,406.03,291.61,-6972.9,40713
27.055,0,-0.25108,0.052436,-0.04059,-0.7465,0.023944,0.65274,0.12684,402.17,302.34,-6980.9,41306
27.062,0,0.016159,0.17057,0.0061567,-0.74596,0.026999,0.65251,0.13057,415.68,295.13,-6964.9,40805
27.069,0,-0.18566,0.0048856,0.097167,-0.7454,0.030049,0.65226,0.1343,407.5,312.19,-6984.5,40199
27.076,0,-0.15249,0.063305,0.10831,-0.74482,0.033093,0.652,0.13803,412.03,306.04,-6972.9,41972
27.083,0,-0.26677,-0.036988,-0.02596,-0.74422,0.036132,0.65172,0.14174,392.95,306.93,-6984.2,40963
27.09,0,-0.34264,0.17949,0.024928,-0.74361,0.039164,0.65143,0.14546,402,298.44,-6984.7,41108
27.097,0,-0.046423,0.19063,0.12891,-0.74298,0.042191,0.65112,0.14916,405.34,330.41,-6970.1,40412
27.104,0,-0.17687,-0.037794,0.081652,-0.74233,0.045212,0.6508,0.15286,404.68,300.33,-6978.4,41499
27.111,0,-0.35089,0.0049047,0.047439,-0.74166,0.048226,0.65047,0.15655,396.07,308.33,-6985.2,39551
27.118,0,-0.19911,0.11047,0.065902,-0.74098,0.051235,0.65012,0.16023,408.69,308.98,-6977.1,40885
27.125,0,-0.33907,-0.047879,0.029007,-0.74028,0.054237,0.64976,0.16391,412.17,294.8,-6984.1,40034
27.132,0,-0.31132,-0.091638,0.066811,-0.73956,0.057234,0.64938,0.16758,400.69,308.85,-6982.3,40898
27.139,0,-0.18315,0.042239,-0.053216,-0.73882,0.060224,0.64899,0.17125,393.83,327.84,-6972.8,38908
27.146,0,-0.15222,0.10353,0.028525,-0.73807,0.063207,0.64859,0.1749,405.11,301.28,-6994.8,40127
27.153,0,-0.13797,0.091716,0.03937,-0.7373,0.066185,0.64817,0.17855,389.01,309.86,-6987.4,41523
27.161,0,-0.020539,-0.075075,0.042823,-0.73651,0.069156,0.64774,0.1822,394.19,318.8,-6982,42287
27.168,0,-0.30717,-0.0058398,0.16626,-0.73571,0.07212,0.6473,0.18583,400.38,298.39,-6970.8,41909
27.175,0,-0.12664,0.16658,0.12312,-0.73489,0.075078,0.64684,0.18946,400.77,291.41,-6995.1,41784
27.182,0,-0.12311,0.019938,0.030149,-0.73406,0.078029,0.64637,0.19308,388.6,297.89,-6976.9,41049
27.189,0,-0.071398,0.10263,0.14935,-0.7332,0.080974,0.64589,0.19669,423.22,291.52,-6973,40228
27.196,0,-0.15262,0.14359,0.15696,-0.73233,0.083911,0.64539,0.2003,383.89,304.27,-6983.2,41292
27.203,0,-0.2884,0.030005,-0.06182,-0.73145,0.086842,0.64488,0.2039,392.64,308.11,-6984.5,41465
27.21,0,-0.24481,0.29472,0.10802,-0.73055,0.089767,0.64436,0.20749,387.05,310.15,-6989.5,38367
27.217,0,-0.15528,0.054534,0.16618,-0.72963,0.092684,0.64382,0.21107,395.28,301.63,-6990.3,41392
27.224,0,-0.17778,0.077566,0.08718,-0.72869,0.095594,0.64327,0.21465,404.66,299.64,-6982.3,40705
27.231,0,0.061583,0.14074,0.0057947,-0.72774,0.098497,0.64271,0.21822,408.36,298.53,-6986,39906
27.238,0,-0.15552,0.076112,0.17093,-0.72677,0.10139,0.64213,0.22178,405.96,305.95,-6976.3,40790
27.245,0,-0.12728,-0.048623,0.080934,-0.72579,0.10428,0.64154,0.22533,401.8,288.02,-6985.9,41663
27.252,0,-0.20581,-0.0015975,-0.099434,-0.72479,0.10716,0.64094,0.22887,394,301.05,-6980.5,40482
27.259,0,-0.2097,0.19406,-0.058059,-0.72378,0.11004,0.64033,0.23241,407.88,310.96,-6977.9,39643
27.266,0,-0.27781,-0.11589,0.1754,-0.72275,0.11291,0.63971,0.23594,402.62,292.66,-6968.6,41744
27.273,0,-0.10942,0.038237,0.075796,-0.7217,0.11577,0.63907,0.23945,395.07,302.54,-6985.1,41972
27.28,0,-0.21512,-0.075743,0.14403,-0.72064,0.11862,0.63842,0.24297,414.57,278,-6997.1,40754
27.287,0,-0.27348,0.27012,0.024972,-0.71956,0.12147,0.63775,0.24647,401.07,307.37,-7005.9,43331
27.294,0,-0.17389,-0.12116,0.025825,-0.71847,0.1243,0.63708,0.24996,402.79,302.92,-6959.2,42931
27.301,0,-0.21831,-0.005361,0.012676,-0.71736,0.12713,0.63639,0.25345,409.86,296.42,-6985.9,40920
27.308,0,-0.29,0.15731,0.14961,-0.71624,0.12996,0.63569,0.25693,394.37,306.79,-6959.7,40979
27.315,0,-0.22011,0.23375,0.13991,-0.7151,0.13277,0.63498,0.2604,397.41,324.33,-7002.5,40733
27.323,0,-0.25448,0.072591,0.041599,-0.71394,0.13558,0.63426,0.26386,384.28,301.88,-6990.3,40778
27.33,0,-0.091216,0.092618,-0.1676,-0.71277,0.13838,0.63352,0.26731,397.32,314.82,-6988.1,40714
27.337,0,-0.31473,0.035294,0.043361,-0.71159,0.14117,0.63278,0.27075,411.21,315.76,-6976.9,40955
27.344,0,-0.0006018,0.18744,0.1162,-0.71039,0.14396,0.63202,0.27419,391.41,305.41,-6987,40610
27.351,0,-0.11759,-0.17106,0.080141,-0.70918,0.14673,0.63125,0.27761,387.02,321.76,-6995.8,40234
27.358,0,-0.21788,0.085386,-0.033644,-0.70795,0.1495,0.63046,0.28103,400.37,289.34,-7003.8,40513
27.365,0,-0.33475,0.17012,-0.089592,-0.7067,0.15226,0.62967,0.28444,398.69,315.97,-6973.3,41072
27.372,0,-0.15021,0.17566,0.074206,-0.70544,0.15501,0.62887,0.28783,392.11,292.38,-6987.3,40350
27.379,0,-0.1309,0.091304,0.016045,-0.70417,0.15776,0.62805,0.29122,412.92,289.22,-6991.5,39866
27.386,0,-0.22143,0.010424,0.16353,-0.70288,0.1605,0.62722,0.2946,411.12,304.63,-6985.7,41226
27.393,0,-0.18106,0.028482,0.14729,-0.70158,0.16322,0.62638,0.29798,413.26,308.75,-6979.5,41332
27.4,0,-0.11693,0.18594,-0.023773,-0.70026,0.16594,0.62553,0.30134,420.07,323.63,-6991.8,41095
27.407,0,-0.077541,0.2366,-0.22975,-0.69893,0.16866,0.62467,0.30469,389.63,305.92,-6995.4,40308
27.414,0,-0.2471,0.13245,-0.1111,-0.69759,0.17136,0.6238,0.30804,397.34,311.88,-6999.4,39572
27.421,0,-0.086973,0.064455,-0.11106,-0.69623,0.17406,0.62291,0.31137,404.65,313.32,-6986.7,41486
27.428,0,-0.066849,0.20453,-0.13479,-0.69485,0.17674,0.62202,0.31469,402.82,300.23,-6986.5,40425
27.435,0,-0.20659,0.1862,0.0058665,-0.69347,0.17942,0.62111,0.31801,394.9,315.3,-6981.1,40978
27.442,0,-0.17107,0.17632,-0.10182,-0.69207,0.18209,0.6202,0.32132,421.1,313.21,-6988.5,40907
27.449,0,-0.12817,0.057778,0.183,-0.69065,0.18476,0.61927,0.32461,407.54,300.11,-6993.9,40237
27.456,0,-0.17017,0.058096,0.094549,-0.68922,0.18741,0.61833,0.3279,406.46,305.99,-6996.5,41172
27.463,1,-0.0046471,0.1657,-0.060014,-0.68778,0.19006,0.61738,0.33118,395.76,306.76,-6979.1,41761
27.47,0,-0.20059,0.099908,0.025959,-0.68632,0.19269,0.61642,0.33445,399.57,303.63,-6995,41645
27.477,0,-0.11544,0.019408,0.075525,-0.68485,0.19532,0.61546,0.3377,400.79,308.08,-6986.8,42106
27.485,0,-0.30621,0.15637,-0.086515,-0.68337,0.19794,0.61448,0.34095,389.66,301.36,-7020.3,40434
27.492,0,-0.27828,0.13639,-0.13142,-0.68187,0.20055,0.61349,0.34419,411.75,286.97,-7005.6,41618
27.499,0,-0.16174,-0.036782,0.011393,-0.68036,0.20315,0.61249,0.34742,397.94,313.75,-7012.3,42186
27.506,0,-0.043602,0.25997,0.0085774,-0.67884,0.20575,0.61148,0.35064,404,330.48,-6992.5,41264
27.513,0,-0.11546,0.1394,-0.044895,-0.6773,0.20833,0.61046,0.35385,388.24,316.78,-7000.8,41706
27.52,0,-0.14293,0.074363,0.035228,-0.67575,0.21091,0.60942,0.35704,410.71,314.79,-6992.1,41155
27.527,0,-0.21136,0.12852,0.11001,-0.67419,0.21348,0.60838,0.36023,402.52,306.39,-6999.4,41754
27.534,0,0.12383,0.096919,0.029692,-0.67261,0.21603,0.60733,0.36341,399.58,319.1,-7007.2,43272
27.541,0,0.00016988,-0.013536,-0.11361,-0.67102,0.21858,0.60627,0.36658,404.46,298.37,-6985.9,41162
27.548,0,-0.27825,0.045224,-0.12485,-0.66942,0.22112,0.60521,0.36974,412.39,323.77,-7016,41357
27.555,0,-0.098107,0.039008,0.061568,-0.66781,0.22366,0.60413,0.37289,401.77,299.12,-6968.3,37086
27.562,0,-0.16303,0.022344,0.066931,-0.66618,0.22618,0.60304,0.37602,395.57,317.35,-6993.1,41248
27.569,0,-0.1217,-0.018141,-0.032015,-0.66454,0.22869,0.60194,0.37915,402.5,293.73,-7002.9,39779
27.576,0,-0.26709,0.052056,0.091012,-0.66289,0.2312,0.60083,0.38227,410.05,297.87,-6991.4,40458
27.583,0,-0.095753,0.032585,-0.065235,-0.66122,0.23369,0.59971,0.38538,403.72,304.07,-6991.9,40644
27.59,0,-0.13506,0.064065,-0.09792,-0.65955,0.23618,0.59859,0.38847,404.42,311.21,-7003.1,41931
27.597,0,-0.089103,0.16425,0.030104,-0.65786,0.23866,0.59745,0.39156,389.89,314.41,-7000.7,40685
27.604,0,-0.17653,0.13749,-0.096643,-0.65615,0.24113,0.59631,0.39464,405.48,291.55,-6987.2,42711
27.611,0,-0.20853,0.20369,-0.056867,-0.65444,0.24359,0.59515,0.3977,410.15,332.35,-6994.6,41359
27.618,0,-0.17932,0.28446,0.021607,-0.65271,0.24604,0.59399,0.40076,399.06,302.3,-6994.4,40754
27.625,0,-0.30546,0.069616,-0.1636,-0.65098,0.24848,0.59282,0.4038,406.93,306.2,-6992.9,39943
27.632,0,-0.30997,0.12561,-0.10969,-0.64923,0.25091,0.59164,0.40683,409.82,315.41,-7013.7,41244
27.639,0,-0.21677,0.092734,-0.089286,-0.64747,0.25333,0.59045,0.40986,410.84,307.83,-6982.2,40954
27.647,0,-0.077922,0.20091,0.23159,-0.64569,0.25575,0.58925,0.41287,427.74,291.31,-6999.1,42367
27.654,0,-0.27957,0.0091988,-0.042712,-0.64391,0.25815,0.58804,0.41587,403.17,306.62,-6997.6,41827
27.661,0,-0.14218,0.0006553,0.069635,-0.64211,0.26055,0.58683,0.41886,411.81,311.01,-6989,41292
27.668,0,-0.12918,-0.071111,-0.087397,-0.6403,0.26293,0.5856,0.42184,404.4,302.91,-7010.3,42785
27.675,0,-0.36879,0.059971,-0.069886,-0.63848,0.26531,0.58437,0.42481,394.16,300.11,-7020.7,40597
27.682,0,-0.19999,-0.12377,-0.16615,-0.63665,0.26767,0.58313,0.42777,414.95,308.02,-7021.8,42094
27.689,0,0.054189,0.09564,-0.039228,-0.63481,0.27003,0.58188,0.43072,413.93,316.21,-6987.8,41318
27.696,0,-0.15873,-0.0026029,0.19931,-0.63295,0.27238,0.58062,0.43366,411.97,305.06,-7014.1,41768
27.703,0,-0.14611,0.14067,0.026749,-0.63109,0.27472,0.57936,0.43658,394.07,313.74,-7010,40125
27.71,0,-0.14294,0.10031,-0.12333,-0.62921,0.27705,0.57808,0.4395,406.29,301.8,-7004.1,39868
27.717,0,-0.20484,0.082978,-0.082132,-0.62732,0.27937,0.5768,0.4424,400.57,299.41,-7002.7,40645
27.724,0,-0.14838,0.075256,-0.20081,-0.62543,0.28167,0.57551,0.4453,421.78,303.26,-7006.1,41290
27.731,0,-0.16609,-0.027921,0.0392,-0.62352,0.28398,0.57421,0.44818,407.17,308.95,-6990.1,40495
27.738,0,-0.15417,-0.025799,-0.10816,-0.6216,0.28627,0.57291,0.45105,398.94,295.71,-7002.2,40557
27.745,0,-0.10076,-0.028049,-0.069003,-0.61967,0.28855,0.57159,0.45391,398.53,337.18,-6998.7,40795
27.752,0,-0.16857,0.28671,0.068842,-0.61773,0.29082,0.57027,0.45676,418.17,306.66,-7010.2,39940
27.759,0,-0.055897,0.23279,0.21698,-0.61577,0.29308,0.56894,0.4596,385.41,307.17,-6987.6,40719
27.766,0,0.039993,0.086955,-0.076501,-0.61381,0.29533,0.56761,0.46243,384.9,308.29,-7024,40427
27.773,0,-0.17223,0.14322,-0.19513,-0.61184,0.29758,0.56626,0.46524,414.45,314.18,-6995.7,41047
27.78,0,-0.018988,0.1197,0.005766,-0.60985,0.29981,0.56491,0.46805,411.22,308.76,-7006.7,40993
27.787,0,-0.27184,-0.15333,-0.13568,-0.60786,0.30203,0.56355,0.47084,392.77,313.29,-7002.4,39525
27.794,0,-0.070112,0.084879,-0.12449,-0.60586,0.30425,0.56219,0.47362,385.88,318.81,-6997,42071
27.802,0,-0.12833,0.10486,-0.24007,-0.60384,0.30645,0.56081,0.47639,399.43,307.05,-6999.5,39474
27.809,0,-0.33655,-0.03286,-0.037128,-0.60182,0.30865,0.55943,0.47915,404.96,306.44,-7006.4,41107
27.816,0,-0.19801,0.17747,-0.055531,-0.59978,0.31083,0.55805,0.4819,399.29,315.54,-7000,41577
27.823,0,-0.15124,0.11919,-0.16517,-0.59774,0.31301,0.55665,0.48464,396.35,299.67,-7003.8,42064
27.83,0,-0.25375,-0.12616,0.067252,-0.59568,0.31517,0.55525,0.48736,415.32,314.65,-7015.4,41015
27.837,0,-0.070061,-0.10078,0.0075678,-0.59362,0.31733,0.55384,0.49008,412.35,317.39,-7000,41210
27.844,0,-0.19054,0.054729,0.0052364,-0.59155,0.31947,0.55243,0.49278,411.67,321.76,-7002.5,41538
27.851,0,-0.11929,0.033332,0.079624,-0.58946,0.32161,0.551,0.49547,398.92,318.02,-6996.7,42331
27.858,0,-0.12659,0.085932,0.045962,-0.58737,0.32373,0.54958,0.49815,399.5,311.36,-7004.3,39868
27.865,0,-0.039956,0.060305,-0.066659,-0.58527,0.32585,0.54814,0.50082,408.61,316.7,-7012,42922
27.872,0,-0.1851,0.065335,-0.13497,-0.58316,0.32796,0.5467,0.50348,399.91,315.42,-7004.1,41362
27.879,0,-0.17288,0.11376,-0.20746,-0.58103,0.33005,0.54525,0.50613,419.31,309.96,-7016.1,41212
27.886,0,-0.21993,-0.044909,-0.11512,-0.5789,0.33214,0.5438,0.50876,411.04,321.06,-6989.2,40311
27.893,0,-0.21608,0.17429,-0.0098843,-0.57676,0.33422,0.54234,0.51138,419.11,330.21,-6991.4,40929
27.9,0,0.003085,0.1498,-0.31373,-0.57461,0.33628,0.54087,0.514,409.35,305.65,-7007.9,41685
27.907,0,-0.24327,-0.073456,-0.10925,-0.57246,0.33834,0.5394,0.51659,407.37,329.05,-6993.4,41124
27.914,0,-0.087325,0.11896,-0.1175,-0.57029,0.34039,0.53792,0.51918,402.43,308.56,-6986.2,41668
27.921,0,-0.098857,0.11452,-0.043687,-0.56811,0.34243,0.53643,0.52176,415.48,327.97,-7013.6,41613
27.928,0,-0.16383,0.09129,-0.02538,-0.56593,0.34445,0.53494,0.52433,390.51,318.47,-7004.4,41385
27.935,0,0.04117,0.097767,-0.0017028,-0.56373,0.34647,0.53344,0.52688,415.27,308.03,-7011,40076
27.942,0,0.00089242,0.038556,0.0099054,-0.56153,0.34848,0.53194,0.52942,423.32,316.68,-7030,40093
27.949,0,-0.082675,0.18073,0.0547,-0.55932,0.35048,0.53043,0.53195,403.81,283.3,-7013.7,39530
27.956,0,-0.16991,0.11939,-0.1302,-0.5571,0.35247,0.52891,0.53447,408.81,296.73,-7012.1,39500
27.964,0,-0.13113,0.080764,-0.12874,-0.55487,0.35444,0.52739,0.53698,397.69,318.87,-7030.5,42737
27.971,0,-0.050385,-0.13542,-0.023966,-0.55263,0.35641,0.52587,0.53947,407.38,326.74,-7003.7,40310
27.978,0,-0.019914,0.043976,-0.24936,-0.55039,0.35837,0.52433,0.54196,407.5,296.38,-7021.9,41851
27.985,0,-0.050312,0.033115,0.076999,-0.54813,0.36032,0.5228,0.54443,402.28,307.03,-7007.1,40984
27.992,0,-0.0634,0.017619,-0.0079619,-0.54587,0.36226,0.52125,0.54689,406.76,322.86,-7012.7,40691
27.999,0,-0.022089,-0.067675,-0.19236,-0.5436,0.36419,0.51971,0.54934,407.79,310.18,-6996.6,41166
28.006,0,-0.023245,0.18696,-0.036152,-0.54132,0.3661,0.51815,0.55177,424.01,304.7,-7005.8,42459
28.013,0,-0.22547,0.073996,0.064443,-0.53904,0.36801,0.51659,0.5542,406.11,312.72,-7020.6,38381
28.02,0,-0.014421,0.10348,-0.046313,-0.53674,0.36991,0.51503,0.55661,403.66,307.42,-7024.7,39045
28.027,0,-0.16002,0.28921,-0.19341,-0.53444,0.3718,0.51346,0.55901,428.29,319.43,-7017.6,40829
28.034,0,-0.28678,0.17298,-0.036509,-0.53213,0.37368,0.51189,0.5614,395.54,304.33,-7013.3,40255
28.041,0,-0.10549,0.12226,0.042649,-0.52981,0.37555,0.51031,0.56378,418.48,311.82,-7006.3,41763
28.048,0,-0.094729,0.15272,0.03461,-0.52749,0.37741,0.50872,0.56615,408.03,310.17,-6998,40908
28.055,0,-0.050727,0.11928,-0.15493,-0.52515,0.37925,0.50713,0.5685,407.66,334.07,-7016.9,41976
28.062,0,0.0044885,0.077085,-0.045558,-0.52281,0.38109,0.50554,0.57084,423.43,318.82,-7019.6,41406
28.069,0,-0.035571,0.018022,-0.13905,-0.52046,0.38292,0.50394,0.57318,427.09,302.31,-7010.2,41339
28.076,0,-0.11851,0.18712,0.034029,-0.51811,0.38474,0.50234,0.57549,408.19,305.71,-7009.6,40241
28.083,0,-0.20277,0.11075,0.045391,-0.51574,0.38655,0.50073,0.5778,393.47,330.66,-7005.7,39517
28.09,0,-0.17202,0.014062,0.1234,-0.51337,0.38835,0.49912,0.5801,430.63,305.2,-7010,41076
28.097,0,-0.048003,0.060907,0.05244,-0.51099,0.39014,0.4975,0.58238,422.07,312.66,-7021.6,41069
28.104,0,0.024963,0.063571,-0.043971,-0.50861,0.39192,0.49588,0.58465,424.8,317.24,-7023.1,41175
28.111,0,0.14282,0.15698,-0.24712,-0.50622,0.39369,0.49426,0.58691,393.45,296.14,-7011.6,42313
28.118,0,0.061088,0.11904,-0.19536,-0.50382,0.39544,0.49263,0.58916,401.83,309.48,-6998,40856
28.126,0,0.045374,-0.11735,-0.26651,-0.50141,0.39719,0.49099,0.5914,416.56,316.62,-7003.7,42149
28.133,0,-0.071161,0.023606,0.04388,-0.499,0.39893,0.48935,0.59362,408.94,299.48,-7037.5,39423
28.14,0,-0.10451,0.045865,-0.14113,-0.49658,0.40066,0.48771,0.59583,426.01,321.45,-7030.9,41288
28.147,0,-0.17044,0.12484,-0.044232,-0.49415,0.40238,0.48607,0.59803,419.41,302.59,-7019.6,42601
28.154,0,-0.086699,0.29947,-0.11663,-0.49172,0.40409,0.48442,0.60022,414.82,297.04,-7020,40308
28.161,0,-0.025382,0.031599,-0.28343,-0.48928,0.40579,0.48276,0.6024,416.64,309.61,-7026.5,39224
28.168,1,-0.18445,0.085992,0.057338,-0.48683,0.40748,0.4811,0.60456,418.75,302.26,-7013.5,40492
28.175,0,-0.047255,0.071199,0.019991,-0.48437,0.40916,0.47944,0.60672,410.26,314.65,-7022.9,42703
28.182,0,0.024852,0.11041,-0.010503,-0.48191,0.41083,0.47778,0.60886,419.87,302.01,-6991.2,41716
28.189,0,-0.06384,0.049545,0.19152,-0.47945,0.41249,0.47611,0.61099,410.56,332.57,-7000.4,40913
28.196,0,-0.011591,0.098718,0.064372,-0.47698,0.41414,0.47443,0.61311,390.64,311.35,-7012.8,41558
28.203,0,0.094576,0.14312,0.11075,-0.4745,0.41578,0.47276,0.61521,425.33,320.59,-7007.5,42529
28.21,0,-0.035134,-0.0065983,0.036159,-0.47201,0.41741,0.47108,0.6173,414.1,329.74,-7005.8,41427
28.217,0,-0.23507,-0.14967,-0.18738,-0.46952,0.41903,0.46939,0.61939,415.41,309.84,-7015.8,41563
28.224,0,-0.10997,-0.057994,-0.20932,-0.46702,0.42064,0.46771,0.62146,411.1,299.49,-7014.6,39865
28.231,0,-0.0068572,0.16237,-0.069417,-0.46452,0.42224,0.46601,0.62351,403.85,315.32,-7023,41014
28.238,0,-0.10124,0.1274,-0.016013,-0.46201,0.42383,0.46432,0.62556,421.89,301.6,-7016.6,42090
28.245,0,0.0024608,-0.096646,-0.099454,-0.45949,0.42541,0.46262,0.62759,410.16,309,-7013.2,40468
28.252,0,-0.15728,0.063754,-0.20481,-0.45697,0.42698,0.46092,0.62962,396.05,321.54,-7006.1,42612
28.259,0,0.070274,-0.05187,-0.0035432,-0.45444,0.42854,0.45922,0.63163,415.19,300.36,-7012.9,40907
28.266,0,0.060271,0.0031314,-0.15558,-0.45191,0.43009,0.45752,0.63363,405.93,300.68,-7015.7,41138
28.273,0,-0.088367,-0.10055,-0.17198,-0.44937,0.43163,0.45581,0.63561,433.71,328.28,-7019.8,41370
28.28,0,-0.021569,-0.044266,0.031785,-0.44683,0.43316,0.45409,0.63759,406.66,311.33,-7025.2,40994
28.288,0,-0.035422,0.053761,-0.0081775,-0.44428,0.43468,0.45238,0.63955,409.18,313.92,-7024.1,38408
28.295,0,-0.034976,0.037467,-0.12779,-0.44172,0.43619,0.45066,0.6415,425.68,320.78,-7010.3,40589
28.302,0,-0.069068,0.023984,-0.075944,-0.43916,0.43769,0.44894,0.64344,404.5,314.24,-7015.7,40900
28.309,0,-0.15663,0.077222,-0.010474,-0.43659,0.43919,0.44722,0.64537,413.57,296.4,-7013.3,42687
28.316,0,-0.080416,0.084374,-0.05025,-0.43402,0.44067,0.44549,0.64728,417.65,320.85,-7024.4,42047
28.323,0,-0.013242,0.13707,-0.24294,-0.43145,0.44214,0.44376,0.64919,397.1,318.11,-7025,41925
28.33,0,-0.17826,-0.06257,-0.051937,-0.42886,0.4436,0.44203,0.65108,400.85,298.03,-7019.9,40749
28.337,0,0.090137,0.072444,-0.10858,-0.42628,0.44505,0.4403,0.65296,417.28,309.31,-7039.9,40062
28.344,0,-0.13843,-0.033388,-0.11596,-0.42369,0.4465,0.43856,0.65482,409.48,311.44,-7047.9,40433
28.351,0,-0.069765,0.22387,-0.13006,-0.42109,0.44793,0.43682,0.65668,419.77,319.8,-7020,42058
28.358,0,0.010864,-0.097557,-0.072431,-0.41849,0.44935,0.43508,0.65852,410.71,309.33,-7015.4,38064
28.365,0,0.02947,0.046538,-0.2102,-0.41588,0.45077,0.43334,0.66036,430.41,312.46,-7030,41670
28.372,0,-0.082032,0.18981,-0.38847,-0.41327,0.45217,0.43159,0.66218,410.94,309.9,-7022.3,40438
28.379,0,-0.01948,-0.029966,-0.13442,-0.41065,0.45356,0.42985,0.66399,414.5,322.57,-7021.3,41204
28.386,0,-0.14631,-0.23458,-0.13848,-0.40803,0.45495,0.4281,0.66578,415.31,309.15,-7011.4,41721
28.393,0,-0.13125,0.12088,-0.16313,-0.4054,0.45632,0.42635,0.66757,417.12,333.45,-7026.3,41477
28.4,0,0.089641,0.014847,-0.22982,-0.40277,0.45769,0.42459,0.66934,410.88,294,-7016.8,40487
28.407,0,-0.14193,0.055055,-0.0070508,-0.40014,0.45904,0.42284,0.6711,405.08,305.32,-7036.7,41170
28.414,0,0.031895,0.13361,-0.10633,-0.3975,0.46039,0.42108,0.67285,417.37,325.83,-7031.5,40654
28.421,0,-0.073377,0.088906,-0.082171,-0.39485,0.46173,0.41932,0.67459,412.55,311.77,-7020.5,41810
28.428,0,-0.21614,0.013623,-0.18829,-0.39221,0.46305,0.41756,0.67632,413.29,317.48,-7030.5,40427
28.435,0,-0.24559,-0.068888,0.0069975,-0.38955,0.46437,0.4158,0.67803,404.06,301.38,-7022.3,39668
28.442,0,-0.21492,0.0087787,-0.17176,-0.3869,0.46568,0.41403,0.67973,429.78,327.18,-7017.2,42633
28.45,0,-0.25873,0.018523,-0.10523,-0.38423,0.46697,0.41227,0.68142,413.68,314.87,-7019,41396
28.457,0,-0.035585,-0.055079,-0.1824,-0.38157,0.46826,0.4105,0.6831,413.19,315.33,-7018.3,43685
28.464,0,0.0022903,-0.029826,-0.10629,-0.3789,0.46954,0.40873,0.68477,414.84,298.79,-7028,41249
28.471,0,-0.089266,-0.0070798,-0.058402,-0.37623,0.47081,0.40696,0.68642,416.91,309.6,-7021.9,40248
28.478,0,-0.013945,0.099617,-0.034278,-0.37355,0.47207,0.40519,0.68807,414.18,333.08,-7031.5,40660
28.485,0,-0.08402,0.079099,-0.16217,-0.37087,0.47332,0.40341,0.6897,414.19,293.71,-7021.1,39317
28.492,0,-0.11595,-0.055688,-0.27348,-0.36818,0.47456,0.40164,0.69132,421.19,310.78,-7037.7,41958
28.499,0,-0.069351,-0.12746,-0.0235,-0.36549,0.47579,0.39986,0.69293,403.07,312.14,-7013.5,40851
28.506,0,-0.11278,0.060856,-0.13263,-0.3628,0.47701,0.39808,0.69452,403.82,310.04,-7041.4,41549
28.513,0,-0.23493,0.064834,-0.10763,-0.3601,0.47822,0.39631,0.69611,406.67,316,-7030.6,41894
28.52,0,-0.14309,0.037203,-0.23802,-0.3574,0.47943,0.39453,0.69768,424.9,325.4,-7035.3,41351
28.527,0,-0.033105,0.14274,-0.11561,-0.3547,0.48062,0.39275,0.69925,400.88,305.87,-7022.9,41332
28.534,0,-0.27779,0.080905,-0.027892,-0.35199,0.4818,0.39096,0.7008,419.76,317.51,-7018.8,40909
28.541,0,-0.23427,0.064325,-0.24596,-0.34928,0.48298,0.38918,0.70233,424.36,317.91,-7041,41338
28.548,0,-0.02702,0.1008,-0.07574,-0.34656,0.48414,0.3874,0.70386,414.25,318.34,-7005.5,39541
28.555,0,-0.1622,-0.14389,-0.10724,-0.34385,0.4853,0.38561,0.70538,420.47,301.31,-7030.1,39160
28.562,0,-0.048517,-0.05322,-0.26069,-0.34113,0.48645,0.38383,0.70688,418.29,334.72,-7029.2,41382
28.569,0,-0.20963,-0.046155,-0.10907,-0.3384,0.48758,0.38204,0.70837,421.09,320.69,-7017.1,39571
28.576,0,-0.1551,0.060846,-0.093722,-0.33567,0.48871,0.38026,0.70985,420.79,314.12,-7016.4,39651
28.583,0,-0.091155,0.07872,-0.10759,-0.33294,0.48983,0.37847,0.71132,426.42,309.88,-7021.1,39802
28.59,0,-0.083402,-0.052861,-0.20329,-0.33021,0.49094,0.37668,0.71278,411.75,314.6,-7012.1,39902
28.597,0,-0.017957,-0.075063,-0.20558,-0.32747,0.49204,0.37489,0.71422,427.37,328.12,-7035.6,41648
28.604,0,-0.014836,0.14471,-0.052456,-0.32473,0.49313,0.3731,0.71566,413.14,320.26,-7034.8,41260
28.612,0,0.027398,0.06708,-0.1712,-0.32199,0.49421,0.37131,0.71708,423.33,300.18,-7039.3,41770
28.619,0,-0.21093,0.093693,-0.17512,-0.31924,0.49528,0.36952,0.71849,421.26,304.76,-7023.2,40140
28.626,0,0.096603,0.041351,-0.17558,-0.31649,0.49635,0.36773,0.71989,437.02,324.93,-7023.8,38766
28.633,0,-0.15768,0.10278,-0.079158,-0.31374,0.4974,0.36594,0.72128,405.25,330.07,-7023.5,40481
28.64,0,0.0003653,-0.026594,-0.1387,-0.31099,0.49845,0.36415,0.72266,420.28,310.87,-7010.1,41553
28.647,0,-0.090464,0.020963,-0.055488,-0.30823,0.49948,0.36236,0.72402,425.98,308.71,-7036.3,39731
28.654,0,0.14,0.0016798,-0.21679,-0.30547,0.50051,0.36057,0.72538,404.04,333.29,-7029.3,41094
28.661,0,0.003814,0.20979,-0.022206,-0.30271,0.50153,0.35877,0.72672,439.71,314.54,-7025.7,41927
28.668,0,-0.14531,0.014515,0.095583,-0.29994,0.50254,0.35698,0.72805,422.55,316.14,-7028.3,39978
28.675,0,-0.078568,0.050812,0.010824,-0.29717,0.50354,0.35519,0.72937,424.78,311.39,-7021.5,41980
28.682,0,-0.072616,-0.040417,-0.052449,-0.2944,0.50453,0.3534,0.73068,410.85,318.57,-7038.1,40037
28.689,0,-0.22106,-0.0041606,-0.13276,-0.29163,0.50551,0.35161,0.73197,435.02,305.99,-7032,41931
28.696,0,-0.072002,0.10208,-0.091347,-0.28885,0.50648,0.34981,0.73326,431.41,310.3,-7038,41029
28.703,0,-0.10409,0.11322,-0.10988,-0.28608,0.50744,0.34802,0.73453,421.09,308.44,-7041.8,41477
28.71,0,0.11348,-0.025138,-0.04898,-0.2833,0.5084,0.34623,0.7358,434.13,318.04,-7043.9,40462
28.717,0,-0.0771,0.094936,-0.19107,-0.28051,0.50934,0.34444,0.73705,421.08,348.13,-7035.2,40657
28.724,0,-0.2176,0.019469,-0.04141,-0.27773,0.51028,0.34265,0.73829,413.88,326.09,-7050.2,39801
28.731,0,-0.058397,-0.11843,-0.20661,-0.27494,0.51121,0.34086,0.73952,408.89,324.17,-7026.9,41253
28.738,0,-0.16316,0.0096858,-0.060849,-0.27216,0.51213,0.33907,0.74074,427.45,317.42,-7032.4,40866
28.745,0,-0.027704,0.0020318,-0.17003,-0.26936,0.51304,0.33728,0.74194,429.07,296.28,-7063.3,40404
28.752,0,-0.15774,0.042109,-0.17538,-0.26657,0.51394,0.33549,0.74314,412.29,324.96,-7041.9,39946
28.759,0,-0.026089,0.017712,-0.29256,-0.26378,0.51483,0.3337,0.74432,425.64,328.16,-7033.8,40560
28.766,0,-0.079023,0.0082395,-0.072991,-0.26098,0.51572,0.33191,0.74549,426.39,320.37,-7012.8,40826
28.774,0,-0.029521,0.13394,-0.068955,-0.25818,0.51659,0.33012,0.74666,425.08,321.95,-7031.7,41724
28.781,0,0.013382,0.0028694,-0.079972,-0.25538,0.51746,0.32833,0.74781,416.79,316.76,-7040.3,41135
28.788,0,-0.075647,0.12401,0.11809,-0.25258,0.51832,0.32654,0.74895,424.65,307.69,-7029.6,41251
28.795,0,-0.0489,-0.12463,-0.042893,-0.24978,0.51917,0.32476,0.75007,414.69,319.87,-7042.1,41710
28.802,0,0.052096,0.081809,0.034619,-0.24697,0.52001,0.32297,0.75119,420.35,311.72,-7043.3,42196
28.809,0,-0.2919,-0.035976,-0.16777,-0.24416,0.52084,0.32119,0.7523,430.05,336.84,-7044.4,39621
28.816,0,0.046885,-0.096605,-0.19441,-0.24135,0.52166,0.3194,0.75339,407.38,344.54,-7027.9,40139
28.823,0,-0.13397,0.031637,-0.22804,-0.23854,0.52248,0.31762,0.75448,409.86,327.42,-7021.9,42249
28.83,0,0.162,-0.19755,-0.22211,-0.23573,0.52328,0.31584,0.75555,407.06,325.94,-7048.4,40212
28.837,0,-0.084295,-0.003923,-0.10778,-0.23292,0.52408,0.31405,0.75661,409.89,329.59,-7032.9,42558
28.844,0,0.0047176,0.072307,-0.030283,-0.2301,0.52487,0.31227,0.75766,423.44,328.13,-7027.7,40726
28.851,0,-0.19169,-0.0086388,-0.2424,-0.22729,0.52565,0.31049,0.7587,425.46,321.1,-7057.3,40707
28.858,0,-0.084358,0.21841,-0.15623,-0.22447,0.52642,0.30872,0.75973,427.23,331.29,-7037.5,39610
28.865,0,-0.042301,0.1405,-0.16948,-0.22165,0.52719,0.30694,0.76075,421.04,327.98,-7018.7,40499
28.872,1,-0.079552,0.13218,-0.049762,-0.21883,0.52794,0.30516,0.76175,432.99,339.68,-7028.4,40275
28.879,0,-0.20705,-0.022321,-0.15617,-0.21601,0.52869,0.30339,0.76275,440.7,324.17,-7036.2,41072
28.886,0,-0.14511,-0.028258,-0.12362,-0.21319,0.52943,0.30161,0.76373,412.22,302.85,-7032,43117
28.893,0,-0.069926,-0.030244,-0.0046966,-0.21036,0.53016,0.29984,0.76471,410.65,323.56,-7019,42015
28.9,0,-0.1831,-0.09812,-0.18976,-0.20754,0.53088,0.29807,0.76567,408.84,344.98,-7045.7,39228
28.907,0,0.082536,-0.14073,-0.039435,-0.20471,0.53159,0.2963,0.76662,420.5,308.94,-7031.1,41174
28.914,0,-0.16194,-0.16131,-0.11677,-0.20189,0.5323,0.29453,0.76757,428.04,339.36,-7047.3,41288
28.921,0,-0.08427,-0.010951,-0.27597,-0.19906,0.53299,0.29276,0.7685,427.46,318.39,-7047.1,42081
28.928,0,-0.12713,0.013672,-0.35739,-0.19623,0.53368,0.29099,0.76942,406.98,359.8,-7058.1,38738
28.936,0,-0.042708,-0.12368,-0.068087,-0.1934,0.53436,0.28923,0.77033,417.71,314.45,-7044.8,39943
28.943,0,-0.19217,0.035889,-0.20457,-0.19057,0.53503,0.28746,0.77122,411.75,335.59,-7036.4,42092
28.95,0,-0.1873,0.20534,-0.08574,-0.18774,0.5357,0.2857,0.77211,411.27,304.27,-7036.8,40741
28.957,0,-0.141,-0.14053,-0.24811,-0.1849,0.53635,0.28394,0.77299,434.03,329.25,-7043.4,40287
28.964,0,0.17257,0.030389,-0.17548,-0.18207,0.537,0.28218,0.77386,407.28,319.48,-7031.2,39521
28.971,0,0.10404,0.0089886,0.15109,-0.17924,0.53764,0.28043,0.77471,420.99,339.81,-7032.8,40686
28.978,0,-0.094355,-0.0564,-0.25377,-0.1764,0.53827,0.27867,0.77556,420.14,299.31,-7039,40956
28.985,0,0.16817,0.020784,-0.16297,-0.17357,0.5389,0.27692,0.77639,418.08,329.18,-7054,39839
28.992,0,0.045996,-0.082962,-0.018525,-0.17073,0.53951,0.27516,0.77721,427.2,304.03,-7029.2,41881
28.999,0,-0.093833,-0.1671,-0.23969,-0.1679,0.54012,0.27341,0.77803,433.39,325.42,-7033.5,39751
29.006,0,0.061666,-0.029676,-0.32919,-0.16506,0.54072,0.27167,0.77883,420.56,301.63,-7024,40116
29.013,0,-0.18008,-0.11035,-0.064916,-0.16222,0.54131,0.26992,0.77962,420.47,316.82,-7036.1,40615
29.02,0,0.0024814,0.0016508,0.083086,-0.15938,0.5419,0.26817,0.7804,420.29,329.33,-7031.8,39643
29.027,0,0.07643,0.061103,-0.34734,-0.15655,0.54247,0.26643,0.78117,428.2,316.99,-7026.9,40771
29.034,0,0.010354,0.072891,-0.15118,-0.15371,0.54304,0.26469,0.78193,416.66,325.89,-7038.5,40776
29.041,0,0.13962,-0.11612,-0.12848,-0.15087,0.5436,0.26295,0.78268,405.91,328.48,-7034.2,40362
29.048,0,-0.31937,-0.20402,-0.29493,-0.14803,0.54415,0.26121,0.78342,431.43,324.02,-7035.2,41267
29.055,0,-0.2398,-0.19009,-0.011759,-0.14519,0.5447,0.25948,0.78415,423.98,308.65,-7031.7,41843
29.062,0,0.043767,-0.10016,-0.0044186,-0.14235,0.54523,0.25775,0.78487,437.1,309.32,-7032.9,42136
29.069,0,-0.11423,0.052566,-0.055578,-0.13951,0.54576,0.25602,0.78558,416.34,330.1,-7043.7,40632
29.076,0,0.10977,-0.17081,-0.19888,-0.13667,0.54628,0.25429,0.78628,408.54,331.83,-7045.3,40272
29.083,0,-0.14471,-0.11993,-0.24082,-0.13383,0.5468,0.25256,0.78697,438.18,323.15,-7040.8,41927
29.09,0,-0.16532,-0.028884,0.025168,-0.13099,0.5473,0.25084,0.78764,423.44,328.07,-7044.8,40505
29.098,0,-0.048084,-0.032102,-0.25145,-0.12815,0.5478,0.24911,0.78831,409.33,319.97,-7038.2,41754
29.105,0,-0.15053,-0.058015,-0.020961,-0.12531,0.54829,0.2474,0.78897,415.59,314.32,-7042.9,42305
29.112,0,0.045622,0.068574,-0.097163,-0.12247,0.54878,0.24568,0.78961,416.53,323.6,-7032.7,42304
29.119,0,0.078212,0.064495,-0.069145,-0.11963,0.54925,0.24396,0.79025,413.2,322.38,-7021,39796
29.126,0,-0.0822,-0.11004,-0.20667,-0.11679,0.54972,0.24225,0.79087,407.53,322.83,-7032.1,41984
29.133,0,0.015737,-0.12504,-0.13665,-0.11395,0.55018,0.24054,0.79149,415.35,315.84,-7016.5,40738
29.14,0,0.0092767,0.021521,-0.16575,-0.11111,0.55063,0.23883,0.7921,410.56,311.76,-7052.2,42278
29.147,0,-0.11101,-0.211,-0.26203,-0.10827,0.55108,0.23713,0.79269,444.44,327.05,-7042.4,41663
29.154,0,-0.20352,-0.25363,-0.35419,-0.10543,0.55152,0.23542,0.79328,413.44,317.79,-7032.5,41562
29.161,0,0.057862,0.10501,-0.085462,-0.1026,0.55195,0.23372,0.79385,410.41,328.59,-7037.9,40647
29.168,0,0.0061182,-0.044302,-0.10965,-0.099757,0.55237,0.23203,0.79442,439.21,320.43,-7050.9,43860
29.175,0,-0.021079,0.039992,-0.17782,-0.096919,0.55279,0.23033,0.79497,418.13,314.98,-7045.9,41031
29.182,0,-0.16185,-0.013082,-0.14586,-0.094081,0.5532,0.22864,0.79552,425.2,322.82,-7038.4,40423
29.189,0,-0.010557,-0.016297,-0.23222,-0.091244,0.5536,0.22695,0.79605,427.88,332.85,-7041.4,39726
29.196,0,-0.12486,-0.11408,-0.21265,-0.088407,0.55399,0.22526,0.79658,424.31,330.16,-7027,42197
29.203,0,-0.049312,0.032241,-0.020557,-0.08557,0.55438,0.22358,0.79709,432.91,324.04,-7048,39783
29.21,0,-0.21036,0.039562,0.088282,-0.082734,0.55476,0.2219,0.7976,424.86,328.93,-7033.9,40245
29.217,0,0.0027954,-0.12591,-0.065118,-0.079898,0.55513,0.22022,0.79809,432.94,329.1,-7026.4,40095
29.224,0,0.07638,0.048533,-0.31323,-0.077063,0.5555,0.21854,0.79858,420.44,320.67,-7054.1,40533
29.231,0,0.06119,0.024255,-0.17045,-0.074229,0.55586,0.21687,0.79905,428.72,344.97,-7041.3,39597
29.238,0,0.067361,0.085016,-0.11825,-0.071395,0.55621,0.2152,0.79952,424.28,315.44,-7054.4,42206
29.245,0,0.078462,0.020666,-0.21333,-0.068562,0.55655,0.21353,0.79997,418.45,327.3,-7046,42601
29.253,0,-0.13991,0.016622,-0.25749,-0.065729,0.55689,0.21187,0.80042,423.17,334.22,-7041.1,40915
29.26,0,0.031001,-0.018273,-0.15242,-0.062898,0.55722,0.2102,0.80085,430.34,324.58,-7049.6,39445
29.267,0,-0.021738,-0.099759,-0.18417,-0.060067,0.55754,0.20855,0.80128,431.25,325.54,-7040.9,40970
29.274,0,-0.068824,-0.15369,-0.15652,-0.057236,0.55786,0.20689,0.80169,423.26,306.5,-7049.6,42894
29.281,0,-0.11722,-0.061096,-0.058713,-0.054407,0.55817,0.20524,0.8021,437.64,333.81,-7051.3,40440
29.288,0,-0.055917,-0.043631,-0.17723,-0.051578,0.55847,0.20359,0.8025,431.91,303.59,-7034.8,39609
29.295,0,-0.053863,-0.065958,-0.15294,-0.04875,0.55877,0.20194,0.80288,414.65,326.34,-7034.8,41295
29.302,0,0.093696,-0.088414,-0.084685,-0.045923,0.55905,0.2003,0.80326,428.81,322.1,-7059.4,39249
29.309,0,-0.084793,-0.081285,-0.035797,-0.043097,0.55934,0.19866,0.80363,428.58,329.5,-7053.9,40505
29.316,0,-0.076261,0.050383,-0.1436,-0.040272,0.55961,0.19702,0.80399,441.3,336.21,-7048.8,41161
29.323,0,-0.10923,0.12231,-0.053115,-0.037448,0.55988,0.19539,0.80434,429.83,327.41,-7054.8,39379
29.33,0,0.074858,0.055814,-0.15466,-0.034625,0.56014,0.19376,0.80467,420,326.34,-7045.3,40265
29.337,0,0.096999,-0.015663,-0.17038,-0.031803,0.5604,0.19213,0.805,432.15,332.62,-7038,40906
29.344,0,0.085454,0.0017879,-0.18701,-0.028982,0.56064,0.19051,0.80532,405.54,331.09,-7026.4,41093
29.351,0,-0.026515,0.069342,-0.14229,-0.026162,0.56089,0.18888,0.80563,424.57,307.68,-7049.1,41329
29.358,0,0.18491,0.059897,0.013382,-0.023343,0.56112,0.18727,0.80593,422.14,318.36,-7043.5,42417
29.365,0,-0.0038459,-0.095176,-0.12245,-0.020526,0.56135,0.18565,0.80623,408.28,323.38,-7055.2,39894
29.372,0,-0.053968,-0.086693,-0.17253,-0.017709,0.56157,0.18404,0.80651,433.12,345.46,-7047.6,40874
29.379,0,0.0066713,-0.16686,-0.062728,-0.014894,0.56178,0.18243,0.80678,419.79,331.16,-7046.3,39715
29.386,0,-0.063898,-0.041125,-0.13447,-0.01208,0.56199,0.18083,0.80704,435.61,309.46,-7048.8,42211
29.393,0,0.10175,-0.11748,-0.075002,-0.0092672,0.5622,0.17923,0.8073,428.7,315.27,-7044.3,39661
29.4,0,-0.078837,-0.18305,0.0044605,-0.0064557,0.56239,0.17763,0.80754,419.62,333.85,-7044.8,40491
29.407,0,0.011587,-0.024255,-0.31444,-0.0036454,0.56258,0.17604,0.80777,427.3,310.43,-7057,42409
29.415,0,0.030712,0.21394,-0.077532,-0.00083652,0.56276,0.17445,0.808,433.83,340.47,-7037.9,42271
29.422,0,-0.023119,-0.11537,-0.17929,0.001971,0.56294,0.17286,0.80822,437.01,330.63,-7047.6,41729
29.429,0,0.066993,0.031378,-0.10144,0.0047772,0.56311,0.17128,0.80842,421.72,338.85,-7042.8,40736
29.436,0,-0.0098696,-0.092963,-0.11627,0.007582,0.56327,0.1697,0.80862,425.5,332.1,-7047.8,41261
29.443,0,0.088583,-0.12697,-0.064232,0.010385,0.56343,0.16813,0.80881,424.69,297.85,-7041.5,39646
29.45,0,0.11077,-0.28638,-0.026374,0.013187,0.56358,0.16655,0.80899,426.39,320.67,-7054.6,40883
29.457,0,0.059592,-0.20886,-0.092316,0.015988,0.56373,0.16498,0.80916,442.07,328.76,-7041.3,40715
29.464,0,0.081595,-0.22347,-0.13787,0.018786,0.56386,0.16342,0.80932,418.59,324.73,-7040.2,41691
29.471,0,-0.14669,-0.29832,-0.094755,0.021584,0.564,0.16186,0.80947,430.11,322.47,-7066,40312
29.478,0,0.024838,-0.0029421,-0.10317,0.02438,0.56412,0.1603,0.80961,410.54,313.2,-7040.1,40639
29.485,0,-0.15923,-0.073932,-0.049194,0.027174,0.56424,0.15875,0.80975,422.39,321.26,-7035,40567
29.492,0,0.15826,-0.20509,-0.24699,0.029967,0.56436,0.1572,0.80987,438.24,309.43,-7046.2,40728
29.499,0,0.036239,-0.092053,-0.1242,0.032758,0.56447,0.15565,0.80999,444.91,335.95,-7039,41027
29.506,0,0.10029,0.0020257,-0.02111,0.035547,0.56457,0.15411,0.81009,422.48,341.18,-7057,41010
29.513,0,-0.0042565,-0.15815,-0.0069228,0.038335,0.56466,0.15257,0.81019,420.12,327.16,-7042.8,39984
29.52,0,0.077254,-0.010648,-0.1886,0.04112,0.56475,0.15104,0.81028,439.44,324.41,-7039.9,41275
29.527,0,-0.060474,-0.041564,-0.11462,0.043905,0.56484,0.14951,0.81036,447.37,350.89,-7053.4,42332
29.534,0,-0.049672,-0.0051435,-0.12832,0.046687,0.56492,0.14798,0.81043,421.02,338.36,-7044.5,41553
29.541,0,-0.047622,-0.0003478,-0.20329,0.049468,0.56499,0.14646,0.81049,437.62,327.64,-7057.4,40376
29.548,0,-0.024122,0.12896,-0.21781,0.052247,0.56505,0.14494,0.81054,429.13,322.58,-7041.1,39635
29.555,0,0.078213,-0.046804,-0.11992,0.055024,0.56511,0.14342,0.81058,428.71,311.36,-7043.7,39498
29.562,0,-0.032754,-0.16158,-0.053567,0.057799,0.56517,0.14191,0.81062,430.63,320.29,-7047.1,42553
29.569,0,-0.20327,-0.093117,-0.1526,0.060573,0.56522,0.14041,0.81065,432.55,309.38,-7049.6,40110
29.577,1,-0.074364,-0.11967,-0.079636,0.063344,0.56526,0.1389,0.81066,452.59,332.91,-7061.9,41304
29.584,0,0.03051,0.024264,0.060022,0.066114,0.5653,0.1374,0.81067,418,315.3,-7063.9,42469
29.591,0,0.015904,-0.069312,-0.089413,0.068882,0.56533,0.13591,0.81067,432.81,334.67,-7049.3,42095
29.598,0,-0.1542,0.034393,-0.18214,0.071647,0.56536,0.13442,0.81066,441.77,315.91,-7043.7,43151
29.605,0,-0.024127,-0.17147,-0.19774,0.074411,0.56538,0.13293,0.81064,436.43,340.47,-7046.4,39648
29.612,0,0.081127,-0.14636,-0.12251,0.077173,0.56539,0.13145,0.81062,439.2,323.95,-7045.9,40800
29.619,0,0.035206,-0.093146,-0.12602,0.079933,0.5654,0.12997,0.81058,429.16,330.39,-7039.4,41466
29.626,0,0.20003,-0.15846,0.031913,0.082691,0.5654,0.1285,0.81054,419.94,333.08,-7045.9,40779
29.633,0,-0.095346,-0.09805,-0.18885,0.085446,0.5654,0.12703,0.81048,424.92,328.83,-7076.7,41077
29.64,0,0.053952,0.14859,-0.23389,0.0882,0.56539,0.12556,0.81042,444.42,317.02,-7035.8,41541
29.647,0,0.12476,-0.14219,-0.098724,0.090951,0.56538,0.1241,0.81035,420.37,332.27,-7043.3,41349
29.654,0,-0.15129,-0.014677,-0.090611,0.093701,0.56536,0.12264,0.81028,436.98,337.76,-7060.4,40128
29.661,0,-0.036095,-0.17704,-0.26414,0.096448,0.56534,0.12119,0.81019,438.33,321.27,-7046.4,40988
29.668,0,-0.02739,-0.074089,0.21863,0.099193,0.56531,0.11974,0.81009,419.08,334.18,-7048.5,40488
29.675,0,-0.063839,0.0777,-0.015375,0.10194,0.56527,0.1183,0.80999,427.35,327.55,-7075.1,39696
29.682,0,0.083772,-0.11618,-0.07863,0.10468,0.56523,0.11686,0.80988,432.2,328.99,-7049.6,40080
29.689,0,0.028259,-0.045347,-0.17787,0.10742,0.56519,0.11542,0.80976,429.23,317.36,-7063,37823
29.696,0,0.035512,-0.11488,-0.057691,0.11015,0.56514,0.11399,0.80963,442.16,332.24,-7064.7,40148
29.703,0,-0.020081,-0.089358,-0.13598,0.11289,0.56508,0.11256,0.80949,432.94,317.49,-7041.4,39594
29.71,0,-0.051843,-0.087862,-0.10437,0.11562,0.56502,0.11114,0.80934,429.64,329.87,-7060.9,42476
29.717,0,0.13571,-0.17764,-0.15515,0.11835,0.56495,0.10972,0.80919,416.58,333.05,-7053.6,41221
29.724,0,-0.073827,-0.19997,-0.18619,0.12107,0.56488,0.10831,0.80902,420.52,320.3,-7072.2,40012
29.731,0,-0.053176,0.081611,-0.11976,0.1238,0.5648,0.1069,0.80885,407.06,308.94,-7047.9,40632
29.739,0,-0.0063594,-0.13294,-0.19478,0.12652,0.56472,0.1055,0.80867,422.35,344.15,-7059.8,42231
29.746,0,-0.027868,-0.11622,-0.053462,0.12924,0.56463,0.10409,0.80849,422.05,329.14,-7040.4,39463
29.753,0,-0.2719,-0.075263,-0.14987,0.13196,0.56454,0.1027,0.80829,442.73,335.85,-7050,40905
29.76,0,0.049033,0.098895,-0.10981,0.13467,0.56445,0.10131,0.80808,432.08,325.97,-7058.9,40049
29.767,0,-0.21438,-0.043445,-0.091005,0.13739,0.56434,0.099921,0.80787,429.98,321.76,-7053.3,41150
29.774,0,-0.0026127,-0.075313,-0.12667,0.1401,0.56424,0.098538,0.80765,449.92,325.48,-7044.1,41557
29.781,0,-0.17799,-0.35308,-0.16523,0.14281,0.56412,0.097161,0.80742,447.98,330.45,-7057.3,42260
29.788,0,-0.14485,-0.078703,-0.017942,0.14551,0.56401,0.095787,0.80719,442.78,320.29,-7055.2,40497
29.795,0,-0.024698,-0.0038693,-0.15014,0.14821,0.56388,0.094419,0.80694,436.69,345.14,-7065.5,40161
29.802,0,-0.0024987,0.00092061,-0.22839,0.15092,0.56376,0.093055,0.80669,427.5,344.47,-7064.7,41537
29.809,0,-0.16415,-0.14975,-0.020701,0.15361,0.56363,0.091695,0.80642,445.25,347.37,-7062.6,39258
29.816,0,-0.030421,-0.17734,-0.07045,0.15631,0.56349,0.090341,0.80616,454.65,333.55,-7060.6,39950
29.823,0,0.19726,-0.091121,-0.0049839,0.159,0.56335,0.08899,0.80588,423.29,335.6,-7066.3,43076
29.83,0,-0.038093,-0.38388,-0.047059,0.16169,0.5632,0.087645,0.80559,430.99,321.37,-7058.4,40306
29.837,0,0.021227,-0.089467,-0.23225,0.16438,0.56305,0.086304,0.8053,421.87,338.95,-7055.2,43347
29.844,0,0.043356,-0.096319,-0.25977,0.16706,0.56289,0.084968,0.805,440.98,332.36,-7065.1,39611
29.851,0,0.081514,0.16066,0.064855,0.16975,0.56273,0.083637,0.80469,431.48,334.66,-7058.6,41669
29.858,0,-0.073683,-0.13162,-0.057738,0.17243,0.56257,0.08231,0.80437,435.16,329.63,-7055.3,41941
29.865,0,-0.055161,-0.062756,-0.13127,0.1751,0.5624,0.080988,0.80404,447.11,329.39,-7044.1,40395
29.872,0,0.059148,-0.06293,-0.23443,0.17778,0.56223,0.079671,0.80371,407.44,326.11,-7056.3,41078
29.879,0,0.078539,-0.24747,0.10403,0.18045,0.56205,0.078359,0.80337,434.41,340.92,-7038.1,40311
29.886,0,0.0039238,-0.22045,0.051092,0.18312,0.56186,0.077051,0.80302,420.44,323.73,-7052,41717
29.893,0,-0.031385,-0.24201,0.0072301,0.18579,0.56168,0.075749,0.80266,424.57,343.18,-7047.9,39525
29.901,0,-0.12351,-0.15459,-0.062149,0.18845,0.56148,0.074451,0.8023,421.66,339.1,-7046.8,41216
29.908,0,0.17852,-0.070785,-0.15827,0.19111,0.56129,0.073157,0.80192,447.15,332.61,-7050.6,41526
29.915,0,0.084604,-0.097354,-0.14695,0.19377,0.56109,0.071869,0.80154,400.81,322.31,-7062.9,41024
29.922,0,-0.066889,0.038001,-0.083489,0.19642,0.56088,0.070586,0.80116,410.95,321.37,-7039.2,40843
29.929,0,0.089405,-0.16642,0.0025581,0.19908,0.56067,0.069307,0.80076,444.77,328.65,-7056.9,41101
29.936,0,0.043646,-0.14517,-0.31076,0.20173,0.56046,0.068033,0.80036,437.96,337.71,-7059,38973
29.943,0,-0.064491,-0.071758,-0.052093,0.20437,0.56024,0.066764,0.79994,435.57,333.76,-7062.4,40485
29.95,0,-0.087892,0.012152,0.038923,0.20702,0.56001,0.065501,0.79952,429.54,325.77,-7051.3,41865
29.957,0,-0.028491,-0.15934,-0.085682,0.20966,0.55979,0.064241,0.7991,423.08,330.02,-7084,40773
29.964,0,0.097522,-0.18375,0.038339,0.2123,0.55955,0.062987,0.79866,447.01,299.85,-7064.5,40927
29.971,0,0.22279,-0.24528,-0.14795,0.21493,0.55932,0.061738,0.79822,420.88,342.21,-7069.1,41156
29.978,0,0.04405,-0.15236,-0.13399,0.21756,0.55908,0.060494,0.79777,427.87,352.93,-7046,40664
29.985,0,-0.035907,0.023768,0.046679,0.22019,0.55883,0.059255,0.79731,435.56,324.65,-7066.8,41652
29.992,0,-0.12364,-0.16623,-0.046293,0.22282,0.55859,0.058021,0.79685,419.17,339.45,-7066,40495
29.999,0,0.11306,-0.11816,-0.099067,0.22544,0.55833,0.056791,0.79638,425.98,334.52,-7054.1,42259
30.006,0,0.01147,-0.020721,0.032689,0.22806,0.55808,0.055567,0.7959,429.15,340.06,-7057.3,39824
30.013,0,-0.078391,-0.072559,-0.083482,0.23068,0.55782,0.054348,0.79541,443.13,334.12,-7058.5,40818
30.02,0,-0.2088,-0.11159,-0.087346,0.2333,0.55755,0.053134,0.79491,427.28,322.85,-7047.7,41138
30.027,0,0.0031696,-0.12301,-0.050713,0.23591,0.55728,0.051925,0.79441,435.82,342.44,-7046,41872
30.034,0,-0.0017344,-0.23576,0.030999,0.23852,0.55701,0.05072,0.7939,441.17,339.82,-7059.7,40717
30.041,0,0.022478,-0.16972,-0.0014438,0.24112,0.55673,0.049521,0.79338,415.52,333.19,-7053.2,39824
30.048,0,-0.033752,-0.18076,0.054239,0.24372,0.55645,0.048327,0.79286,421.66,320.2,-7061.8,42042
30.055,0,-0.11034,-0.29403,-0.037312,0.24632,0.55617,0.047139,0.79233,424.59,323.4,-7052.7,42274
30.063,0,-0.083055,-0.12817,-0.10963,0.24892,0.55588,0.045955,0.79179,423.76,346.48,-7051,39162
30.07,0,0.030733,0.094365,-0.20513,0.25151,0.55559,0.044776,0.79124,431.73,337.58,-7040.4,41522
30.077,0,0.16499,-0.28991,0.01204,0.2541,0.55529,0.043603,0.79069,421.64,327.34,-7071.9,41951
30.084,0,0.18711,-0.13085,-0.093409,0.25669,0.55499,0.042434,0.79012,451.06,342.43,-7055.1,41643
30.091,0,-0.074143,-0.2532,-0.21477,0.25927,0.55469,0.041271,0.78955,444.66,339.36,-7047.3,42699
30.098,0,-0.062482,-0.094179,0.020434,0.26185,0.55438,0.040113,0.78898,418.33,332.75,-7051.1,40193
30.105,0,0.12838,-0.085358,-0.11655,0.26443,0.55407,0.03896,0.78839,427.51,348.83,-7049.2,41856
30.112,0,0.13005,-0.23258,-0.088265,0.26701,0.55375,0.037812,0.7878,440.81,331.99,-7047.6,41084
30.119,0,-0.014942,-0.15106,-0.18498,0.26958,0.55344,0.036669,0.78721,450.17,320.77,-7059.1,40546
30.126,0,0.011229,-0.26749,0.03072,0.27215,0.55311,0.035532,0.7866,424.43,333.57,-7048.3,41312
30.133,0,0.06201,-0.065121,-0.13328,0.27471,0.55279,0.0344,0.78599,431.9,334.92,-7062.6,41258
30.14,0,-0.1067,-0.23879,-0.11007,0.27727,0.55246,0.033273,0.78537,456.95,323.44,-7054,39270
30.147,0,0.057729,-0.21422,-0.11884,0.27983,0.55212,0.032151,0.78474,435.24,342.8,-7064.7,38348
30.154,0,0.040909,-0.032274,-0.058425,0.28239,0.55179,0.031034,0.78411,453.47,339.66,-7067,40984
30.161,0,0.0094424,-0.11796,0.21575,0.28494,0.55145,0.029923,0.78347,446.15,325.96,-7046.5,39000
30.168,0,0.034847,-0.23196,-0.046091,0.28749,0.5511,0.028817,0.78282,443.24,342.77,-7074.6,40024
30.175,0,0.0010929,-0.18795,-0.032439,0.29003,0.55076,0.027716,0.78216,435.94,324.21,-7045.9,42031
30.182,0,0.097968,-0.19243,-0.14454,0.29257,0.55041,0.026621,0.7815,443.16,332.05,-7065.2,38916
30.189,0,0.054413,-0.20911,-0.012901,0.29511,0.55005,0.025531,0.78083,454.35,326.26,-7051.2,41888
30.196,0,0.024948,-0.22195,-0.22409,0.29765,0.5497,0.024446,0.78016,434.74,329.32,-7067.4,39218
30.203,0,0.034366,-0.21755,0.02724,0.30018,0.54934,0.023366,0.77947,448.5,343.04,-7045.5,41862
30.21,0,0.030239,-0.28518,-0.018919,0.30271,0.54897,0.022292,0.77878,421.54,336.53,-7050.1,40882
30.217,0,-0.079194,-0.25151,-0.10474,0.30523,0.5486,0.021223,0.77808,431.94,326.66,-7050.7,38519
30.225,0,-0.21711,-0.24445,-0.028823,0.30776,0.54823,0.020159,0.77738,454.24,324.78,-7059.5,40946
30.232,0,0.021398,-0.20792,-0.019106,0.31027,0.54786,0.019101,0.77667,447.86,323.02,-7062.3,41524
30.239,0,0.0059842,-0.017712,-0.034181,0.31279,0.54748,0.018048,0.77595,447.69,338.95,-7052.8,41147
30.246,0,0.071247,-0.15572,-0.26276,0.3153,0.5471,0.017,0.77523,444.11,329.51,-7075,40891
30.253,0,0.2658,-0.20264,0.072984,0.31781,0.54672,0.015958,0.77449,424.8,323.07,-7059.7,41180
30.26,0,-0.0083092,-0.070201,-0.049068,0.32032,0.54633,0.014921,0.77375,435.74,325.72,-7057.8,40485
30.267,0,-0.045854,-0.17847,0.00078827,0.32282,0.54594,0.01389,0.77301,455.11,323.72,-7067.9,37989
30.274,0,0.032654,-0.18401,-0.073526,0.32532,0.54555,0.012864,0.77226,441.02,332.67,-7088.6,40930
30.281,1,0.0083757,-0.23752,-0.022903,0.32781,0.54515,0.011843,0.7715,444.56,326.04,-7060,42433
30.288,0,-0.087479,-0.2399,-0.16856,0.3303,0.54475,0.010828,0.77073,420.92,339.07,-7044.3,39725
30.295,0,0.0096093,-0.25305,-0.0011546,0.33279,0.54435,0.0098176,0.76996,432.63,320.29,-7052.1,41763
30.302,0,-0.02191,-0.2661,-0.043383,0.33527,0.54395,0.0088132,0.76918,435.23,309.78,-7060.1,42809
30.309,0,0.019316,-0.064317,-0.058308,0.33776,0.54354,0.0078142,0.76839,436.72,327.85,-7071.1,40028
30.316,0,-0.06351,-0.27003,-0.0016718,0.34023,0.54313,0.0068206,0.7676,438.93,337.82,-7036.1,41300
30.323,0,-0.10298,-0.21894,-0.16337,0.34271,0.54271,0.0058325,0.7668,432.7,347.78,-7064.6,39656
30.33,0,-0.019311,-0.30474,0.017872,0.34518,0.5423,0.0048498,0.76599,434.05,332.93,-7047.3,41297
30.337,0,-0.10455,-0.027392,-0.07525,0.34764,0.54188,0.0038726,0.76518,425.1,343.1,-7051,40427
30.344,0,-0.1614,-0.21658,-0.15562,0.35011,0.54145,0.0029009,0.76436,425.49,339.86,-7086.8,41470
30.351,0,0.054271,-0.26073,-0.25135,0.35257,0.54103,0.0019347,0.76353,421.85,335.25,-7056.4,40442
30.358,0,0.017397,-0.087411,0.23216,0.35502,0.5406,0.0009739,0.7627,457.82,322.57,-7077.3,41816
30.365,0,0.18341,-0.17664,-0.012702,0.35748,0.54017,1.8634e-05,0.76186,435.83,320.37,-7055.6,40871
30.372,0,0.071878,-0.2332,-0.097356,0.35992,0.53973,-0.00093113,0.76101,447.39,315.03,-7051.9,40438
30.379,0,0.06092,0.020565,-0.10041,0.36237,0.5393,-0.0018754,0.76016,432.48,339.41,-7065.8,39318
30.387,0,-0.11991,-0.086593,-0.054954,0.36481,0.53886,-0.0028141,0.7593,449.91,346.21,-7079.4,39728
30.394,0,0.046075,-0.18485,0.079776,0.36725,0.53842,-0.0037473,0.75843,438.6,340.51,-7057,39696
30.401,0,0.015892,-0.1449,-0.08318,0.36968,0.53797,-0.004675,0.75756,432.04,347.81,-7058.1,42287
30.408,0,-0.026267,-0.037582,-0.074532,0.37212,0.53752,-0.0055971,0.75668,426.22,332.11,-7053,42413
30.415,0,-0.16823,-0.14056,-0.18987,0.37454,0.53707,-0.0065137,0.7558,441.62,327.89,-7070.4,40640
30.422,0,-0.014064,-0.39003,0.092346,0.37697,0.53662,-0.0074248,0.7549,438.86,339.63,-7070.5,39734
30.429,0,0.19923,-0.30405,0.094235,0.37939,0.53617,-0.0083303,0.754,446.96,328,-7051.7,40003
30.436,0,0.15609,-0.1961,-0.076851,0.3818,0.53571,-0.0092302,0.7531,449.28,319.72,-7070.4,39384
30.443,0,-0.069116,-0.14443,-0.13143,0.38422,0.53525,-0.010125,0.75219,452.84,330.79,-7075.3,42113
30.45,0,0.16723,-0.24675,0.061957,0.38662,0.53478,-0.011013,0.75127,438.49,334.01,-7071.1,42902
30.457,0,-0.10138,-0.37321,0.053483,0.38903,0.53432,-0.011896,0.75034,437.16,322.36,-7056.6,40481
30.464,0,0.097267,-0.10135,-0.22327,0.39143,0.53385,-0.012774,0.74941,426.73,343.96,-7055.1,40472
30.471,0,0.11836,-0.11113,-0.066563,0.39383,0.53338,-0.013646,0.74848,429.23,346.87,-7066,41688
30.478,0,-0.035742,-0.14741,0.0033993,0.39622,0.53291,-0.014512,0.74753,440.59,320.38,-7057.1,41236
30.485,0,0.16698,-0.20859,-0.023575,0.39861,0.53243,-0.015373,0.74658,408.07,328.65,-7061.5,41053
30.492,0,0.052929,-0.30655,-0.13481,0.401,0.53196,-0.016228,0.74563,427.4,340.65,-7049.9,39289
30.499,0,-0.093446,-0.23185,0.10775,0.40338,0.53148,-0.017078,0.74466,441.66,332.9,-7060.2,40466
30.506,0,9.3412e-05,-0.041994,-0.028123,0.40576,0.53099,-0.017922,0.74369,422.88,337.59,-7045.7,41775
30.513,0,0.18834,-0.32211,-0.16186,0.40814,0.53051,-0.01876,0.74272,423.36,338.14,-7070.3,40851
30.52,0,-0.099197,-0.079333,0.044877,0.41051,0.53002,-0.019592,0.74174,438.71,320.01,-7071.4,40224
30.527,0,-0.051569,-0.22292,0.035779,0.41288,0.52953,-0.020419,0.74075,441.88,342.13,-7034.8,40926
30.534,0,0.039653,-0.11054,-0.039298,0.41524,0.52904,-0.021241,0.73975,439.68,325.07,-7060.3,41364
30.542,0,0.14664,-0.17125,-0.027685,0.4176,0.52855,-0.022056,0.73875,441.42,311.44,-7058.3,42632
30.549,0,0.04174,-0.22942,0.058817,0.41996,0.52805,-0.022866,0.73775,456.46,337.27,-7068.8,40152
30.556,0,-0.03213,-0.31215,-0.082221,0.42231,0.52756,-0.02367,0.73673,432.06,331.62,-7073.1,40964
30.563,0,0.086653,-0.12026,-0.0066679,0.42466,0.52706,-0.024469,0.73572,428.64,331.85,-7067.9,42004
30.57,0,-0.17907,-0.4017,-0.24947,0.427,0.52655,-0.025262,0.73469,437.94,340.97,-7046.2,41132
30.577,0,0.21856,-0.20416,0.00063078,0.42934,0.52605,-0.026049,0.73366,438.72,327.8,-7057.3,40351
30.584,0,-0.033363,-0.33417,-0.11439,0.43168,0.52554,-0.026831,0.73262,441.21,322.37,-7051.6,40462
30.591,0,0.019758,-0.23325,-0.13415,0.43401,0.52504,-0.027606,0.73158,457.55,325.98,-7064.8,40999
30.598,0,0.015413,-0.25814,-0.012871,0.43634,0.52453,-0.028376,0.73053,448.25,338.7,-7074.2,38440
30.605,0,-0.0017011,-0.23254,-0.00024176,0.43867,0.52401,-0.029141,0.72947,449.54,328.45,-7056.3,41175
30.612,0,-0.042998,-0.16946,-0.042275,0.44099,0.5235,-0.029899,0.72841,448.41,316.78,-7063.6,41039
30.619,0,0.070429,-0.32148,-0.046533,0.44331,0.52298,-0.030652,0.72734,434.69,329.07,-7067.5,39721
30.626,0,-0.026178,-0.34291,-0.085928,0.44562,0.52247,-0.0314,0.72627,470.55,326.37,-7043.5,41191
30.633,0,0.065967,-0.31038,-0.07393,0.44793,0.52195,-0.032141,0.72519,429.69,327.48,-7066.3,41193
30.64,0,-0.081486,-0.16928,-0.02893,0.45024,0.52142,-0.032877,0.7241,436.24,366.99,-7055.1,39856
30.647,0,-0.015538,-0.36837,-0.019608,0.45254,0.5209,-0.033607,0.72301,432.97,332.79,-7072.6,41846
30.654,0,0.02745,-0.33767,-0.0064831,0.45484,0.52037,-0.034331,0.72191,437.57,329.11,-7048.1,40133
30.661,0,-0.06318,-0.15555,0.0083047,0.45713,0.51985,-0.035049,0.72081,444.08,326.34,-7077.1,41684
30.668,0,0.11788,-0.18844,0.060581,0.45942,0.51932,-0.035762,0.7197,441.41,328.51,-7070.1,38433
30.675,0,0.032061,-0.17921,-0.025464,0.46171,0.51879,-0.036469,0.71858,426.07,326.22,-7049.9,41675
30.682,0,0.038824,-0.30113,-0.22418,0.46399,0.51825,-0.03717,0.71746,460.7,347.64,-7049.9,39410
30.689,0,0.030729,-0.12492,-0.21565,0.46627,0.51772,-0.037865,0.71633,430.19,338.13,-7046.1,40579
30.696,0,-0.12593,-0.077153,-0.054029,0.46854,0.51718,-0.038555,0.71519,444.43,332.18,-7073.3,40651
30.704,0,0.11074,-0.046093,-0.033713,0.47081,0.51665,-0.039238,0.71405,434.99,346.09,-7048.8,40790
30.711,0,-0.077145,-0.26905,0.055008,0.47308,0.51611,-0.039916,0.71291,444.74,365.4,-7060.8,41219
30.718,0,-0.080255,-0.25055,0.060414,0.47534,0.51557,-0.040588,0.71176,430.63,331.79,-7063.9,41567
30.725,0,0.098472,-0.25932,-0.059602,0.4776,0.51502,-0.041255,0.7106,436.86,313.11,-7062.7,42178
30.732,0,0.10134,-0.23016,-0.21393,0.47985,0.51448,-0.041915,0.70943,431.4,335.84,-7066.4,39214
30.739,0,-0.053711,-0.26516,-0.22267,0.4821,0.51393,-0.04257,0.70826,464.33,329.03,-7086.6,39770
30.746,0,0.03697,-0.19698,-0.099191,0.48435,0.51339,-0.043219,0.70709,444.71,346.6,-7075.1,41268
30.753,0,-0.10763,-0.30145,0.044548,0.48659,0.51284,-0.043862,0.70591,438.88,333.24,-7090,39014
30.76,0,0.12479,-0.14661,-0.06096,0.48883,0.51229,-0.044499,0.70472,429,339.36,-7065.4,40695
30.767,0,0.15195,-0.16034,-0.032254,0.49106,0.51173,-0.04513,0.70353,440.22,338.22,-7070.8,40895
30.774,0,-0.038443,-0.24873,0.030881,0.49329,0.51118,-0.045755,0.70233,442.88,317.37,-7053.5,41417
30.781,0,0.10834,-0.38641,0.13448,0.49552,0.51063,-0.046375,0.70112,435.61,337.68,-7086.3,41743
30.788,0,0.028099,-0.26226,0.11273,0.49774,0.51007,-0.046989,0.69991,439.27,346.4,-7059.9,40640
30.795,0,0.12799,-0.4172,-0.1174,0.49995,0.50951,-0.047597,0.6987,451.38,339.95,-7078.1,41877
30.802,0,-0.043178,-0.34453,0.054946,0.50217,0.50895,-0.048199,0.69748,436.03,354.67,-7064.6,40606
30.809,0,0.020702,-0.27488,0.057013,0.50438,0.50839,-0.048795,0.69625,428.41,336.21,-7057.9,41276
30.816,0,0.10296,-0.1297,0.04348,0.50658,0.50783,-0.049385,0.69502,442.48,340.42,-7068.9,42285
30.823,0,0.20879,-0.29817,0.21449,0.50878,0.50727,-0.049969,0.69378,445.45,347.02,-7064.8,40008
30.83,0,-0.020295,-0.23886,-0.009406,0.51098,0.5067,-0.050548,0.69253,443.91,335.91,-7073.9,41510
30.837,0,0.21559,-0.47487,-0.0086896,0.51317,0.50614,-0.051121,0.69128,444,332.77,-7052.7,40921
30.844,0,0.082997,-0.16573,0.0069857,0.51536,0.50557,-0.051687,0.69003,441.33,345.44,-7070.3,41089
30.851,0,0.023452,-0.14509,0.072709,0.51754,0.505,-0.052248,0.68876,456.92,343.55,-7067.3,40183
30.858,0,-0.027479,-0.34704,-0.048015,0.51972,0.50443,-0.052803,0.6875,430.14,329.54,-7066,40344
30.866,0,-0.11859,-0.29714,0.075515,0.5219,0.50386,-0.053352,0.68622,445.67,338.26,-7065.7,40247
30.873,0,-0.08308,-0.35795,-0.11786,0.52407,0.50329,-0.053895,0.68494,451.47,338.36,-7074,40499
30.88,0,-0.022973,-0.2195,0.14834,0.52624,0.50271,-0.054432,0.68366,446.56,320.45,-7055.7,39919
30.887,0,0.13189,-0.32189,-0.050502,0.5284,0.50214,-0.054963,0.68237,426.13,322.47,-7068.5,40938
30.894,0,0.0041933,-0.41487,0.036695,0.53056,0.50156,-0.055488,0.68107,438.71,344.24,-7065.2,42351
30.901,0,0.032328,-0.29668,0.079626,0.53271,0.50099,-0.056008,0.67977,434.35,346.43,-7068.9,41782
30.908,0,0.15279,-0.22548,0.11834,0.53486,0.50041,-0.056521,0.67847,441.15,341.85,-7063.9,41168
30.915,0,0.16067,-0.15075,-0.16335,0.53701,0.49983,-0.057028,0.67715,438.01,327.6,-7076.4,40910
30.922,0,0.19379,-0.29824,-0.027485,0.53915,0.49925,-0.05753,0.67584,436.93,344.12,-7071.4,41089
30.929,0,0.21742,-0.23356,-0.087078,0.54129,0.49867,-0.058025,0.67451,444.22,331.3,-7075.1,40535
30.936,0,0.010859,-0.27241,0.00014228,0.54342,0.49809,-0.058515,0.67318,440.7,348.09,-7058.8,41609
30.943,0,-0.059611,-0.19219,0.043184,0.54555,0.49751,-0.058998,0.67185,449.59,344.25,-7073.2,41748
30.95,0,-0.11507,-0.37885,0.20494,0.54767,0.49692,-0.059476,0.67051,433.68,342.08,-7065.3,42551
30.957,0,-0.096822,-0.32924,-0.066206,0.54979,0.49634,-0.059947,0.66916,448.55,342.19,-7074.8,40462
30.964,0,-0.050842,-0.2829,0.14754,0.55191,0.49575,-0.060413,0.66781,431.03,339.01,-7066.9,40138
30.971,0,0.10718,-0.21884,0.2013,0.55402,0.49517,-0.060873,0.66646,444.47,328.64,-7065.2,40639
30.978,0,0.067554,-0.19053,0.1055,0.55613,0.49458,-0.061326,0.6651,451.49,330.14,-7056.3,40982
30.985,1,-0.06951,-0.33963,0.064925,0.55823,0.49399,-0.061774,0.66373,459.04,338.79,-7048.5,40737
30.992,0,0.10058,-0.29576,0.075068,0.56033,0.4934,-0.062215,0.66236,448.9,345.98,-7048.2,39728
30.999,0,-0.00035366,-0.27396,0.090144,0.56242,0.49281,-0.062651,0.66098,453.5,341.58,-7047.8,41001
31.006,0,-0.070204,-0.18443,-0.013531,0.56451,0.49222,-0.06308,0.65959,434.75,333.5,-7059.1,42601
31.013,0,0.086488,-0.10217,0.11656,0.5666,0.49163,-0.063504,0.6582,450.6,340.45,-7084.9,40075
31.02,0,0.14031,-0.16703,0.022926,0.56868,0.49104,-0.063921,0.65681,453.27,333.9,-7059,39858
31.028,0,0.092106,-0.14446,0.07814,0.57076,0.49044,-0.064333,0.65541,456.25,341.68,-7064.4,42718
31.035,0,-0.087743,-0.25517,-0.025641,0.57283,0.48985,-0.064738,0.654,453.67,336.26,-7060.6,40198
31.042,0,-0.044103,-0.23925,0.094857,0.5749,0.48926,-0.065137,0.65259,456.41,321.58,-7050.7,41425
31.049,0,0.13967,-0.34599,0.28101,0.57696,0.48866,-0.06553,0.65118,419.31,361.89,-7040.2,39589
31.056,0,0.14669,-0.27385,0.038011,0.57902,0.48807,-0.065918,0.64976,463.87,333.19,-7078.2,40079
31.063,0,0.0027259,-0.23753,-0.0049973,0.58107,0.48747,-0.066299,0.64833,443.96,353.17,-7066.3,40744
31.07,0,0.022988,-0.22866,0.12491,0.58312,0.48687,-0.066674,0.6469,434.98,348.7,-7068,40410
31.077,0,0.10484,-0.26356,0.060084,0.58517,0.48627,-0.067043,0.64546,432.32,353.09,-7067.7,40589
31.084,0,0.092983,-0.13989,0.0046545,0.58721,0.48568,-0.067405,0.64402,436.31,336.82,-7047.8,40974
31.091,0,-0.05623,-0.32004,-0.077635,0.58925,0.48508,-0.067762,0.64257,444.84,337.51,-7050.7,41521
31.098,0,-0.02851,-0.091951,0.061556,0.59128,0.48448,-0.068113,0.64112,427.11,351.92,-7075.3,39435
31.105,0,-0.020453,-0.17741,-0.030823,0.59331,0.48388,-0.068457,0.63966,445.51,356.22,-7059.4,39599
31.112,0,-0.016626,-0.21402,0.16107,0.59533,0.48328,-0.068796,0.63819,428.82,345.56,-7078.4,40424
31.119,0,-0.12231,-0.055671,-0.0033792,0.59735,0.48268,-0.069128,0.63672,439.11,337,-7067.4,41601
31.126,0,0.13297,-0.31899,0.21165,0.59937,0.48208,-0.069454,0.63525,454.7,355.22,-7068.2,40391
31.133,0,0.17928,-0.40539,0.14738,0.60138,0.48147,-0.069775,0.63377,445.61,340.04,-7069.7,39818
31.14,0,0.027683,-0.38997,0.085701,0.60338,0.48087,-0.070088,0.63228,453.39,356.16,-7055.8,42571
31.147,0,0.10517,-0.27689,0.1062,0.60538,0.48027,-0.070396,0.63079,447.49,320.86,-7060.1,39847
31.154,0,0.22825,-0.27033,0.1075,0.60738,0.47967,-0.070698,0.6293,442.72,358.8,-7081.4,41202
31.161,0,0.094358,-0.12722,-0.012623,0.60937,0.47906,-0.070993,0.6278,447.61,347.89,-7070.1,41168
31.168,0,-0.06353,-0.43562,-0.12188,0.61136,0.47846,-0.071283,0.62629,441.18,356.41,-7081.8,42317
31.175,0,-0.0043244,-0.47656,-0.01527,0.61334,0.47785,-0.071566,0.62478,417.27,340.72,-7067.6,41289
31.182,0,0.14718,-0.26751,0.13784,0.61532,0.47725,-0.071843,0.62326,433.37,354.41,-7062.5,41541
31.19,0,-0.031564,-0.24095,0.090164,0.61729,0.47664,-0.072114,0.62174,437.96,348.08,-7060.5,38979
31.197,0,0.043322,-0.24731,-0.037069,0.61926,0.47604,-0.072378,0.62021,450.14,331.78,-7059.4,40309
31.204,0,-0.014262,-0.24059,0.14735,0.62122,0.47543,-0.072637,0.61868,459.91,320.02,-7059.9,41094
31.211,0,-0.15451,-0.34412,0.10503,0.62318,0.47483,-0.072889,0.61715,453.74,331.4,-7059.7,41312
31.218,0,-0.056783,-0.42031,0.16544,0.62514,0.47422,-0.073135,0.6156,457.06,357.55,-7066.2,41031
31.225,0,-0.10606,-0.23853,0.084024,0.62709,0.47361,-0.073375,0.61406,449.79,339.45,-7073.7,39903
31.232,0,0.15143,-0.34957,0.084612,0.62903,0.47301,-0.073608,0.6125,428.78,334.29,-7068,42772
31.239,0,0.015015,-0.31655,-0.040422,0.63098,0.4724,-0.073836,0.61095,435.27,337.09,-7065.8,40913
31.246,0,0.17649,-0.23046,0.18004,0.63291,0.4718,-0.074057,0.60938,448.67,349.97,-7071.2,41118
31.253,0,-0.088576,-0.21654,0.065119,0.63484,0.47119,-0.074272,0.60781,456.51,347.3,-7072.1,40582
31.26,0,-0.11388,-0.31036,0.19108,0.63677,0.47058,-0.07448,0.60624,455.02,335.39,-7063.9,42007
31.267,0,-0.079544,-0.19708,0.11979,0.63869,0.46997,-0.074683,0.60466,438.29,355.91,-7045.3,39712
31.274,0,0.15302,-0.24223,0.24173,0.64061,0.46937,-0.074879,0.60308,443.32,346.18,-7080.9,39635
31.281,0,0.037966,-0.15453,0.23377,0.64252,0.46876,-0.075069,0.60149,447.26,341.73,-7070,39878
31.288,0,-0.053073,-0.19349,0.1303,0.64443,0.46815,-0.075252,0.5999,432.35,328.42,-7074.6,41156
31.295,0,0.065656,-0.42133,0.22932,0.64634,0.46754,-0.075429,0.5983,433.5,340,-7065.6,41089
31.302,0,-0.02438,-0.35442,0.10854,0.64823,0.46694,-0.0756,0.5967,446.8,357.7,-7079.3,40651
31.309,0,-0.062139,-0.34684,0.15957,0.65013,0.46633,-0.075765,0.59509,458.53,345.74,-7066.4,40808
31.316,0,-0.068654,-0.26349,0.046414,0.65202,0.46572,-0.075923,0.59347,444.56,326.91,-7055.6,41157
31.323,0,0.17163,-0.26679,0.2607,0.6539,0.46511,-0.076075,0.59186,442.87,342.76,-7052,41331
31.33,0,-0.033594,-0.29295,0.12265,0.65578,0.46451,-0.076221,0.59023,454.12,347.97,-7067.7,41643
31.337,0,0.072714,-0.21579,0.1593,0.65766,0.4639,-0.07636,0.5886,465.54,351.75,-7070.9,39151
31.344,0,-0.045929,-0.30081,-0.002681,0.65953,0.46329,-0.076493,0.58697,444.4,335.46,-7073.4,39150
31.352,0,-0.013527,-0.32138,0.079635,0.66139,0.46268,-0.07662,0.58533,442.61,335.77,-7072.2,41461
31.359,0,-0.064082,-0.36065,0.22958,0.66325,0.46208,-0.07674,0.58369,423.78,336.33,-7061.3,40026
31.366,0,0.028482,-0.19057,0.16854,0.66511,0.46147,-0.076854,0.58204,442.86,322.97,-7063.1,40810
31.373,0,0.065285,-0.3438,0.14324,0.66696,0.46086,-0.076962,0.58038,451.55,356.39,-7065.3,40349
31.38,0,-0.060976,-0.3008,0.12413,0.66881,0.46026,-0.077063,0.57872,443.1,357.55,-7070.4,41556
31.387,0,-0.00037276,-0.13268,0.0088523,0.67065,0.45965,-0.077157,0.57706,445.24,343.11,-7064.7,40862
31.394,0,0.079197,-0.1792,0.036364,0.67249,0.45904,-0.077246,0.57539,465.78,314.12,-7063.8,40211
31.401,0,0.13944,-0.10137,0.0086047,0.67432,0.45844,-0.077328,0.57372,441.42,338.32,-7055.9,40565
31.408,0,0.22437,-0.33339,0.31484,0.67614,0.45783,-0.077403,0.57204,448.74,368.64,-7081,41475
31.415,0,0.10545,-0.29412,0.030923,0.67797,0.45723,-0.077472,0.57036,471.8,325.11,-7066.2,40791
31.422,0,0.13969,-0.36393,0.097069,0.67978,0.45662,-0.077535,0.56867,434.27,349.91,-7066.8,41094
31.429,0,0.11397,-0.22807,-0.10809,0.6816,0.45601,-0.077591,0.56697,447.77,330.54,-7077.1,41397
31.436,0,0.074264,-0.3363,0.057309,0.6834,0.45541,-0.077641,0.56527,434.76,346.46,-7070.8,39652
31.443,0,0.022268,-0.21081,0.20291,0.6852,0.4548,-0.077684,0.56357,443.07,341.26,-7067.3,41135
31.45,0,0.053011,-0.10466,0.25717,0.687,0.4542,-0.077721,0.56186,459.47,345.24,-7049.8,40917
31.457,0,0.15726,-0.2306,0.12944,0.68879,0.4536,-0.077751,0.56015,424.8,329.48,-7062.9,40383
31.464,0,0.027712,-0.14427,0.070956,0.69058,0.45299,-0.077775,0.55843,442.8,339.44,-7066.9,41149
31.471,0,0.092525,-0.25724,0.051903,0.69236,0.45239,-0.077792,0.55671,448.07,327.22,-7062.3,41592
31.478,0,-0.10996,-0.25701,0.24601,0.69414,0.45179,-0.077803,0.55498,446.96,350.52,-7053.7,40670
31.485,0,0.11187,-0.28912,-0.024084,0.69591,0.45118,-0.077808,0.55325,471.66,337.85,-7061.1,41101
31.492,0,-0.011285,-0.26014,-0.020894,0.69768,0.45058,-0.077805,0.55151,462.61,330.58,-7063.6,40647
31.499,0,0.022613,-0.16734,0.10606,0.69944,0.44998,-0.077797,0.54977,467.15,347.73,-7078.2,42118
31.506,0,0.25347,-0.22273,0.1643,0.7012,0.44938,-0.077781,0.54802,441.54,340.74,-7070.3,39256
31.514,0,0.038725,-0.13569,0.024489,0.70295,0.44878,-0.077759,0.54627,444.81,332.33,-7062.5,40607
31.521,0,0.11699,-0.30092,0.064497,0.7047,0.44818,-0.077731,0.54451,451.93,342.28,-7069.4,40230
31.528,0,0.014688,-0.28079,0.16748,0.70644,0.44758,-0.077696,0.54275,446.48,347.69,-7070,41777
31.535,0,-0.025556,-0.14878,0.28097,0.70818,0.44698,-0.077654,0.54098,437.38,343.46,-7071.8,41451
31.542,0,0.0073822,-0.27415,0.029715,0.70991,0.44638,-0.077606,0.53921,452.31,355.3,-7045.8,41933
31.549,0,0.0128,-0.24404,0.18056,0.71164,0.44578,-0.077551,0.53743,447.05,336.81,-7075.1,40339
31.556,0,0.15189,-0.33491,0.20586,0.71336,0.44519,-0.077489,0.53565,476.21,330.19,-7064.7,41134
31.563,0,-0.084535,-0.236,0.22254,0.71508,0.44459,-0.077421,0.53386,426.32,339.75,-7057.9,41646
31.57,0,-0.035177,-0.2757,0.091867,0.71679,0.44399,-0.077347,0.53207,455.49,341.98,-7074.1,42230
31.577,0,-0.041688,-0.25294,0.093365,0.7185,0.4434,-0.077265,0.53027,448.55,321.1,-7067,40499
31.584,0,0.017762,-0.33077,0.093056,0.7202,0.4428,-0.077177,0.52847,432.12,346.88,-7061.7,41690
31.591,0,0.050682,-0.23577,0.094088,0.72189,0.44221,-0.077082,0.52667,433.87,328.31,-7062.1,41447
31.598,0,-0.060779,-0.37423,0.1703,0.72359,0.44162,-0.076981,0.52485,453.53,340.6,-7069.3,41593
31.605,0,0.044814,-0.31018,0.27843,0.72527,0.44102,-0.076873,0.52304,453.03,332.65,-7045.8,41733
31.612,0,0.031523,-0.34035,-0.0034602,0.72695,0.44043,-0.076758,0.52122,456.81,350.89,-7053.1,41179
31.619,0,0.090672,-0.30111,0.025446,0.72863,0.43984,-0.076636,0.51939,478.47,354.32,-7068.3,39441
31.626,0,0.10459,-0.31109,0.17669,0.7303,0.43925,-0.076508,0.51756,448.59,355.07,-7059.7,40738
31.633,0,0.29297,-0.31269,0.25199,0.73196,0.43866,-0.076373,0.51573,456.33,335.76,-7075.3,40325
31.64,0,0.12366,-0.40434,0.25591,0.73362,0.43807,-0.076231,0.51389,440.12,345.84,-7066.4,39116
31.647,0,0.058319,-0.32784,0.23175,0.73528,0.43748,-0.076082,0.51204,446.59,356.05,-7059.6,42344
31.654,0,0.059322,-0.16253,0.20922,0.73693,0.43689,-0.075927,0.51019,449.65,346.83,-7067.2,38723
31.661,0,-0.11968,-0.25634,0.2257,0.73857,0.43631,-0.075764,0.50834,452.73,337.68,-7076.3,39799
31.668,0,0.022183,-0.28098,0.20396,0.74021,0.43572,-0.075595,0.50648,458.53,331.81,-7060.7,40674
31.676,0,0.069194,-0.42052,0.26065,0.74184,0.43514,-0.07542,0.50462,458.82,338.76,-7069.3,39404
31.683,0,0.056682,-0.37482,0.40404,0.74347,0.43455,-0.075237,0.50275,458.95,339.19,-7055.7,42927
31.69,1,0.28715,-0.38466,0.20564,0.74509,0.43397,-0.075047,0.50088,439.29,340.96,-7055.7,40672
31.697,0,-0.062742,-0.20541,0.32357,0.74671,0.43339,-0.074851,0.499,436.63,342.95,-7067.1,39792
31.704,0,-0.015863,-0.15825,0.17681,0.74832,0.43281,-0.074648,0.49711,452.95,349.99,-7078.8,41532
31.711,0,-0.12592,-0.15035,0.44064,0.74993,0.43222,-0.074438,0.49523,447.03,344.48,-7069.1,40267
31.718,0,0.15134,-0.30585,0.23949,0.75153,0.43165,-0.074221,0.49333,447.84,339.62,-7057.8,40787
31.725,0,-0.097436,-0.25565,0.2584,0.75312,0.43107,-0.073997,0.49144,448.5,333.63,-7059.5,40725
31.732,0,0.16936,-0.2161,0.16516,0.75471,0.43049,-0.073766,0.48953,445.81,334.03,-7061.2,39888
31.739,0,-0.077156,-0.24533,0.12772,0.7563,0.42991,-0.073528,0.48763,458.3,328.32,-7063,39235
31.746,0,-8.364e-05,-0.29045,0.18685,0.75788,0.42934,-0.073284,0.48572,453.42,342,-7065.4,40039
31.753,0,0.069751,-0.26241,0.15641,0.75945,0.42876,-0.073032,0.4838,462.8,338.97,-7057.8,39590
31.76,0,0.077185,-0.38691,0.21179,0.76102,0.42819,-0.072773,0.48188,453.14,341.39,-7045.7,40242
31.767,0,0.15769,-0.38282,0.22509,0.76258,0.42762,-0.072508,0.47995,462.62,340.42,-7069,41231
31.774,0,0.12313,-0.13918,0.20155,0.76414,0.42704,-0.072235,0.47802,455.39,335.83,-7064.1,41544
31.781,0,0.15172,-0.2833,0.085833,0.76569,0.42647,-0.071955,0.47609,450.6,342.57,-7068.1,40696
31.788,0,0.21262,-0.50843,0.32262,0.76724,0.4259,-0.071669,0.47415,458.93,343.12,-7085.3,42365
31.795,0,-0.053897,-0.23962,0.22972,0.76878,0.42534,-0.071375,0.4722,446.78,351.46,-7066.4,39946
31.802,0,-0.11855,-0.24317,0.18304,0.77031,0.42477,-0.071075,0.47025,462.01,338.43,-7069.8,39765
31.809,0,0.057476,-0.23995,0.1498,0.77184,0.4242,-0.070767,0.4683,440.29,349.73,-7065.8,41626
31.816,0,0.024938,-0.3563,0.15242,0.77337,0.42364,-0.070452,0.46634,435,368.8,-7061.4,41414
31.823,0,0.12379,-0.24405,0.2689,0.77488,0.42308,-0.07013,0.46437,445.72,358.37,-7064.7,40462
31.831,0,0.10275,-0.36931,0.48424,0.7764,0.42251,-0.069801,0.46241,468.59,364.65,-7055.1,41835
31.838,0,-0.02281,-0.36132,0.32387,0.7779,0.42195,-0.069465,0.46043,454.49,353.46,-7069.3,41597
31.845,0,0.081805,-0.37316,0.26026,0.7794,0.42139,-0.069122,0.45845,440.91,332.83,-7056.1,41404
31.852,0,-0.040495,-0.43085,0.23562,0.7809,0.42083,-0.068771,0.45647,448.03,337.17,-7064.2,41046
31.859,0,0.023097,-0.42619,0.24302,0.78239,0.42028,-0.068414,0.45448,454.24,343.83,-7056.4,40549
31.866,0,-0.18377,-0.18519,0.16485,0.78387,0.41972,-0.068049,0.45249,458.07,337.62,-7064.5,40957
31.873,0,0.172,-0.24128,0.38983,0.78535,0.41917,-0.067677,0.45049,454.53,349.43,-7086.9,40457
31.88,0,-0.046957,-0.25723,0.48271,0.78682,0.41861,-0.067298,0.44849,459.9,336.03,-7070.8,40825
31.887,0,0.095593,-0.2274,0.20959,0.78829,0.41806,-0.066912,0.44648,458.94,340.69,-7071.1,42686
31.894,0,0.062177,-0.29456,0.17853,0.78975,0.41751,-0.066518,0.44447,448.57,339.17,-7074.9,40477
31.901,0,0.062767,-0.30496,0.23971,0.7912,0.41696,-0.066117,0.44246,456.6,353.21,-7065.9,39541
31.908,0,-0.032525,-0.2038,0.2664,0.79265,0.41641,-0.065709,0.44044,462.77,339.54,-7078.1,39365
31.915,0,-0.021996,-0.20569,0.2831,0.7941,0.41587,-0.065294,0.43841,460.47,348.66,-7058.3,41571
31.922,0,0.030736,-0.32926,0.38479,0.79553,0.41532,-0.064871,0.43638,476.1,332.01,-7078.9,40332
31.929,0,0.19482,-0.31357,0.45434,0.79696,0.41478,-0.064441,0.43434,465.92,355.32,-7043.6,41670
31.936,0,0.032071,-0.23918,0.21491,0.79839,0.41424,-0.064004,0.4323,472.99,357.98,-7068.9,42187
31.943,0,0.050736,-0.18355,0.38644,0.79981,0.4137,-0.06356,0.43026,462.46,344.05,-7052.5,41339
31.95,0,0.09355,-0.20159,0.36132,0.80122,0.41316,-0.063108,0.42821,446.79,357.57,-7060.3,39625
31.957,0,0.12577,-0.40309,0.28911,0.80263,0.41262,-0.062649,0.42616,459.69,366.17,-7072.1,40187
31.964,0,0.19178,-0.4713,0.23889,0.80403,0.41208,-0.062182,0.4241,455.04,354.57,-7075.6,40206
31.971,0,-0.0016393,-0.3876,0.32486,0.80542,0.41155,-0.061708,0.42203,456.94,345.43,-7075.8,41432
31.978,0,0.12417,-0.33544,0.32491,0.80681,0.41102,-0.061227,0.41997,454.84,355.95,-7060.4,42475
31.985,0,-0.057908,-0.19191,0.39524,0.8082,0.41048,-0.060738,0.41789,451.39,334.67,-7074.1,39906
31.993,0,-0.067118,-0.45212,0.094301,0.80957,0.40995,-0.060242,0.41581,455.4,327.53,-7074.1,41866
32,0,0.10716,-0.40886,0.37308,0.81094,0.40943,-0.059738,0.41373,453.84,337.93,-7051,39973
32.007,0,0.14482,-0.28562,0.51599,0.81231,0.4089,-0.059227,0.41164,442.22,359.37,-7065.4,38991
32.014,0,0.23683,-0.44652,0.36593,0.81367,0.40837,-0.058708,0.40955,470.62,347.68,-7067.8,41583
32.021,0,-0.01717,-0.38707,0.48905,0.81502,0.40785,-0.058182,0.40746,464.5,335.4,-7061.5,42161
32.028,0,0.13205,-0.1578,0.48466,0.81636,0.40733,-0.057649,0.40535,454.2,371.14,-7058.9,39424
32.035,0,-0.14379,-0.2246,0.28779,0.8177,0.40681,-0.057108,0.40325,480.7,364.56,-7071.3,41792
32.042,0,-0.099779,-0.13228,0.42511,0.81904,0.40629,-0.056559,0.40114,458.93,338.37,-7035.9,39054
32.049,0,-0.080071,-0.4279,0.23806,0.82036,0.40577,-0.056003,0.39902,466.91,331.52,-7071.8,41137
32.056,0,-0.024392,-0.3798,0.23951,0.82168,0.40526,-0.055439,0.3969,467.75,348.37,-7090.4,40340
32.063,0,0.037658,-0.20722,0.34102,0.823,0.40474,-0.054868,0.39478,468.97,361.23,-7055.9,42447
32.07,0,0.081558,-0.47956,0.28709,0.8243,0.40423,-0.054289,0.39265,459.78,361.91,-7036.2,41324
32.077,0,-0.069242,-0.41805,0.34749,0.82561,0.40372,-0.053703,0.39051,471.61,353.18,-7045.1,40655
32.084,0,-0.15362,-0.446,0.30725,0.8269,0.40322,-0.053109,0.38837,465.69,339,-7053.7,40254
32.091,0,0.019051,-0.36108,0.49091,0.82819,0.40271,-0.052507,0.38623,458.2,336.06,-7069.6,40724
32.098,0,-0.075984,-0.43619,0.20965,0.82947,0.40221,-0.051898,0.38408,456.58,346.87,-7061.2,40639
32.105,0,-0.13886,-0.20195,0.28305,0.83075,0.4017,-0.051281,0.38192,460.58,333.56,-7056.9,42417
32.112,0,0.010194,-0.29682,0.51213,0.83201,0.4012,-0.050656,0.37977,460.62,361.72,-7082,42116
32.119,0,-0.14807,-0.40155,0.49022,0.83328,0.4007,-0.050024,0.3776,473.99,347.8,-7066.7,42798
32.126,0,0.1286,-0.2547,0.27986,0.83453,0.40021,-0.049384,0.37543,472.23,361.4,-7060.8,41823
32.133,0,0.016951,-0.47601,0.3076,0.83578,0.39971,-0.048736,0.37326,449.08,343.18,-7065.5,39550
32.14,0,0.068033,-0.15013,0.4559,0.83702,0.39922,-0.048081,0.37108,474.05,334.05,-7062.3,39628
32.147,0,0.16876,-0.29117,0.25286,0.83826,0.39873,-0.047418,0.3689,465.94,348.36,-7057,38740
32.155,0,0.011598,-0.41469,0.46356,0.83949,0.39824,-0.046747,0.36671,457.45,348.96,-7048.6,41259
32.162,0,0.14306,-0.32186,0.46335,0.84071,0.39775,-0.046068,0.36452,453.72,352.27,-7043.8,39300
32.169,0,-0.1155,-0.11459,0.32239,0.84193,0.39727,-0.045382,0.36233,480.76,340.41,-7054.6,42526
32.176,0,-0.0077134,-0.38991,0.25809,0.84313,0.39679,-0.044687,0.36012,435.55,358.46,-7061.5,40523
32.183,0,-0.19466,-0.35746,0.60843,0.84434,0.3963,-0.043985,0.35792,470.87,353.75,-7066.6,39812
32.19,0,0.088474,-0.36141,0.53343,0.84553,0.39583,-0.043275,0.35571,459.24,356.13,-7060.4,41794
32.197,0,-0.019963,-0.28983,0.50295,0.84672,0.39535,-0.042558,0.35349,455.52,346.53,-7071.5,41954
32.204,0,0.07879,-0.27999,0.43185,0.8479,0.39487,-0.041832,0.35127,451.39,335.09,-7057.7,39644
32.211,0,0.25861,-0.30593,0.45031,0.84907,0.3944,-0.041099,0.34905,449.34,357.96,-7049.7,40099
32.218,0,0.080336,-0.32781,0.47535,0.85024,0.39393,-0.040357,0.34682,453.75,357.7,-7077.9,42412
32.225,0,0.0044102,-0.4391,0.35129,0.8514,0.39346,-0.039608,0.34458,461.41,338.58,-7048.3,39627
32.232,0,0.12112,-0.38397,0.42375,0.85255,0.393,-0.038851,0.34234,456.73,341.85,-7066.3,39712
32.239,0,-0.12651,-0.19657,0.56344,0.8537,0.39253,-0.038086,0.3401,448.53,343.56,-7062.5,39822
32.246,0,0.099485,-0.17698,0.38662,0.85484,0.39207,-0.037313,0.33785,463.21,346.45,-7067.1,41387
32.253,0,0.097278,-0.13515,0.40229,0.85597,0.39161,-0.036532,0.3356,437.37,332.42,-7066.5,41203
32.26,0,0.045393,-0.13819,0.36127,0.85709,0.39116,-0.035743,0.33334,460.14,348.73,-7057.8,41422
32.267,0,-0.075637,-0.23947,0.38914,0.85821,0.3907,-0.034946,0.33107,465.06,368.33,-7067.4,41635
32.274,0,0.18892,-0.20535,0.33951,0.85932,0.39025,-0.034142,0.32881,451.28,351.07,-7068.3,40360
32.281,0,0.090194,-0.37363,0.27905,0.86042,0.3898,-0.033329,0.32653,454.48,346.2,-7055,40410
32.288,0,-0.032585,-0.36278,0.41194,0.86152,0.38935,-0.032508,0.32425,466.79,350.65,-7042.2,40505
32.295,0,0.038655,-0.33028,0.44676,0.8626,0.3889,-0.031679,0.32197,452.41,340.02,-7071,39935
32.302,0,0.088871,-0.37855,0.30711,0.86368,0.38846,-0.030843,0.31969,450.2,345.61,-7052.4,41201
32.309,0,-0.035223,-0.2813,0.38006,0.86476,0.38802,-0.029998,0.31739,471.23,333.69,-7071.9,39760
32.317,0,0.14518,-0.31578,0.55297,0.86582,0.38758,-0.029145,0.3151,478.82,348.75,-7056.6,40616
32.324,0,0.13413,-0.30276,0.43539,0.86688,0.38714,-0.028284,0.3128,466.04,336.25,-7053,40382
32.331,0,0.14011,-0.27257,0.35491,0.86793,0.38671,-0.027415,0.31049,453.44,356.36,-7051.6,41117
32.338,0,0.012989,-0.27892,0.62113,0.86897,0.38628,-0.026538,0.30818,449.06,345.21,-7060.6,40940
32.345,0,0.074029,-0.28265,0.55595,0.87001,0.38585,-0.025653,0.30586,456.03,357.46,-7061.8,41413
32.352,0,0.12137,-0.28854,0.38227,0.87103,0.38542,-0.02476,0.30354,472.84,340.18,-7046.2,39793
32.359,0,0.12709,-0.27955,0.53383,0.87205,0.385,-0.023858,0.30122,465.63,355.56,-7074.4,40244
32.366,0,0.15542,-0.20691,0.56037,0.87306,0.38458,-0.022949,0.29889,448.9,355.42,-7043.4,40303
32.373,0,0.12214,-0.3811,0.55883,0.87407,0.38416,-0.022031,0.29655,436.28,370.97,-7046.2,40112
32.38,0,0.0076313,-0.15956,0.37714,0.87506,0.38374,-0.021105,0.29421,467.88,354.31,-7063.5,41030
32.387,0,0.027151,-0.30778,0.52006,0.87605,0.38333,-0.020172,0.29187,471.63,368.81,-7068.1,42226
32.394,1,0.087214,-0.15366,0.49995,0.87703,0.38292,-0.01923,0.28952,451.06,341.81,-7049.1,42150
32.401,0,-0.066604,-0.21184,0.56528,0.878,0.38251,-0.018279,0.28717,475.71,338.94,-7056.9,41275
32.408,0,-0.10154,-0.3027,0.39974,0.87897,0.3821,-0.017321,0.28481,453.03,356.27,-7062.1,39633
32.415,0,0.12701,-0.34182,0.58189,0.87992,0.3817,-0.016354,0.28245,456.78,366.2,-7079.9,41693
32.422,0,-0.025864,-0.13124,0.42518,0.88087,0.3813,-0.01538,0.28008,445.81,334.16,-7055.2,40765
32.429,0,0.062686,-0.22461,0.41573,0.88181,0.3809,-0.014397,0.2777,451.79,334.97,-7058,37895
32.436,0,0.020753,-0.31276,0.50363,0.88274,0.38051,-0.013405,0.27533,455.23,363,-7053.2,41324
32.443,0,-0.095516,-0.36827,0.55406,0.88366,0.38011,-0.012406,0.27295,472.42,344.56,-7058.4,42019
32.45,0,-0.014514,-0.31368,0.54204,0.88458,0.37972,-0.011398,0.27056,460.11,355.55,-7053.6,39420
32.457,0,0.14432,-0.34632,0.58453,0.88548,0.37934,-0.010383,0.26817,468.73,348.08,-7055.9,39969
32.464,0,-0.069432,-0.19471,0.47424,0.88638,0.37895,-0.0093586,0.26577,461.25,321.76,-7064.4,41174
32.471,0,0.086779,-0.26477,0.55567,0.88727,0.37857,-0.0083263,0.26337,461.69,339.21,-7063.4,40978
32.479,0,0.19473,-0.23841,0.5627,0.88815,0.37819,-0.0072857,0.26096,448.26,339.74,-7062.5,40469
32.486,0,0.023011,-0.24116,0.32016,0.88902,0.37782,-0.0062369,0.25855,479.23,368.43,-7041.7,39820
32.493,0,-0.13935,-0.35077,0.41355,0.88989,0.37744,-0.0051799,0.25614,479.11,346.72,-7070.2,39553
32.5,0,0.11716,-0.18151,0.4216,0.89074,0.37707,-0.0041145,0.25372,467.25,352.17,-7073.7,38480
32.507,0,0.23915,-0.30836,0.68335,0.89159,0.37671,-0.0030409,0.25129,469.76,348.19,-7059,41260
32.514,0,-0.01928,-0.30078,0.62883,0.89243,0.37634,-0.0019591,0.24887,466.77,358.74,-7061.4,41114
32.521,0,0.035992,-0.13223,0.51456,0.89326,0.37598,-0.00086892,0.24643,477.09,339.09,-7058,40921
32.528,0,0.076803,-0.39152,0.5369,0.89408,0.37562,0.00022951,0.24399,462.73,346.73,-7053.2,40459
32.535,0,-0.02467,-0.28584,0.74547,0.89489,0.37527,0.0013362,0.24155,453.64,344.86,-7060,41114
32.542,0,0.10601,-0.21507,0.50661,0.89569,0.37492,0.0024512,0.2391,476.66,348.99,-7065.2,40897
32.549,0,0.23032,-0.15514,0.44537,0.89648,0.37457,0.0035745,0.23665,463.42,370.14,-7066.1,41418
32.556,0,0.094585,-0.12314,0.62415,0.89727,0.37422,0.0047061,0.23419,447.5,371.09,-7049.5,40591
32.563,0,0.16534,-0.17341,0.65632,0.89804,0.37388,0.005846,0.23173,463.96,350,-7069.4,40942
32.57,0,0.068074,-0.32491,0.32913,0.89881,0.37354,0.0069942,0.22926,457.15,351.53,-7073.2,41649
32.577,0,0.12905,-0.18608,0.498,0.89957,0.3732,0.0081507,0.22679,458.72,337.47,-7047.2,39667
32.584,0,-0.012324,-0.14979,0.56051,0.90031,0.37287,0.0093155,0.22432,479.91,367.3,-7052.7,40168
32.591,0,-0.02964,-0.43739,0.55509,0.90105,0.37254,0.010489,0.22184,448.35,341.24,-7045.4,39598
32.598,0,0.06382,-0.19422,0.59425,0.90178,0.37221,0.01167,0.21935,451.3,344.75,-7076.6,40065
32.605,0,0.044683,-0.18879,0.49311,0.9025,0.37188,0.01286,0.21686,457.1,362.04,-7070.5,41867
32.612,0,-0.005172,-0.20682,0.68544,0.90321,0.37156,0.014058,0.21437,460.99,348.05,-7058.3,40944
32.619,0,0.24191,-0.11493,0.524,0.90391,0.37124,0.015264,0.21187,463.93,357.24,-7063.6,41993
32.626,0,0.034396,-0.2929,0.67865,0.9046,0.37093,0.016478,0.20937,467.26,373.63,-7053.5,42147
32.633,0,0.021736,-0.29051,0.51621,0.90528,0.37062,0.017701,0.20686,475.56,348.43,-7063.1,41251
32.641,0,-0.18956,-0.17102,0.45165,0.90595,0.37031,0.018933,0.20435,454.39,348.92,-7046.4,40735
32.648,0,0.26352,-0.25024,0.54864,0.90662,0.37001,0.020172,0.20183,466.87,352.54,-7076.1,39881
32.655,0,0.048894,-0.13783,0.60944,0.90727,0.3697,0.02142,0.19931,462.59,359.29,-7058.2,40954
32.662,0,0.078289,-0.13751,0.60955,0.90791,0.36941,0.022676,0.19678,458.99,337.5,-7055,43348
32.669,0,0.23377,-0.27543,0.728,0.90854,0.36911,0.02394,0.19425,463.44,354.29,-7059.4,41070
32.676,0,-0.012243,-0.13332,0.71066,0.90916,0.36882,0.025213,0.19172,472.37,341.2,-7043.3,40556
32.683,0,0.095227,-0.3558,0.56977,0.90978,0.36853,0.026494,0.18918,472.34,349.17,-7051.8,39641
32.69,0,-0.026133,-0.31057,0.63204,0.91038,0.36825,0.027783,0.18664,467.72,351.54,-7056,42307
32.697,0,-0.16298,-0.14912,0.79787,0.91097,0.36797,0.02908,0.18409,475.38,362.05,-7073.3,39676
32.704,0,0.096226,-0.22192,0.48253,0.91155,0.36769,0.030386,0.18153,468.14,337.85,-7047.5,41521
32.711,0,-0.018094,-0.18822,0.48204,0.91212,0.36741,0.0317,0.17898,468.82,368.03,-7056.6,40239
32.718,0,-0.044966,-0.24212,0.59582,0.91268,0.36714,0.033022,0.17642,464.2,357.46,-7055.1,42592
32.725,0,-0.062189,-0.20839,0.67334,0.91323,0.36688,0.034352,0.17385,483.72,340.69,-7042.4,40589
32.732,0,-0.042573,-0.36302,0.63851,0.91377,0.36661,0.035691,0.17128,463.83,354.84,-7040.8,41127
32.739,0,0.14614,-0.20063,0.54171,0.9143,0.36635,0.037037,0.16871,477.61,346.96,-7059.3,42437
32.746,0,0.019235,-0.32697,0.68684,0.91482,0.3661,0.038392,0.16613,459.33,352.78,-7065.3,41337
32.753,0,0.039501,-0.20424,0.81219,0.91533,0.36585,0.039756,0.16354,473.29,342.82,-7064.1,38468
32.76,0,0.067928,-0.35381,0.64893,0.91583,0.3656,0.041127,0.16096,476.66,351.61,-7057.2,41000
32.767,0,-0.011194,-0.33268,0.55832,0.91631,0.36535,0.042506,0.15836,473.72,358.89,-7030.5,41377
32.774,0,0.071769,-0.18405,0.53623,0.91679,0.36511,0.043894,0.15577,468.13,340.77,-7061,38947
32.781,0,0.048181,-0.3015,0.59827,0.91725,0.36487,0.04529,0.15317,460.73,355.85,-7047.5,42623
32.788,0,0.085769,-0.34192,0.69533,0.91771,0.36464,0.046694,0.15056,465,352.73,-7057.8,40116
32.795,0,0.10821,-0.16096,0.44796,0.91815,0.36441,0.048106,0.14796,470.68,353.01,-7061.6,41844
32.803,0,0.14324,0.0033191,0.6302,0.91858,0.36418,0.049526,0.14534,435.74,354.02,-7061.1,40628
32.81,0,0.13117,-0.39734,0.65709,0.919,0.36396,0.050954,0.14273,461.32,367.61,-7042.5,41769
32.817,0,-0.064134,-0.10183,0.4835,0.91941,0.36374,0.052391,0.14011,464.92,358.48,-7067.9,42225
32.824,0,-0.01167,-0.16034,0.55874,0.91981,0.36352,0.053835,0.13748,459.44,354.42,-7046.2,39949
32.831,0,0.15678,-0.27729,0.70459,0.9202,0.36331,0.055287,0.13485,449.2,353.2,-7053.9,40237
32.838,0,-0.06834,-0.19567,0.75863,0.92057,0.36311,0.056748,0.13222,464.53,343.91,-7041.5,41183
32.845,0,0.012735,-0.2578,0.71067,0.92093,0.3629,0.058216,0.12958,473.39,363.36,-7070.6,41002
32.852,0,-0.18049,-0.11043,0.74577,0.92129,0.3627,0.059693,0.12694,463.37,355.3,-7062.3,39032
32.859,0,-0.017723,-0.16886,0.5698,0.92163,0.36251,0.061177,0.12429,455.28,349.1,-7058,40856
32.866,0,0.15709,0.012268,0.77634,0.92196,0.36232,0.062669,0.12164,463.22,358.21,-7074.4,40473
32.873,0,-0.093912,-0.0068112,0.6333,0.92227,0.36213,0.06417,0.11899,449.86,347.46,-7070.3,40739
32.88,0,-0.050711,-0.15709,0.534,0.92258,0.36195,0.065678,0.11633,484.21,372.65,-7064.3,40907
32.887,0,-0.086537,-0.21493,0.72207,0.92287,0.36177,0.067194,0.11367,461.86,354.66,-7044.7,41941
32.894,0,0.054677,-0.22897,0.5829,0.92315,0.36159,0.068718,0.11101,467.15,331.03,-7040,41671
32.901,0,-0.047627,-0.10022,0.54569,0.92342,0.36142,0.070249,0.10834,470.43,368.66,-7037.4,41107
32.908,0,-0.030076,-0.087002,0.8407,0.92368,0.36125,0.071789,0.10567,465.67,339.75,-7050.5,41306
32.915,0,-0.071842,-0.046937,0.68332,0.92392,0.36109,0.073336,0.10299,466.41,341.08,-7043.4,41482
32.922,0,-0.10487,-0.1419,0.57817,0.92415,0.36093,0.074891,0.10031,467.59,353.43,-7047.6,40570
32.929,0,0.014897,-0.14904,0.69272,0.92437,0.36078,0.076454,0.097628,446.89,353.31,-7060.5,41975
32.936,0,0.072161,-0.14578,0.65017,0.92458,0.36063,0.078024,0.094941,450.94,370.33,-7067.4,41185
32.943,0,-0.012762,-0.075815,0.69452,0.92477,0.36048,0.079602,0.09225,464.52,344.55,-7043.4,42042
32.95,0,0.15452,-0.28988,0.75063,0.92496,0.36034,0.081188,0.089556,453.65,357.11,-7069.8,42402
32.957,0,0.15471,0.067579,0.68908,0.92513,0.3602,0.082782,0.086858,480.42,359.61,-7055.8,38774
32.965,0,0.0052541,-0.046497,0.57977,0.92528,0.36007,0.084383,0.084156,465.51,346.09,-7067,40783
32.972,0,0.049121,-0.40239,0.51753,0.92543,0.35994,0.085991,0.081451,444.44,327.4,-7041.6,41696
32.979,0,0.18984,-0.30521,0.82619,0.92556,0.35982,0.087607,0.078743,462.26,356.14,-7049,40137
32.986,0,0.09745,-0.073146,0.94473,0.92568,0.35969,0.089231,0.076031,457.46,347.13,-7059.1,38762
32.993,0,0.0042989,-0.098582,0.87564,0.92578,0.35958,0.090862,0.073316,459.14,379.67,-7052.6,40393
33,0,0.02077,-0.12578,0.62857,0.92587,0.35947,0.0925,0.070597,460.01,358.91,-7046.1,39599
33.007,0,-0.043566,-0.10879,0.85427,0.92595,0.35936,0.094146,0.067876,458.9,338.72,-7046.9,40221
33.014,0,0.054492,-0.10562,0.64847,0.92602,0.35926,0.095799,0.065151,439.78,361.06,-7043.3,42619
33.021,0,0.094597,-0.20822,0.75341,0.92607,0.35916,0.097459,0.062422,484.63,365.32,-7038.9,41796
33.028,0,0.10927,-0.17734,0.88535,0.92611,0.35907,0.099127,0.059691,476.8,353.02,-7050.6,40740
33.035,0,0.018304,-0.26729,0.65457,0.92614,0.35898,0.1008,0.056956,468.31,366.53,-7060.7,40933
33.042,0,0.044913,-0.2372,0.8149,0.92615,0.35889,0.10248,0.054219,463.81,371.26,-7058.3,39784
33.049,0,0.061491,-0.18444,0.54864,0.92615,0.35881,0.10417,0.051478,479.75,370.12,-7058.7,40779
33.056,0,0.090579,-0.057072,0.74298,0.92613,0.35874,0.10587,0.048734,465.07,350.84,-7055.6,40325
33.063,0,-0.090942,-0.093538,0.52868,0.92611,0.35867,0.10757,0.045988,455.35,371.99,-7054.4,40542
33.07,0,0.22776,-0.19409,0.74132,0.92606,0.3586,0.10928,0.043238,467.38,357.62,-7040.9,41784
33.077,0,0.032569,0.10432,0.58651,0.92601,0.35854,0.111,0.040486,482.57,357.08,-7050.1,40271
33.084,0,0.14196,-0.08714,0.84173,0.92594,0.35848,0.11272,0.037731,492.06,362.49,-7040.2,42267
33.091,0,-0.0051211,-0.024109,0.67421,0.92585,0.35843,0.11446,0.034973,445.22,352.68,-7054.8,40882
33.098,1,0.06573,-0.094955,0.80602,0.92575,0.35838,0.11619,0.032212,474.06,361.46,-7041.2,40292
33.105,0,-0.33953,-0.21342,0.63673,0.92564,0.35834,0.11794,0.029449,468.54,355.91,-7048.1,41565
33.112,0,-0.088548,0.087228,0.69057,0.92552,0.3583,0.11969,0.026683,454.44,340.95,-7075.5,42454
33.119,0,0.035538,-0.043842,0.63972,0.92538,0.35827,0.12145,0.023914,457.39,359.67,-7059.1,39951
33.127,0,0.21645,-0.14785,0.75414,0.92522,0.35824,0.12321,0.021143,479.08,354.47,-7045.5,39845
33.134,0,0.0043692,-0.11912,0.48124,0.92505,0.35822,0.12498,0.01837,452.43,371,-7060.3,42688
33.141,0,-0.024476,-0.1766,0.76485,0.92487,0.3582,0.12676,0.015594,456.69,359.27,-7031.8,40844
33.148,0,-0.086032,-0.085486,0.61822,0.92467,0.35819,0.12855,0.012816,472.94,368.57,-7053.6,42269
33.155,0,0.059277,-0.035751,0.68384,0.92446,0.35818,0.13034,0.010035,478.05,350,-7059.6,39335
33.162,0,0.14745,-0.063274,0.44927,0.92423,0.35818,0.13214,0.0072529,469.94,337.81,-7045.9,40099
33.169,0,0.19838,-0.031567,0.76285,0.92399,0.35818,0.13394,0.0044681,471.83,360.06,-7041,40985
33.176,0,-0.076585,-0.081487,0.65487,0.92373,0.35818,0.13575,0.0016811,475.4,361.63,-7043.1,41174
33.183,0,-0.018022,-0.031217,0.75416,0.92346,0.35819,0.13756,-0.0011078,450.27,369.26,-7044,40478
33.19,0,-0.0042435,-0.11898,0.68291,0.92317,0.35821,0.13939,-0.0038988,450.1,358.41,-7038.2,40160
33.197,0,0.027123,-0.070865,0.83858,0.92287,0.35823,0.14121,-0.0066916,460.59,353.12,-7056.4,42211
33.204,0,0.020395,0.089455,0.52947,0.92255,0.35826,0.14305,-0.0094864,476.2,353.57,-7043.1,41587
33.211,0,-0.03519,-0.14121,0.70468,0.92222,0.35829,0.14489,-0.012283,459.06,346.96,-7033.3,39465
33.218,0,0.042245,-0.056531,0.46151,0.92187,0.35833,0.14674,-0.015081,457.6,349.75,-7054.4,42672
33.225,0,-0.014934,0.036581,0.46092,0.92151,0.35837,0.14859,-0.017881,480.24,355.24,-7033,43347
33.232,0,0.071709,-0.052492,0.68299,0.92113,0.35842,0.15044,-0.020683,473.31,359.78,-7050.3,41000
33.239,0,-0.039937,-0.023898,0.70894,0.92073,0.35847,0.15231,-0.023486,490.12,382.55,-7044.4,42050
33.246,0,0.099251,-0.16664,0.59944,0.92033,0.35852,0.15418,-0.02629,456.86,364.31,-7082.2,42254
33.253,0,0.11514,0.14844,0.52345,0.9199,0.35859,0.15605,-0.029096,461.24,365.03,-7042.3,41110
33.26,0,-0.14896,-0.019011,0.57973,0.91946,0.35865,0.15793,-0.031904,458.86,355.86,-7033.4,42168
33.267,0,-0.077565,0.046505,0.73312,0.919,0.35873,0.15982,-0.034712,477.55,354.83,-7046.7,40364
33.274,0,-0.18038,0.007111,0.6782,0.91853,0.35881,0.16171,-0.037522,470.04,367.86,-7055.4,42207
33.282,0,0.11813,-0.04681,0.54801,0.91804,0.35889,0.1636,-0.040333,469.57,357.87,-7046,39422
33.289,0,0.042746,0.00608,0.53808,0.91754,0.35898,0.1655,-0.043145,467.67,356.23,-7036.9,40192
33.296,0,0.026249,-0.16949,0.58075,0.91702,0.35907,0.16741,-0.045958,452.98,344.56,-7027.9,40664
33.303,0,-0.041696,-0.094425,0.66651,0.91649,0.35917,0.16932,-0.048771,471.9,358.4,-7043.6,41097
33.31,0,-0.03251,-0.089637,0.5611,0.91594,0.35928,0.17124,-0.051586,454.51,367.94,-7047.6,41881
33.317,0,-0.075418,0.036189,0.51858,0.91537,0.35939,0.17316,-0.054401,483.79,351.2,-7055.3,40853
33.324,0,-0.057487,-0.13064,0.67656,0.91478,0.3595,0.17508,-0.057217,466.44,359.95,-7041.4,41094
33.331,0,-0.063139,-0.0021706,0.65196,0.91418,0.35962,0.17701,-0.060034,468.63,350.22,-7039.7,42050
33.338,0,0.015285,-0.099748,0.6632,0.91357,0.35975,0.17895,-0.062851,460.29,362.74,-7031.1,40314
33.345,0,0.12584,0.025925,0.58623,0.91294,0.35988,0.18089,-0.065669,464.99,363.07,-7051.2,41186
33.352,0,-0.0069902,0.0068223,0.58736,0.91229,0.36002,0.18283,-0.068487,472.43,353.48,-7032.7,41197
33.359,0,0.0081707,-0.0047542,0.47228,0.91162,0.36016,0.18478,-0.071305,480.18,350.15,-7057.1,40851
33.366,0,-0.092372,-0.047146,0.48382,0.91094,0.36031,0.18673,-0.074123,462.3,356.74,-7049.6,41469
33.373,0,-0.015341,0.023146,0.4291,0.91024,0.36047,0.18869,-0.076942,479.2,348.32,-7073.5,40634
33.38,0,-0.051079,0.04754,0.52957,0.90953,0.36063,0.19065,-0.07976,461.6,354.47,-7050.1,43488
33.387,0,-0.052208,-0.039914,0.49109,0.9088,0.36079,0.19262,-0.082579,470.4,368.99,-7038.4,41126
33.394,0,0.01395,-0.021465,0.67502,0.90805,0.36096,0.19459,-0.085397,472.66,327.53,-7024.8,41086
33.401,0,0.095983,-0.036453,0.47094,0.90728,0.36114,0.19656,-0.088215,473.08,352.68,-7042.1,41361
33.408,0,-0.10088,-0.073821,0.60852,0.9065,0.36132,0.19853,-0.091033,482.22,367.33,-7035.3,41196
33.415,0,-0.022715,-0.075669,0.64181,0.9057,0.36151,0.20051,-0.09385,480.4,371.5,-7043.6,40679
33.422,0,0.066979,0.063654,0.39002,0.90489,0.3617,0.2025,-0.096667,459.59,331.7,-7037.2,40264
33.429,0,-0.029355,-0.011335,0.46216,0.90406,0.3619,0.20448,-0.099484,486.25,371.9,-7039.3,43108
33.436,0,-0.030117,0.11974,0.42005,0.90321,0.36211,0.20648,-0.1023,471.6,360.25,-7043.6,42017
33.444,0,0.089821,-0.018512,0.50646,0.90234,0.36232,0.20847,-0.10511,465.05,370.07,-7045.5,40330
33.451,0,-0.063738,0.025859,0.40935,0.90146,0.36253,0.21047,-0.10793,470.21,342.5,-7037.3,40412
33.458,0,-0.1014,-0.090215,0.49259,0.90056,0.36276,0.21247,-0.11074,474.81,370.32,-7029.4,40110
33.465,0,0.046441,-0.12298,0.39916,0.89964,0.36299,0.21447,-0.11355,465.4,350.63,-7048.5,41165
33.472,0,-0.019589,-0.085122,0.48523,0.8987,0.36322,0.21647,-0.11636,467.59,357.88,-7058.7,41403
33.479,0,-0.021595,0.23675,0.59456,0.89775,0.36346,0.21848,-0.11917,453.35,346.51,-7050.4,40715
33.486,0,-0.070657,0.068629,0.59234,0.89678,0.36371,0.22049,-0.12198,477.04,362.24,-7047.7,39287
33.493,0,-0.11603,0.034458,0.53307,0.8958,0.36396,0.22251,-0.12479,453.5,359.48,-7029.3,41773
33.5,0,-0.035345,0.021802,0.5127,0.89479,0.36421,0.22452,-0.12759,457.91,355.27,-7038.5,42442
33.507,0,0.0027413,-0.061258,0.52394,0.89377,0.36448,0.22654,-0.1304,457.05,360.77,-7054,39236
33.514,0,0.1516,0.20843,0.5293,0.89274,0.36475,0.22856,-0.1332,479.63,365.53,-7057,40570
33.521,0,0.039307,0.1089,0.32704,0.89168,0.36502,0.23058,-0.136,454.63,367.58,-7032,40374
33.528,0,-0.048585,0.0118,0.63309,0.89061,0.3653,0.23261,-0.1388,466.69,362.41,-7029.9,39762
33.535,0,-0.11682,0.030826,0.33965,0.88952,0.36559,0.23463,-0.14159,464.2,354.56,-7040.8,41256
33.542,0,0.092827,0.070591,0.42881,0.88841,0.36589,0.23666,-0.14439,484.3,355.27,-7032.2,39772
33.549,0,-0.10622,-0.066018,0.61127,0.88728,0.36618,0.23869,-0.14718,472.15,345.54,-7065.5,39031
33.556,0,-0.099357,-0.0020294,0.3146,0.88614,0.36649,0.24072,-0.14997,478.77,358.81,-7045.7,42209
33.563,0,0.010837,0.088562,0.28115,0.88498,0.3668,0.24275,-0.15276,490.29,374.42,-7049.8,40118
33.57,0,-0.00025758,0.27116,0.42265,0.8838,0.36712,0.24478,-0.15554,465.86,366.85,-7041.1,39977
33.577,0,-0.014859,0.13505,0.49631,0.88261,0.36744,0.24682,-0.15832,472.73,357,-7038.8,39373
33.584,0,-0.080333,0.085734,0.5561,0.8814,0.36777,0.24885,-0.1611,454.73,360.38,-7025.1,42007
33.591,0,-0.21761,-0.090845,0.29426,0.88017,0.36811,0.25089,-0.16388,465.06,365.27,-7042.7,41722
33.598,0,0.096263,0.12285,0.52174,0.87892,0.36845,0.25293,-0.16665,457.68,360.46,-7037.9,39949
33.606,0,0.0823,-0.10139,0.28226,0.87765,0.3688,0.25496,-0.16942,481.02,363.16,-7043.1,41373
33.613,0,-0.075565,0.13679,0.39043,0.87637,0.36915,0.257,-0.17219,481.3,375.26,-7037.4,39435
33.62,0,-0.12341,-0.067384,0.55038,0.87507,0.36951,0.25904,-0.17495,475.71,371.81,-7025.9,40130
33.627,0,-0.064377,-0.079432,0.33333,0.87375,0.36988,0.26108,-0.17771,469.39,366.95,-7044.2,40037
33.634,0,-0.088616,0.22477,0.57259,0.87242,0.37025,0.26312,-0.18047,463.17,358.5,-7050.1,39100
33.641,0,-0.080717,0.11433,0.25292,0.87106,0.37063,0.26516,-0.18323,472.2,361.89,-7028.3,41025
33.648,0,-0.15833,0.20552,0.48457,0.86969,0.37102,0.26719,-0.18597,484.92,353.71,-7020.2,41113
33.655,0,0.052653,-0.019731,0.39882,0.86831,0.37141,0.26923,-0.18872,475.59,360.88,-7034.4,40489
33.662,0,-0.078621,-0.0078324,0.47128,0.8669,0.37181,0.27127,-0.19146,457.99,372.92,-7037.3,40112
33.669,0,0.060433,0.050011,0.186,0.86548,0.37221,0.27331,-0.1942,472.97,367.23,-7052.1,41656
33.676,0,-0.020736,0.15188,0.53668,0.86404,0.37262,0.27534,-0.19693,482.95,361.37,-7042.5,39609
33.683,0,-0.23243,-0.014289,0.56682,0.86258,0.37304,0.27738,-0.19966,465.47,368.7,-7030.3,41646
33.69,0,-0.030515,0.013636,0.47003,0.8611,0.37346,0.27941,-0.20239,498.98,350.57,-7040.5,39716
33.697,0,-0.11771,-0.045974,0.20459,0.85961,0.37389,0.28145,-0.20511,476.39,364.14,-7027.7,39655
33.704,0,-0.080373,-0.092466,0.42757,0.8581,0.37432,0.28348,-0.20782,480.61,358.91,-7040.1,39327
33.711,0,-0.042722,-0.0029456,0.26999,0.85657,0.37477,0.28551,-0.21054,481.68,340.11,-7044.8,41608
33.718,0,-0.15548,0.14481,0.2939,0.85502,0.37521,0.28754,-0.21324,478.66,350.14,-7037.6,42948
33.725,0,-0.16421,-0.12016,0.38003,0.85346,0.37567,0.28957,-0.21594,475.11,360.02,-7038.7,38698
33.732,0,-0.060928,0.10218,0.18094,0.85188,0.37613,0.29159,-0.21864,486.72,355.26,-7018.9,40361
33.739,0,0.03319,-0.0030862,0.19221,0.85028,0.3766,0.29361,-0.22133,480.39,370.11,-7038.4,41776
33.746,0,-0.076449,-0.062207,0.43819,0.84867,0.37707,0.29564,-0.22402,476.89,372.84,-7045.3,38942
33.753,0,-0.15543,-0.24362,0.18831,0.84703,0.37755,0.29766,-0.2267,480.12,368.59,-7042.1,41253
33.76,0,0.038007,0.2372,0.12283,0.84538,0.37804,0.29967,-0.22937,463.29,359.11,-7044.9,41200
33.768,0,-0.08168,0.18994,0.24537,0.84372,0.37853,0.30169,-0.23204,474.25,363.42,-7050.1,39333
33.775,0,-0.018114,0.076116,0.16898,0.84203,0.37903,0.3037,-0.2347,462.84,359.24,-7044.6,40530
33.782,0,0.005569,0.078691,0.32685,0.84033,0.37953,0.3057,-0.23736,469.78,360.15,-7031.6,39871
33.789,0,-0.042898,0.060384,0.11411,0.83861,0.38005,0.30771,-0.24001,488.13,361.09,-7025.2,41917
33.796,0,-0.065087,0.094279,0.33208,0.83688,0.38057,0.30971,-0.24266,471.21,356.33,-7027.2,41684
33.803,1,-0.23564,0.17763,0.13522,0.83513,0.38109,0.31171,-0.2453,467.38,361.74,-7044.3,39581
33.81,0,-0.24162,0.15941,0.16163,0.83336,0.38162,0.31371,-0.24793,491.9,356.84,-7041,39348
33.817,0,0.095674,-0.017259,0.18349,0.83157,0.38216,0.3157,-0.25056,463.28,354.66,-7016.6,39959
33.824,0,0.083429,0.2299,0.064193,0.82977,0.3827,0.31768,-0.25318,463.45,359.34,-7043.5,40890
33.831,0,0.050745,0.10173,0.31749,0.82795,0.38326,0.31967,-0.25579,480.41,368.57,-7026.7,40982
33.838,0,-0.040934,0.11771,0.25323,0.82611,0.38381,0.32165,-0.2584,468.74,355.15,-7040,40112
33.845,0,-0.22249,0.026656,0.13143,0.82426,0.38438,0.32362,-0.261,488.17,356.35,-7036.7,41660
33.852,0,-0.24264,0.034889,0.066604,0.82239,0.38495,0.32559,-0.26359,468.71,358.92,-7029.2,40390
33.859,0,-0.1539,-0.0020945,0.32262,0.8205,0.38552,0.32756,-0.26617,477.2,354.87,-7028.2,40111
33.866,0,-0.20814,0.071903,0.23563,0.8186,0.38611,0.32952,-0.26875,473.7,377.62,-7020,41679
33.873,0,-0.1725,-0.17624,0.15764,0.81668,0.3867,0.33147,-0.27132,475.55,367.15,-7052.1,41958
33.88,0,-0.32271,-0.12551,-0.0091319,0.81475,0.38729,0.33343,-0.27389,471.09,364.16,-7033.7,43071
33.887,0,-0.13762,0.066759,0.12421,0.8128,0.3879,0.33537,-0.27644,493.25,342.93,-7010.2,39445
33.894,0,0.004466,0.03799,0.10485,0.81083,0.38851,0.33731,-0.27899,483.86,354.82,-7017.7,41656
33.901,0,0.013835,-0.084512,0.037311,0.80885,0.38912,0.33925,-0.28153,479.35,354.09,-7025.9,38820
33.908,0,-0.3209,0.039241,0.11896,0.80685,0.38975,0.34117,-0.28406,467.46,340.51,-7039.7,39770
33.915,0,-0.16998,0.060475,0.092507,0.80484,0.39038,0.3431,-0.28659,458.22,349.21,-7011.3,41277
33.922,0,-0.040756,0.073906,0.15029,0.80281,0.39101,0.34501,-0.2891,477.53,370.8,-7037,39532
33.93,0,-0.035745,0.20716,-0.0087801,0.80076,0.39165,0.34692,-0.29161,489.54,340.72,-7031.9,40704
33.937,0,-0.14589,0.18299,0.1602,0.7987,0.3923,0.34883,-0.29411,470.43,372.18,-7039.1,41618
33.944,0,-0.021779,0.1275,0.055358,0.79662,0.39296,0.35072,-0.2966,478.41,360.1,-7024.9,42366
33.951,0,-0.0091051,-0.057489,-0.057013,0.79453,0.39362,0.35261,-0.29908,483.48,367.76,-7036.7,41394
33.958,0,-0.051636,-0.054502,0.028281,0.79242,0.39429,0.3545,-0.30156,480.27,364.49,-7020.6,41503
33.965,0,-0.1048,-0.02441,-0.027824,0.7903,0.39496,0.35637,-0.30402,486.14,360.55,-7031,43832
33.972,0,-0.10408,-0.10897,-0.023867,0.78816,0.39565,0.35824,-0.30648,487.81,357.28,-7035.6,41600
33.979,0,-0.12668,0.10653,0.11141,0.78601,0.39633,0.3601,-0.30892,489.88,351.14,-7026.5,38925
33.986,0,0.050873,-0.12191,0.08513,0.78384,0.39703,0.36196,-0.31136,479.01,360.34,-7035.8,39857
33.993,0,-0.13518,-0.13078,-0.049276,0.78166,0.39773,0.3638,-0.31379,479.64,373.33,-7018.6,41049
34,0,-0.0047808,0.046029,-0.057784,0.77946,0.39844,0.36564,-0.31621,461.47,380.42,-7036.3,41410
34.007,0,-0.044913,-0.12073,-0.067506,0.77725,0.39915,0.36747,-0.31862,478.4,377.23,-7020.7,41495
34.014,0,-0.16506,0.0058411,-0.10677,0.77503,0.39987,0.36929,-0.32102,488.93,359.17,-7026.6,41810
34.021,0,-0.11306,-0.12005,-0.25757,0.77279,0.4006,0.37111,-0.32341,477.38,376.71,-7029.2,41037
34.028,0,-0.16288,0.048582,-0.1648,0.77054,0.40133,0.37291,-0.32579,485.31,367.44,-7040.5,40486
34.035,0,0.027374,-0.039152,-0.15442,0.76827,0.40208,0.37471,-0.32816,492.93,359.93,-7024.8,41327
34.042,0,0.10139,0.13095,0.07071,0.76599,0.40282,0.37649,-0.33053,480.85,365.37,-7039.5,40894
34.049,0,0.043684,-0.16525,-0.29297,0.7637,0.40358,0.37827,-0.33288,467.01,350.96,-7033.9,42419
34.056,0,-0.18576,-0.084547,-0.19213,0.76139,0.40434,0.38004,-0.33522,484.65,359.51,-7020,40482
34.063,0,0.012239,0.082653,-0.10246,0.75907,0.4051,0.38179,-0.33755,478.71,368.37,-7024.7,42044
34.07,0,-0.1218,0.001671,-0.0073744,0.75673,0.40588,0.38354,-0.33987,490.1,366.64,-7035.5,39061
34.077,0,-0.23118,-0.074834,-0.16174,0.75439,0.40666,0.38528,-0.34218,470.09,347.52,-7038.1,41745
34.084,0,-0.22856,-0.17364,-0.26605,0.75203,0.40744,0.38701,-0.34448,466.27,359.01,-7031.2,42249
34.092,0,-0.18607,-0.067865,-0.070488,0.74966,0.40824,0.38873,-0.34677,467.79,389.88,-7025.6,39231
34.099,0,-0.35354,-0.040283,-0.16765,0.74727,0.40903,0.39043,-0.34905,473.14,355.65,-7027.5,41160
34.106,0,-0.28185,0.013125,-0.19026,0.74488,0.40984,0.39213,-0.35132,502.58,365.4,-7024.5,41755
34.113,0,-0.22293,-0.024082,-0.25521,0.74247,0.41065,0.39382,-0.35358,482.31,362.54,-7026.5,41248
34.12,0,-0.054327,-0.15489,-0.23581,0.74005,0.41147,0.39549,-0.35582,479.22,363.59,-7026.6,41255
34.127,0,-0.26858,0.026203,-0.22961,0.73761,0.4123,0.39716,-0.35806,480.08,370.73,-7029.9,40274
34.134,0,-0.2169,-0.058619,-0.4106,0.73517,0.41313,0.39881,-0.36028,472.12,366.51,-7020.1,39158
34.141,0,-0.24687,-0.2098,-0.18055,0.73271,0.41397,0.40045,-0.3625,460.85,372.79,-7026.7,40513
34.148,0,-0.16656,-0.13594,-0.2292,0.73025,0.41481,0.40208,-0.3647,479.2,364.39,-7035.1,40809
34.155,0,-0.20739,-0.32677,-0.36503,0.72777,0.41566,0.4037,-0.36689,471.02,378.53,-7029.7,40301
34.162,0,-0.30813,-0.11302,-0.40145,0.72528,0.41652,0.4053,-0.36907,482.46,360.72,-7037.9,41520
34.169,0,-0.25411,-0.059769,-0.18885,0.72278,0.41738,0.4069,-0.37124,493.74,366.85,-7033.5,38516
34.176,0,-0.22541,-0.095937,-0.26942,0.72027,0.41825,0.40848,-0.3734,487.31,381.28,-7037,41201
34.183,0,-0.050755,-0.19855,-0.17026,0.71775,0.41913,0.41005,-0.37554,480.12,361.74,-7027.2,39586
34.19,0,-0.35905,-0.17673,-0.43682,0.71522,0.42001,0.4116,-0.37768,463.93,381.69,-7038.4,39958
34.197,0,-0.19387,-0.092117,-0.21437,0.71268,0.4209,0.41315,-0.3798,462.07,372.44,-7026.2,40646
34.204,0,-0.085284,-0.065452,-0.3913,0.71012,0.4218,0.41468,-0.38191,486.72,353.43,-7047.7,40545
34.211,0,-0.23802,-0.1674,-0.49294,0.70756,0.4227,0.41619,-0.38401,478.94,368.25,-7020.6,40762
34.218,0,-0.21857,-0.1463,-0.37839,0.705,0.42361,0.4177,-0.38609,476.12,374.63,-7032.4,40603
34.225,0,-0.1494,-0.18125,-0.45079,0.70242,0.42452,0.41918,-0.38817,482.1,377.34,-7008.7,39634
34.232,0,-0.32847,-0.33551,-0.36001,0.69983,0.42544,0.42066,-0.39023,489.84,371.47,-7033.9,42044
34.239,0,-0.19525,-0.25829,-0.33672,0.69723,0.42637,0.42212,-0.39228,480.02,367.62,-7027.1,41876
34.246,0,-0.12066,-0.36381,-0.43295,0.69463,0.4273,0.42357,-0.39432,489.15,359.28,-7031.2,39780
34.254,0,-0.36697,-0.42915,-0.44558,0.69201,0.42824,0.425,-0.39635,471.48,373.27,-7028.9,40659
34.261,0,-0.16507,-0.31366,-0.46055,0.68939,0.42919,0.42642,-0.39837,462.07,370.66,-7028,38999
34.268,0,-0.31909,0.017812,-0.47949,0.68676,0.43014,0.42783,-0.40037,484.55,371.65,-7027.9,41293
34.275,0,-0.27226,-0.24823,-0.53945,0.68413,0.4311,0.42922,-0.40236,485.85,366.55,-7038,39770
34.282,0,-0.31336,-0.27492,-0.68737,0.68148,0.43206,0.43059,-0.40434,468.83,368.74,-7036.8,40197
34.289,0,-0.34001,-0.38222,-0.49842,0.67883,0.43303,0.43195,-0.40631,478.13,365.63,-7012.2,40994
34.296,0,-0.34767,-0.066639,-0.40018,0.67617,0.43401,0.4333,-0.40826,493.14,369.13,-7013.6,40455
34.303,0,-0.33983,-0.49249,-0.50471,0.67351,0.43499,0.43463,-0.4102,494.21,368.77,-7036.2,41387
34.31,0,-0.30068,-0.46559,-0.57753,0.67084,0.43598,0.43594,-0.41213,469.17,369.96,-7019.3,39599
34.317,0,-0.10352,-0.17219,-0.60977,0.66816,0.43698,0.43724,-0.41405,488.53,345.04,-7026.6,41048
34.324,0,-0.11497,-0.37336,-0.60681,0.66547,0.43798,0.43852,-0.41595,476.4,355.62,-7024.9,41210
34.331,0,-0.087238,-0.4258,-0.45323,0.66278,0.43898,0.43979,-0.41785,490.64,361.3,-7012.7,41087
34.338,0,-0.12049,-0.24327,-0.46709,0.66009,0.44,0.44104,-0.41973,474.02,386.42,-7014.2,40107
34.345,0,-0.17682,-0.345,-0.60644,0.65739,0.44102,0.44227,-0.42159,471.45,355.43,-7022.5,40112
34.352,0,-0.34642,-0.53761,-0.47712,0.65468,0.44204,0.44349,-0.42345,507.46,379.03,-7026.1,40385
34.359,0,-0.30653,-0.44478,-0.67932,0.65197,0.44307,0.44469,-0.42529,494.64,370.23,-7006.3,41784
34.366,0,-0.2855,-0.37707,-0.84444,0.64925,0.44411,0.44587,-0.42712,482.75,386.58,-7020.7,40468
34.373,0,-0.32351,-0.44176,-0.6118,0.64653,0.44515,0.44704,-0.42894,477.82,374.48,-7006.9,41010
34.38,0,-0.22127,-0.42895,-0.63033,0.64381,0.4462,0.44819,-0.43075,470.95,364.78,-7021.9,40697
34.387,0,-0.10443,-0.57774,-0.51845,0.64108,0.44725,0.44932,-0.43254,488.78,384.12,-7036.8,40510
34.394,0,-0.17584,-0.48987,-0.80323,0.63835,0.44831,0.45044,-0.43432,479.6,368.02,-6998.7,40096
34.401,0,-0.045814,-0.51314,-0.75284,0.63561,0.44938,0.45153,-0.43609,491.82,374.92,-7034.2,41803
34.408,0,-0.41628,-0.49769,-0.57483,0.63288,0.45045,0.45261,-0.43784,468.91,369.84,-7008.6,40628
34.416,0,-0.27048,-0.59188,-0.72361,0.63013,0.45152,0.45367,-0.43959,470.88,371.28,-7032.4,40725
34.423,0,-0.33518,-0.47256,-0.67579,0.62739,0.45261,0.45472,-0.44132,497.11,372.73,-7021.6,40751
34.43,0,-0.28929,-0.56755,-0.71147,0.62464,0.45369,0.45574,-0.44304,489.03,364.65,-7031.5,41275
34.437,0,-0.25817,-0.63578,-0.75547,0.62189,0.45479,0.45675,-0.44474,484.13,374.17,-7026.7,40333
34.444,0,-0.18525,-0.46886,-0.65656,0.61914,0.45589,0.45773,-0.44644,486.85,364.58,-7018.9,41041
34.451,0,-0.49638,-0.45528,-0.74484,0.61639,0.45699,0.4587,-0.44812,483.96,371.23,-7041.2,41084
34.458,0,-0.33192,-0.55711,-0.68078,0.61364,0.4581,0.45965,-0.44979,485.86,368.97,-7013.6,42018
34.465,0,-0.26048,-0.55293,-0.74136,0.61088,0.45922,0.46059,-0.45145,488,374.38,-7023.6,41936
34.472,0,-0.25111,-0.589,-0.77873,0.60813,0.46034,0.4615,-0.45309,491.5,379.53,-7031.4,39787
34.479,0,-0.0723,-0.72926,-0.85297,0.60537,0.46146,0.46239,-0.45472,468.8,382.41,-7014.5,39089
34.486,0,-0.40165,-0.723,-0.8683,0.60261,0.4626,0.46326,-0.45634,471.31,377.07,-7012.6,40315
34.493,0,-0.031093,-0.52538,-0.77503,0.59985,0.46373,0.46412,-0.45795,479.2,365.04,-7008.4,40952
34.5,0,-0.27661,-0.71179,-0.71677,0.5971,0.46487,0.46495,-0.45955,487.05,355.2,-7011.1,41145
34.507,1,-0.32071,-0.54456,-0.96444,0.59434,0.46602,0.46577,-0.46113,497.9,379.54,-7028.2,40446
34.514,0,-0.30007,-0.70262,-0.67734,0.59158,0.46717,0.46656,-0.46271,485.56,360.03,-7013.4,41988
34.521,0,-0.3584,-0.58708,-0.87677,0.58883,0.46833,0.46734,-0.46427,493.09,353.85,-7004.6,41121
34.528,0,-0.2488,-0.51243,-0.89629,0.58607,0.46949,0.46809,-0.46581,479.55,383.84,-7008.9,39323
34.535,0,-0.34085,-0.522,-0.88682,0.58332,0.47066,0.46883,-0.46735,478.52,372.26,-7013.4,41465
34.542,0,-0.39327,-0.58039,-0.65434,0.58057,0.47183,0.46954,-0.46888,465.26,382.36,-7022.4,40160
34.549,0,-0.127,-0.81762,-0.78191,0.57782,0.47301,0.47023,-0.47039,481.38,376.38,-7024.1,40791
34.556,0,-0.25941,-0.6685,-0.89271,0.57507,0.47419,0.4709,-0.47189,465.14,385.5,-7019.6,39429
34.563,0,-0.21489,-0.81149,-0.88532,0.57233,0.47538,0.47156,-0.47338,468.16,362.14,-6994.5,42035
34.571,0,-0.19685,-0.61688,-0.84861,0.56958,0.47657,0.47219,-0.47486,478.29,358.91,-7009.5,40997
34.578,0,-0.18801,-0.77005,-0.85238,0.56684,0.47777,0.4728,-0.47633,493.25,383.04,-7013.7,42370
34.585,0,-0.43569,-0.75227,-0.87534,0.56411,0.47897,0.47338,-0.47778,474.47,375.07,-7016,41836
34.592,0,-0.27724,-0.60032,-0.94082,0.56137,0.48018,0.47395,-0.47923,489.45,369.29,-7020,38888
34.599,0,-0.22149,-0.89536,-0.99254,0.55864,0.48139,0.4745,-0.48066,494.54,379.13,-7025.2,40217
34.606,0,-0.50921,-0.89439,-0.92003,0.55592,0.4826,0.47502,-0.48209,483.2,382.23,-7011.7,40296
34.613,0,-0.21971,-0.92784,-0.93526,0.5532,0.48382,0.47552,-0.4835,492,373.4,-7006.8,40831
34.62,0,-0.44459,-0.85788,-0.78302,0.55048,0.48504,0.476,-0.4849,482.83,366.97,-7010.5,39541
34.627,0,-0.44179,-0.73252,-1.0054,0.54777,0.48627,0.47646,-0.48629,480.74,388.32,-7012.6,40697
34.634,0,-0.40208,-0.86596,-1.0786,0.54506,0.4875,0.4769,-0.48767,500.44,366.94,-7008.2,40462
34.641,0,-0.3771,-1.0613,-0.94986,0.54236,0.48874,0.47731,-0.48904,493.35,363.22,-7014.3,40441
34.648,0,-0.38507,-1.0409,-0.91032,0.53966,0.48998,0.4777,-0.4904,487.35,366.3,-7012.8,40119
34.655,0,-0.25692,-0.92967,-0.91632,0.53697,0.49123,0.47807,-0.49175,486.47,385.49,-7030,39687
34.662,0,-0.3521,-0.88796,-0.88446,0.53428,0.49248,0.47842,-0.49308,476.91,367.62,-7025.8,40343
34.669,0,-0.27883,-1.1981,-1.0506,0.5316,0.49373,0.47874,-0.49441,496.52,382.26,-7033.2,41025
34.676,0,-0.4391,-1.0291,-0.9315,0.52892,0.49499,0.47904,-0.49573,488.44,359.07,-7017.4,39788
34.683,0,-0.45317,-1.0802,-0.90216,0.52626,0.49625,0.47932,-0.49704,471.74,369.09,-7003.1,40237
34.69,0,-0.33795,-1.0433,-1.039,0.5236,0.49751,0.47958,-0.49833,469.33,365.75,-7008.9,40629
34.697,0,-0.27065,-0.97757,-1.0018,0.52094,0.49878,0.47981,-0.49962,475.94,369.19,-7025.8,40729
34.704,0,-0.30222,-1.1347,-1.0533,0.5183,0.50005,0.48002,-0.5009,471.68,366.82,-7014.6,42184
34.711,0,-0.23331,-1.2345,-0.90122,0.51566,0.50132,0.4802,-0.50217,479.81,390.39,-7008.4,42161
34.718,0,-0.18417,-0.9754,-0.88308,0.51303,0.5026,0.48037,-0.50343,505.19,376.73,-7001,40240
34.725,0,-0.41639,-1.0254,-1.0834,0.5104,0.50389,0.48051,-0.50468,491.78,359.57,-7010.8,39959
34.733,0,-0.2761,-1.1264,-1.0949,0.50779,0.50517,0.48062,-0.50592,493.94,361.06,-7010.1,39278
34.74,0,-0.43804,-1.0579,-0.87496,0.50518,0.50646,0.48071,-0.50716,485.68,364.66,-7019,39962
34.747,0,-0.25211,-1.121,-0.98232,0.50258,0.50775,0.48078,-0.50838,492.95,372.04,-6993.1,39965
34.754,0,-0.2755,-1.1677,-1.2161,0.49999,0.50905,0.48083,-0.5096,473.71,359.07,-7007.8,42951
34.761,0,-0.35329,-1.0389,-1.0412,0.49741,0.51034,0.48085,-0.5108,493.37,355.54,-7012.8,41541
34.768,0,-0.35406,-1.2075,-1.0738,0.49484,0.51164,0.48084,-0.512,484.72,372.65,-7009,41141
34.775,0,-0.37074,-1.319,-1.0457,0.49227,0.51295,0.48082,-0.51319,488.12,371.37,-7032.8,40817
34.782,0,-0.42669,-1.1601,-0.82278,0.48972,0.51425,0.48077,-0.51437,503.77,355.62,-7003.6,41294
34.789,0,-0.326,-0.98201,-1.0202,0.48718,0.51556,0.48069,-0.51555,481.73,367.57,-7003.5,41325
34.796,0,-0.1701,-1.3671,-1.0112,0.48464,0.51688,0.48059,-0.51671,480.63,376.39,-7010.2,41585
34.803,0,-0.49063,-1.1608,-1.1447,0.48212,0.51819,0.48047,-0.51787,472.55,366.81,-7013.4,39742
34.81,0,-0.37166,-1.1471,-1.1259,0.47961,0.51951,0.48032,-0.51902,480.08,386.11,-7016.6,40098
34.817,0,-0.39952,-1.3804,-0.77769,0.47711,0.52082,0.48014,-0.52017,478.04,363.64,-7004.3,40915
34.824,0,-0.48628,-1.2993,-0.96851,0.47461,0.52215,0.47994,-0.5213,504.77,383.56,-7019.9,40707
34.831,0,-0.36323,-1.3583,-1.1282,0.47213,0.52347,0.47972,-0.52243,487.62,373.89,-7011.4,40396
34.838,0,-0.35899,-1.3732,-1.1461,0.46966,0.52479,0.47947,-0.52356,497.33,386.71,-7014.7,41082
34.845,0,-0.19843,-1.3956,-1.1155,0.46721,0.52612,0.4792,-0.52467,501.07,367.2,-7007.8,40588
34.852,0,-0.35387,-1.3712,-0.93805,0.46476,0.52745,0.4789,-0.52578,497.99,371.3,-6989.1,40602
34.859,0,-0.19033,-1.3125,-1.1569,0.46232,0.52878,0.47858,-0.52689,485.32,372.3,-7019.6,39954
34.866,0,-0.53186,-1.2571,-0.95989,0.4599,0.53011,0.47823,-0.52798,501.67,358.94,-7013,41517
34.873,0,-0.41033,-1.4957,-1.1608,0.45749,0.53144,0.47786,-0.52907,463.15,373.54,-7019.1,40129
34.88,0,-0.47176,-1.3472,-1.0153,0.45509,0.53278,0.47746,-0.53016,485.11,387.85,-7001.2,39502
34.887,0,-0.20196,-1.4757,-1.0747,0.4527,0.53412,0.47704,-0.53124,494.05,359.85,-6992.3,41189
34.895,0,-0.35652,-1.4064,-1.0003,0.45033,0.53545,0.47659,-0.53231,499.27,387.64,-7011.2,41331
34.902,0,-0.44644,-1.4625,-0.91944,0.44797,0.53679,0.47612,-0.53338,482.03,382.4,-7013.8,41238
34.909,0,-0.4062,-1.5991,-1.2367,0.44562,0.53813,0.47562,-0.53444,486.5,374.64,-7007.4,42384
34.916,0,-0.40958,-1.4918,-1.0567,0.44328,0.53947,0.47509,-0.5355,494.47,370.94,-7012.2,41333
34.923,0,-0.53571,-1.5336,-1.0778,0.44096,0.54081,0.47454,-0.53656,499.99,374.02,-7000.2,40869
34.93,0,-0.38527,-1.5755,-1.1625,0.43865,0.54215,0.47396,-0.5376,495.03,373.42,-7018.3,41657
34.937,0,-0.40686,-1.5538,-1.011,0.43635,0.54349,0.47336,-0.53865,485.17,369.99,-7012.5,41356
34.944,0,-0.50602,-1.6378,-0.77033,0.43407,0.54484,0.47273,-0.53969,481.08,364.81,-7006.3,40512
34.951,0,-0.40857,-1.5261,-0.9585,0.4318,0.54618,0.47208,-0.54072,477.76,383.21,-7004.7,42434
34.958,0,-0.30646,-1.44,-1.107,0.42954,0.54752,0.4714,-0.54175,504.9,359.79,-7006,40654
34.965,0,-0.42648,-1.5044,-1.1312,0.4273,0.54886,0.47069,-0.54278,509.81,369.36,-6988.1,39721
34.972,0,-0.61155,-1.6165,-1.0571,0.42507,0.5502,0.46996,-0.54381,486.01,369.19,-7001.3,40649
34.979,0,-0.57872,-1.4423,-1.1017,0.42286,0.55155,0.4692,-0.54483,504.47,395.93,-7005.6,41807
34.986,0,-0.42205,-1.5793,-0.88248,0.42066,0.55289,0.46842,-0.54584,485.17,409.57,-7008.5,41218
34.993,0,-0.44244,-1.6917,-0.85186,0.41847,0.55423,0.46761,-0.54686,496.54,368.59,-7015.7,41007
35,0,-0.45806,-1.7381,-0.89567,0.4163,0.55557,0.46677,-0.54787,479.21,382.03,-6999.8,40883
35.007,0,-0.60875,-1.6653,-1.1138,0.41414,0.55691,0.46591,-0.54888,504.54,362.81,-7002.7,42402
35.014,0,-0.53101,-1.7754,-1.017,0.412,0.55824,0.46502,-0.54988,494.85,359.57,-7012.9,41894
35.021,0,-0.3885,-1.7995,-0.91764,0.40987,0.55958,0.46411,-0.55089,489.65,374.98,-7009.6,41669
35.028,0,-0.47999,-1.6424,-0.93933,0.40776,0.56092,0.46317,-0.55189,477.86,378.72,-7005.9,41241
35.035,0,-0.50489,-1.8429,-0.90736,0.40566,0.56225,0.4622,-0.55289,509.67,392.95,-7003.4,41747
35.042,0,-0.49212,-1.7734,-1.0509,0.40358,0.56358,0.46121,-0.55389,492.22,368.11,-7004.8,42907
35.049,0,-0.43349,-1.7627,-1.0092,0.40151,0.56491,0.46019,-0.55488,491.33,387.6,-7022.3,42095
35.057,0,-0.56258,-1.6819,-0.95997,0.39945,0.56624,0.45914,-0.55588,500.41,376.33,-7010.9,41915
35.064,0,-0.20206,-1.9035,-0.8404,0.39741,0.56757,0.45807,-0.55687,479.09,386.7,-7018.4,40453
35.071,0,-0.4904,-1.7286,-0.85262,0.39539,0.56889,0.45697,-0.55786,481.6,373.97,-6984.8,42777
35.078,0,-0.57823,-1.7867,-0.88408,0.39338,0.57021,0.45584,-0.55885,494.93,370.45,-7006.3,42080
35.085,0,-0.44356,-1.9716,-0.83828,0.39139,0.57153,0.45469,-0.55984,506.39,375.1,-7007,42746
35.092,0,-0.34126,-1.7669,-0.90027,0.38941,0.57285,0.45351,-0.56083,475.93,379.72,-7004.3,41584
35.099,0,-0.47156,-1.7054,-0.89105,0.38745,0.57416,0.4523,-0.56182,477.51,384.81,-6992.7,39629
35.106,0,-0.44637,-1.9443,-0.94435,0.3855,0.57547,0.45107,-0.56281,483.5,359.2,-7002.7,41745
35.113,0,-0.46297,-1.7876,-0.78457,0.38357,0.57678,0.44981,-0.5638,484.51,364.13,-7006.2,40774
35.12,0,-0.45054,-1.8718,-0.79702,0.38165,0.57808,0.44852,-0.56479,476.94,386.71,-6996.1,39831
35.127,0,-0.59497,-1.7901,-0.83362,0.37975,0.57938,0.44721,-0.56578,499.8,378.23,-6991,40657
35.134,0,-0.37328,-2.0224,-0.81387,0.37786,0.58068,0.44587,-0.56677,498.98,353.54,-7000.3,41877
35.141,0,-0.67679,-1.847,-0.83339,0.37599,0.58197,0.44451,-0.56776,510.34,371.58,-7003.4,40376
35.148,0,-0.60641,-1.8154,-0.80207,0.37414,0.58326,0.44311,-0.56875,490.32,389.58,-6993.3,40239
35.155,0,-0.51305,-1.8089,-0.86461,0.3723,0.58454,0.44169,-0.56974,496.55,381.88,-6977.9,39804
35.162,0,-0.24465,-1.9891,-0.75255,0.37047,0.58582,0.44025,-0.57074,525.67,401.17,-6992,41471
35.169,0,-0.30783,-1.9392,-1.028,0.36867,0.5871,0.43877,-0.57173,482.95,374,-7000.6,40543
35.176,0,-0.48777,-2.0246,-0.94489,0.36687,0.58837,0.43727,-0.57273,500.66,365.68,-6987.8,41621
35.183,0,-0.64884,-1.8774,-0.8238,0.3651,0.58963,0.43575,-0.57373,486.25,355.86,-6994.9,41854
35.19,0,-0.58065,-2.0561,-0.96061,0.36333,0.59089,0.4342,-0.57473,495.71,375.62,-6988.6,40141
35.197,0,-0.34971,-1.8244,-0.74905,0.36159,0.59215,0.43262,-0.57573,500.26,364.35,-7002.9,41904
35.204,0,-0.30437,-1.9071,-0.78409,0.35986,0.59339,0.43101,-0.57673,488.65,368.39,-7019.3,40389
35.211,1,-0.72066,-1.9257,-0.75869,0.35814,0.59464,0.42938,-0.57774,477.5,380.96,-6991.9,40156
35.219,0,-0.4747,-1.7875,-0.85272,0.35644,0.59587,0.42772,-0.57874,501.1,364.17,-6986.3,38750
35.226,0,-0.37129,-2.1451,-0.78412,0.35475,0.5971,0.42603,-0.57976,490.4,380.26,-6996,41090
35.233,0,-0.37962,-1.9398,-0.90051,0.35308,0.59833,0.42432,-0.58077,494.27,378.63,-6993.4,41142
35.24,0,-0.40714,-2.0129,-0.73728,0.35143,0.59954,0.42258,-0.58179,490.35,378.39,-6989.7,41421
35.247,0,-0.41301,-1.8914,-0.76135,0.34979,0.60075,0.42081,-0.58281,490.65,367.24,-6996.1,42063
35.254,0,-0.52136,-1.8901,-0.74439,0.34816,0.60195,0.41902,-0.58383,503.85,382.9,-6996.4,41262
35.261,0,-0.53762,-1.9946,-0.61785,0.34655,0.60315,0.4172,-0.58485,486.55,365.95,-6995.6,39720
35.268,0,-0.44799,-2.0021,-0.47234,0.34496,0.60434,0.41536,-0.58588,496.27,359.37,-7003.6,40472
35.275,0,-0.72475,-2.0834,-0.58985,0.34338,0.60552,0.41348,-0.58692,503.1,365.74,-7001.4,40370
35.282,0,-0.54037,-1.9376,-0.60757,0.34181,0.60669,0.41159,-0.58795,500.2,385.14,-6999.1,40932
35.289,0,-0.55134,-2.1413,-0.62603,0.34026,0.60785,0.40966,-0.589,498.36,375.94,-6992.4,40309
35.296,0,-0.45758,-1.931,-0.40658,0.33873,0.60901,0.40771,-0.59004,482.13,386.01,-7002.1,40277
35.303,0,-0.65431,-2.117,-0.60848,0.3372,0.61015,0.40573,-0.59109,479.27,394.38,-6992.5,39311
35.31,0,-0.66713,-1.9041,-0.68661,0.3357,0.61129,0.40373,-0.59214,481.52,397.88,-6990.2,40360
35.317,0,-0.54726,-2.1093,-0.66796,0.33421,0.61242,0.4017,-0.5932,498.86,373.68,-6994.8,40886
35.324,0,-0.61689,-2.0596,-0.57737,0.33273,0.61354,0.39964,-0.59426,493.08,374.25,-6977.3,41764
35.331,0,-0.4401,-2.1839,-0.55776,0.33126,0.61465,0.39756,-0.59533,492.93,388.66,-6988.1,41486
35.338,0,-0.43164,-2.0718,-0.45779,0.32981,0.61575,0.39545,-0.5964,513.79,403.41,-7009.2,41652
35.345,0,-0.30282,-2.2592,-0.33121,0.32838,0.61684,0.39332,-0.59748,487.4,380.02,-6994.7,41573
35.352,0,-0.46301,-2.0277,-0.60906,0.32696,0.61792,0.39116,-0.59856,484.85,378.8,-6991.1,42019
35.359,0,-0.49175,-2.0698,-0.41726,0.32555,0.61899,0.38897,-0.59965,500.05,373.55,-6992.4,40522
35.366,0,-0.5285,-1.9341,-0.7896,0.32415,0.62005,0.38676,-0.60074,493.84,356.94,-6988.5,40577
35.373,0,-0.56645,-2.0666,-0.34491,0.32277,0.62109,0.38452,-0.60184,503.54,367.66,-6996.8,42551
35.381,0,-0.48356,-2.1748,-0.41619,0.3214,0.62213,0.38226,-0.60294,485.02,393.51,-6979.5,41651
35.388,0,-0.58813,-2.2074,-0.51192,0.32005,0.62315,0.37997,-0.60405,491.49,384.22,-6982.9,39003
35.395,0,-0.53362,-2.1412,-0.43325,0.31871,0.62417,0.37765,-0.60516,495.27,400.77,-6997.9,42207
35.402,0,-0.51365,-2.1311,-0.4509,0.31738,0.62517,0.37531,-0.60628,483.61,368.7,-6989.2,41806
35.409,0,-0.38373,-1.93,-0.4381,0.31606,0.62616,0.37295,-0.60741,503.89,360.76,-6992.1,40441
35.416,0,-0.59246,-2.1018,-0.46479,0.31476,0.62713,0.37056,-0.60854,471,382.69,-6985,40960
35.423,0,-0.23359,-2.0894,-0.39332,0.31347,0.6281,0.36814,-0.60967,493.41,370.21,-6998.1,41151
35.43,0,-0.59671,-2.2224,-0.45129,0.31219,0.62905,0.3657,-0.61082,490.14,371.35,-6981.7,41213
35.437,0,-0.49661,-1.988,-0.40972,0.31092,0.62999,0.36324,-0.61197,492.76,376.92,-6982.9,40483
35.444,0,-0.52488,-2.0541,-0.26274,0.30967,0.63091,0.36075,-0.61312,480.24,395.45,-6980.4,40826
35.451,0,-0.43148,-1.976,-0.36042,0.30842,0.63182,0.35823,-0.61428,486.68,390.89,-7000.2,42261
35.458,0,-0.39549,-2.0101,-0.30616,0.30719,0.63272,0.35569,-0.61545,512.91,375.3,-6968.1,40146
35.465,0,-0.56003,-2.1148,-0.53808,0.30597,0.6336,0.35313,-0.61663,490.66,378.89,-6999.1,40887
35.472,0,-0.39542,-1.878,0.0013791,0.30477,0.63447,0.35054,-0.61781,495.23,386.19,-6993.3,41526
35.479,0,-0.38001,-1.7827,-0.27242,0.30357,0.63533,0.34792,-0.619,474.72,361.44,-6983.8,42080
35.486,0,-0.40664,-2.0018,-0.2615,0.30238,0.63616,0.34529,-0.62019,485.78,395.08,-6987.1,42140
35.493,0,-0.54156,-1.8335,-0.17886,0.30121,0.63699,0.34262,-0.62139,471.88,382.25,-6991.4,40612
35.5,0,-0.4696,-1.9947,-0.22164,0.30004,0.6378,0.33994,-0.6226,491.19,389.92,-6993.5,39650
35.507,0,-0.32077,-1.8802,-0.19364,0.29889,0.63859,0.33723,-0.62382,519.25,377.13,-6973.1,41965
35.514,0,-0.42893,-1.9453,-0.22162,0.29774,0.63937,0.3345,-0.62504,483.36,368.08,-6971.2,40346
35.521,0,-0.52828,-1.9788,-0.12995,0.29661,0.64013,0.33174,-0.62627,500.03,371.41,-6978.7,40915
35.528,0,-0.49984,-1.8408,-0.30208,0.29548,0.64087,0.32896,-0.6275,503.78,372.29,-6983.9,44120
35.535,0,-0.39176,-2.0252,-0.062681,0.29436,0.6416,0.32616,-0.62874,510.53,391.9,-6976.8,41507
35.543,0,-0.41848,-1.9927,-0.17392,0.29326,0.64231,0.32333,-0.62999,490.58,391.14,-6985.3,42092
35.55,0,-0.622,-1.9044,-0.13751,0.29216,0.64301,0.32048,-0.63125,505.1,392.82,-6993.6,40033
35.557,0,-0.55157,-1.9169,0.058404,0.29107,0.64368,0.31761,-0.63251,478.68,370.27,-6984.8,40795
35.564,0,-0.50824,-2.0026,-0.12542,0.28999,0.64434,0.31472,-0.63378,492.15,381.96,-6977.3,40888
35.571,0,-0.3151,-1.9423,0.1905,0.28892,0.64498,0.3118,-0.63506,486.42,371.99,-6976,42384
35.578,0,-0.39501,-1.8812,-0.054884,0.28786,0.64561,0.30886,-0.63634,495.39,376.32,-6975.6,42421
35.585,0,-0.55454,-1.8399,0.012895,0.2868,0.64621,0.3059,-0.63764,499.41,397.9,-6985.9,42212
35.592,0,-0.56299,-1.9877,-0.094552,0.28575,0.6468,0.30292,-0.63893,497.29,369.65,-6963.8,41055
35.599,0,-0.42535,-1.9389,0.041207,0.28471,0.64737,0.29992,-0.64024,495.58,362.78,-6987.7,40849
35.606,0,-0.58773,-1.9966,-0.035063,0.28368,0.64791,0.29689,-0.64155,501.19,382.22,-7002.3,43737
35.613,0,-0.43324,-1.8336,-0.094575,0.28265,0.64844,0.29385,-0.64287,490.43,377.42,-6986,41879
35.62,0,-0.4926,-1.8465,0.00030323,0.28163,0.64895,0.29078,-0.6442,491.2,373.98,-6986,41023
35.627,0,-0.3416,-1.8772,-0.034464,0.28062,0.64944,0.28769,-0.64553,496.52,378.75,-6981.1,40584
35.634,0,-0.38166,-1.7745,0.0080909,0.27961,0.64991,0.28458,-0.64687,493.92,382.18,-6964.8,41526
35.641,0,-0.51558,-1.8321,0.050794,0.27861,0.65036,0.28145,-0.64822,484.19,374.91,-6961.4,41014
35.648,0,-0.33208,-1.6992,0.033851,0.27762,0.65079,0.2783,-0.64957,503.93,392.59,-6974.1,43340
35.655,0,-0.66707,-1.8118,0.013304,0.27663,0.6512,0.27513,-0.65093,492.74,393.75,-6973.1,41865
35.662,0,-0.60421,-1.741,-0.043887,0.27564,0.65159,0.27194,-0.6523,502.68,373.45,-6983,41641
35.669,0,-0.3771,-1.7184,-0.07246,0.27466,0.65196,0.26874,-0.65367,490.89,370.2,-6970.8,41164
35.676,0,-0.25822,-1.6264,-0.068998,0.27369,0.6523,0.26551,-0.65506,489.28,396.15,-6982,40328
35.683,0,-0.40828,-1.6337,0.062033,0.27272,0.65263,0.26226,-0.65644,490.61,376.98,-6966.8,40461
35.69,0,-0.36487,-1.7047,0.062044,0.27175,0.65293,0.259,-0.65784,486.02,370.42,-6974.2,40418
35.697,0,-0.4261,-1.6043,0.13238,0.27079,0.65321,0.25571,-0.65924,498.6,374.68,-6979.5,41168
35.705,0,-0.46477,-1.7097,0.01898,0.26983,0.65347,0.25241,-0.66065,503.11,373.67,-6980.3,40864
35.712,0,-0.58116,-1.7251,0.18005,0.26887,0.65371,0.24909,-0.66206,491.09,386.07,-6980.8,41979
35.719,0,-0.5504,-1.6434,0.24869,0.26792,0.65392,0.24575,-0.66348,483.08,377.36,-6993.9,41310
35.726,0,-0.45725,-1.3687,0.12597,0.26697,0.65411,0.2424,-0.66491,501.69,371.39,-6979.9,42856
35.733,0,-0.50242,-1.5673,0.039489,0.26602,0.65428,0.23902,-0.66634,518.83,395.84,-6980.4,41344
35.74,0,-0.49317,-1.5064,0.18144,0.26508,0.65443,0.23563,-0.66778,483.02,379.09,-6976.9,42285
35.747,0,-0.50984,-1.4463,0.086484,0.26413,0.65455,0.23223,-0.66923,491.47,379.44,-6967.7,41074
35.754,0,-0.34167,-1.7487,0.18066,0.26319,0.65465,0.22881,-0.67068,492.59,390.03,-6984.6,41086
35.761,0,-0.20637,-1.5208,0.16753,0.26225,0.65472,0.22537,-0.67214,512.45,373.07,-6965.7,41444
35.768,0,-0.33036,-1.5538,0.12892,0.26131,0.65477,0.22191,-0.6736,491.1,383.23,-6987.1,42289
35.775,0,-0.356,-1.4521,0.18191,0.26037,0.6548,0.21845,-0.67507,496.98,389.28,-6968.8,40300
35.782,0,-0.34182,-1.5675,0.26044,0.25944,0.6548,0.21496,-0.67655,507.92,387.71,-6981.6,40914
35.789,0,-0.51156,-1.3363,0.098148,0.2585,0.65478,0.21146,-0.67803,474.14,389.46,-6955.8,41615
35.796,0,-0.41711,-1.549,0.084974,0.25756,0.65474,0.20795,-0.67951,513.78,397.67,-6973.7,42072
35.803,0,-0.56272,-1.3015,0.099963,0.25662,0.65467,0.20442,-0.68101,494.27,379.11,-6984.4,40372
35.81,0,-0.23948,-1.4068,0.19664,0.25568,0.65457,0.20088,-0.6825,487.18,394.74,-6966.7,41122
35.817,0,-0.44902,-1.1949,0.228,0.25474,0.65445,0.19732,-0.684,486.94,374.38,-6962.6,39961
35.824,0,-0.36018,-1.3202,0.39789,0.2538,0.65431,0.19376,-0.68551,492.04,377.42,-6977.5,39029
35.831,0,-0.55327,-1.2442,0.27981,0.25286,0.65414,0.19017,-0.68702,512.16,384.06,-6974.5,40023
35.838,0,-0.24765,-1.1972,0.18546,0.25192,0.65394,0.18658,-0.68854,492.25,370.47,-6966.4,42856
35.845,0,-0.40987,-1.2526,0.32659,0.25097,0.65372,0.18297,-0.69006,489.45,402.13,-6974.7,40637
35.852,0,-0.30876,-1.2141,0.079048,0.25002,0.65348,0.17936,-0.69159,484.32,371.55,-6969.7,41036
35.859,0,-0.52193,-1.0922,0.24841,0.24907,0.6532,0.17573,-0.69312,492.45,393.14,-6960.7,40799
35.867,0,-0.48842,-1.1611,0.32606,0.24811,0.65291,0.17209,-0.69465,504.26,368.88,-6967.6,44049
35.874,0,-0.55299,-1.137,0.32419,0.24715,0.65258,0.16844,-0.69619,492.29,361.91,-6968.7,41438
35.881,0,-0.39192,-1.2086,0.24391,0.24619,0.65223,0.16478,-0.69773,506.17,392.91,-6958.5,41074
35.888,0,-0.24879,-1.156,0.1429,0.24523,0.65186,0.1611,-0.69928,505.07,368.23,-6970.1,42705
35.895,0,-0.2265,-0.81128,0.26934,0.24426,0.65146,0.15742,-0.70083,506.61,383.72,-6972.6,42857
35.902,0,-0.4743,-1.1003,0.31595,0.24328,0.65103,0.15373,-0.70238,493.73,385.41,-6957,42430
35.909,0,-0.37468,-0.96144,0.31994,0.2423,0.65058,0.15003,-0.70394,484,377.2,-6948.8,42264
35.916,1,-0.44831,-0.97376,0.22974,0.24132,0.6501,0.14633,-0.7055,487.79,377.1,-6956.2,41609
35.923,0,-0.43134,-1.0207,0.13268,0.24033,0.64959,0.14261,-0.70706,483.69,372.56,-6971.6,41204
35.93,0,-0.50083,-0.68952,0.22782,0.23933,0.64906,0.13889,-0.70862,492.56,378.38,-6954.9,41494
35.937,0,-0.23119,-0.93912,0.3477,0.23833,0.6485,0.13516,-0.71019,483.66,384.38,-6988.7,42482
35.944,0,-0.29478,-1.0921,0.42887,0.23732,0.64792,0.13142,-0.71176,492.17,392.73,-6953,43748
35.951,0,-0.50864,-0.79893,0.23824,0.23631,0.64731,0.12768,-0.71334,506.36,377,-6950.6,41562
35.958,0,-0.45828,-0.75584,0.26677,0.23529,0.64667,0.12393,-0.71491,489.46,379.45,-6957.3,42337
35.965,0,-0.23491,-0.94665,0.1225,0.23426,0.64601,0.12017,-0.71649,508.88,390.45,-6961.7,40878
35.972,0,-0.24915,-0.70919,0.36649,0.23322,0.64532,0.11641,-0.71807,499.25,364,-6966.7,41027
35.979,0,-0.29035,-0.85574,0.18301,0.23218,0.6446,0.11264,-0.71965,495.62,379.36,-6952.9,42128
35.986,0,-0.26294,-0.76764,0.37488,0.23113,0.64386,0.10887,-0.72123,494.09,358.59,-6972.9,40913
35.993,0,-0.46782,-0.80918,0.3588,0.23007,0.64309,0.1051,-0.72282,518.64,396.95,-6966.8,41309
36,0,-0.17706,-0.54203,0.38696,0.229,0.64229,0.10132,-0.7244,479.77,381.06,-6969,41389
36.007,0,-0.49659,-0.58095,0.18027,0.22792,0.64147,0.097536,-0.72599,496.03,385.05,-6966.8,42802
36.014,0,-0.50222,-0.70338,0.34503,0.22683,0.64062,0.093751,-0.72757,502.7,383.83,-6957.2,41100
36.022,0,-0.4833,-0.70825,0.21138,0.22574,0.63975,0.089964,-0.72916,485.57,361.18,-6950.8,40339
36.029,0,-0.36293,-0.53605,0.29291,0.22463,0.63885,0.086175,-0.73075,500.39,365.05,-6952.9,40781
36.036,0,-0.31848,-0.55631,0.30149,0.22352,0.63792,0.082384,-0.73233,492.69,379.47,-6961.5,39735
36.043,0,-0.32205,-0.50484,0.27289,0.22239,0.63697,0.078592,-0.73392,494.88,382.1,-6965.9,41633
36.05,0,-0.45852,-0.45577,0.31088,0.22125,0.63599,0.074799,-0.73551,512.22,393.72,-6955.6,42262
36.057,0,-0.53513,-0.52586,0.43024,0.2201,0.63498,0.071006,-0.73709,501.93,364.51,-6969.2,43034
36.064,0,-0.46214,-0.33636,0.20653,0.21894,0.63395,0.067213,-0.73868,497.14,395.6,-6951.2,40778
36.071,0,-0.49575,-0.48439,0.2065,0.21777,0.6329,0.06342,-0.74026,505.07,366.42,-6975.1,41816
36.078,0,-0.38167,-0.46962,0.28527,0.21659,0.63182,0.059629,-0.74185,503.52,387.75,-6960.6,40805
36.085,0,-0.46769,-0.40222,0.075693,0.2154,0.63071,0.055839,-0.74343,491.28,375.66,-6956.6,42289
36.092,0,-0.4844,-0.31393,0.27799,0.21419,0.62958,0.05205,-0.74501,489.8,398.3,-6965.8,38482
36.099,0,-0.22233,-0.17166,0.15836,0.21297,0.62842,0.048264,-0.74659,493.89,368.4,-6977.9,42015
36.106,0,-0.30924,-0.28167,0.22724,0.21174,0.62724,0.044481,-0.74817,490.91,398.81,-6954.7,41618
36.113,0,-0.21246,-0.43014,-0.097732,0.21049,0.62604,0.0407,-0.74974,491.09,388.43,-6962.4,41993
36.12,0,-0.30931,-0.14543,0.091866,0.20923,0.62481,0.036924,-0.75131,507.47,374.77,-6973.5,41165
36.127,0,-0.35868,-0.28722,0.023051,0.20796,0.62355,0.033151,-0.75288,500.12,394.66,-6964.9,41623
36.134,0,-0.38458,0.1166,0.019356,0.20668,0.62227,0.029382,-0.75445,497.64,383.29,-6955.4,40498
36.141,0,-0.36752,-0.42329,0.24566,0.20538,0.62097,0.025618,-0.75601,499.76,385.44,-6936.8,40606
36.148,0,-0.39436,-0.011496,0.14623,0.20406,0.61965,0.02186,-0.75758,512.88,386.53,-6978.3,42948
36.155,0,-0.30845,-0.19942,-0.077577,0.20273,0.6183,0.018107,-0.75913,495.31,367.54,-6955.9,41699
36.162,0,-0.27021,-0.08369,0.025779,0.20139,0.61692,0.01436,-0.76069,498.8,368.15,-6953.6,40705
36.169,0,-0.3068,-0.022543,0.1067,0.20003,0.61553,0.01062,-0.76223,509.89,391.32,-6951.3,40234
36.176,0,-0.31507,0.012495,0.18627,0.19866,0.61411,0.006886,-0.76378,484.87,391.39,-6942.4,41158
36.184,0,-0.37967,0.078263,-0.10813,0.19727,0.61267,0.0031598,-0.76532,509.86,390.84,-6945.3,40099
36.191,0,-0.37727,0.01517,0.18839,0.19586,0.6112,-0.00055864,-0.76686,518.22,377.38,-6948.1,42969
36.198,0,-0.25987,0.19529,-0.012661,0.19444,0.60972,-0.004269,-0.76839,484.36,383.34,-6951.3,40441
36.205,0,-0.49036,0.27161,-0.063029,0.193,0.60821,-0.0079708,-0.76991,497.15,374.72,-6931.8,40874
36.212,0,-0.23936,0.16553,-0.24627,0.19154,0.60668,-0.011664,-0.77143,507.83,368.86,-6953,42653
36.219,0,-0.19758,0.091028,0.012523,0.19007,0.60513,-0.015347,-0.77295,499.74,377.52,-6948.2,40334
36.226,0,-0.21352,0.24956,-0.2674,0.18858,0.60356,-0.019021,-0.77446,501.77,374.34,-6964.8,41839
36.233,0,-0.40821,0.37261,-0.11978,0.18708,0.60197,-0.022685,-0.77596,496.51,378.92,-6943.2,40688
36.24,0,-0.4686,0.17907,-0.33543,0.18556,0.60036,-0.026338,-0.77746,500.38,377.99,-6939,39929
36.247,0,-0.30644,0.30379,-0.19988,0.18401,0.59873,-0.02998,-0.77895,488.24,379.77,-6967.2,42288
36.254,0,-0.43619,0.33901,-0.083723,0.18246,0.59708,-0.033611,-0.78043,494.37,388.16,-6966.8,42170
36.261,0,-0.33192,0.42668,-0.22748,0.18088,0.59541,-0.03723,-0.78191,496.16,385.62,-6940.2,41305
36.268,0,-0.40238,0.44768,-0.35291,0.17928,0.59372,-0.040837,-0.78338,510.91,377.91,-6951.7,40798
36.275,0,-0.35254,0.51424,-0.24458,0.17767,0.59201,-0.044432,-0.78484,521.41,393.86,-6931.1,42603
36.282,0,-0.21404,0.42556,-0.22416,0.17604,0.59029,-0.048014,-0.7863,497.27,373.96,-6938.8,39699
36.289,0,-0.29581,0.39934,-0.36218,0.17439,0.58855,-0.051583,-0.78775,504.4,385.35,-6931,41567
36.296,0,-0.49275,0.56684,-0.3703,0.17272,0.58678,-0.055138,-0.78918,504.65,377.65,-6959.3,42466
36.303,0,-0.22355,0.48848,-0.53236,0.17103,0.58501,-0.05868,-0.79062,498.53,395.8,-6951.9,41515
36.31,0,-0.29242,0.41441,-0.39478,0.16932,0.58321,-0.062207,-0.79204,510.71,387.53,-6946.3,42484
36.317,0,-0.24636,0.57473,-0.24251,0.16759,0.5814,-0.06572,-0.79345,503.93,387.64,-6957,43782
36.324,0,-0.19905,0.40691,-0.48748,0.16584,0.57958,-0.069218,-0.79485,497.78,378.43,-6935.8,41959
36.331,0,-0.15465,0.55734,-0.499,0.16407,0.57774,-0.0727,-0.79625,507.62,401.97,-6951.3,41571
36.338,0,-0.23309,0.56513,-0.55968,0.16228,0.57588,-0.076167,-0.79763,484.28,384.46,-6940.6,42141
36.346,0,-0.48555,0.60287,-0.44176,0.16048,0.57401,-0.079618,-0.79901,527.44,370.51,-6927,40579
36.353,0,-0.18237,0.69521,-0.61107,0.15865,0.57213,-0.083053,-0.80038,490.05,390.28,-6951.7,41911
36.36,0,-0.27958,0.50902,-0.69337,0.1568,0.57023,-0.086472,-0.80173,479.1,373.97,-6926,40368
36.367,0,-0.33854,0.71244,-0.48615,0.15493,0.56832,-0.089874,-0.80308,480.72,385.91,-6959.5,40968
36.374,0,-0.40732,0.62076,-0.46205,0.15303,0.5664,-0.093258,-0.80441,494.07,385.23,-6959.1,40110
36.381,0,-0.31899,0.84319,-0.73904,0.15112,0.56446,-0.096626,-0.80574,499.55,400.46,-6926.9,40894
36.388,0,-0.3707,0.69994,-0.75605,0.14919,0.56251,-0.099976,-0.80705,506.36,388.84,-6939,40321
36.395,0,-0.10896,0.83132,-0.63324,0.14723,0.56055,-0.10331,-0.80835,492.55,373.26,-6950.9,41371
36.402,0,0.031688,0.77268,-0.75541,0.14525,0.55858,-0.10662,-0.80964,502.21,404.76,-6945.5,42234
36.409,0,-0.1288,0.82262,-0.80886,0.14326,0.55661,-0.10992,-0.81092,503.18,376.62,-6935.5,41402
36.416,0,-0.01705,1.0474,-0.71354,0.14124,0.55462,-0.11319,-0.81218,491.42,371.31,-6969.5,40589
36.423,0,-0.1305,0.84376,-0.86359,0.13919,0.55262,-0.11645,-0.81344,497,380.91,-6953.1,41609
36.43,0,-0.18501,0.70678,-0.90767,0.13713,0.55061,-0.11969,-0.81468,506.63,379.72,-6944.7,41771
36.437,0,-0.29059,0.88845,-0.85133,0.13504,0.54859,-0.12291,-0.81591,519.84,381.03,-6945.5,41192
36.444,0,-0.069846,0.97824,-1.108,0.13293,0.54657,-0.12611,-0.81712,505.79,379.56,-6950.5,42311
36.451,0,-0.25661,0.92474,-0.91359,0.1308,0.54454,-0.12929,-0.81832,513.37,388.11,-6946.5,42212
36.458,0,-0.2285,0.95068,-0.8651,0.12865,0.5425,-0.13245,-0.81951,511.83,374.95,-6946.4,41549
36.465,0,0.080007,0.90123,-1.0081,0.12647,0.54045,-0.13559,-0.82069,501.97,374.53,-6941.1,44481
36.472,0,-0.26516,0.97452,-1.0693,0.12427,0.5384,-0.13871,-0.82185,514.66,371.49,-6944.7,42249
36.479,0,-0.31519,0.85831,-1.0468,0.12205,0.53635,-0.14181,-0.823,492.95,388.23,-6948.3,41321
36.486,0,-0.15235,0.86269,-1.0453,0.1198,0.53429,-0.14489,-0.82413,516.92,371.73,-6924,41050
36.493,0,-0.31881,1.0123,-1.2523,0.11753,0.53222,-0.14794,-0.82525,498.04,373.93,-6933.2,42109
36.5,0,-0.21662,0.89203,-1.2305,0.11524,0.53015,-0.15098,-0.82635,508.07,391.84,-6946.1,41890
36.508,0,-0.18985,0.9578,-1.0397,0.11293,0.52808,-0.15399,-0.82744,511.26,379.36,-6952.3,41646
36.515,0,-0.15332,0.91475,-1.322,0.11059,0.52601,-0.15699,-0.82852,509.14,377.04,-6934.2,41591
36.522,0,-0.18273,0.95074,-1.4146,0.10823,0.52393,-0.15996,-0.82957,489.13,378.72,-6945.5,40982
36.529,0,-0.19915,0.87842,-1.2829,0.10584,0.52185,-0.16291,-0.83062,514.81,368.04,-6939.5,42232
36.536,0,-0.17059,1.186,-1.1593,0.10344,0.51977,-0.16584,-0.83164,492.99,394.99,-6937.2,39876
36.543,0,0.099784,0.9756,-1.4872,0.10101,0.51769,-0.16875,-0.83265,486.55,384.63,-6934.1,41257
36.55,0,-0.20905,0.99604,-1.2639,0.09855,0.51561,-0.17164,-0.83365,513.99,387.81,-6941.4,41190
36.557,0,-0.09801,1.0016,-1.3639,0.096071,0.51354,-0.1745,-0.83463,492.85,390.64,-6929.9,40897
36.564,0,-0.28849,0.88314,-1.5071,0.093569,0.51146,-0.17734,-0.83559,511.78,378.35,-6947.6,41095
36.571,0,-0.04266,0.95089,-1.4659,0.091043,0.50938,-0.18017,-0.83653,502.49,388.98,-6951.6,40727
36.578,0,-0.011705,0.9718,-1.622,0.088493,0.50731,-0.18296,-0.83746,496.37,388.03,-6931,42569
36.585,0,-0.1847,0.99565,-1.6585,0.085919,0.50523,-0.18574,-0.83837,505.35,390.46,-6954.9,39012
36.592,0,-0.057103,1.183,-1.6565,0.083322,0.50316,-0.1885,-0.83926,495.97,372.83,-6927.7,42628
36.599,0,-0.12206,1.0377,-1.7272,0.0807,0.5011,-0.19123,-0.84013,491.83,386.79,-6932.6,42165
36.606,0,-0.082468,0.96305,-1.4735,0.078055,0.49904,-0.19394,-0.84099,492.22,395.61,-6943.4,42653
36.613,0,-0.31046,1.2297,-1.7382,0.075386,0.49698,-0.19663,-0.84182,507.36,386.42,-6932,41270
36.62,1,0.054,1.1611,-1.6209,0.072693,0.49493,-0.19929,-0.84264,503.96,387.55,-6924,40387
36.627,0,-0.23039,1.0813,-1.7749,0.069976,0.49288,-0.20194,-0.84344,503.79,370.2,-6917.1,44406
36.634,0,0.052056,1.15,-1.6839,0.067235,0.49084,-0.20456,-0.84422,519.07,369.5,-6937.9,41971
36.641,0,-0.082588,1.0715,-1.8712,0.064471,0.48881,-0.20716,-0.84498,512.43,388.15,-6938.7,42902
36.648,0,-0.11848,1.1579,-1.7871,0.061682,0.48678,-0.20974,-0.84572,495.19,399.12,-6940.7,42104
36.655,0,-0.039941,1.1656,-1.7968,0.05887,0.48477,-0.2123,-0.84644,491.92,407.74,-6941.6,42386
36.662,0,-0.093651,1.0296,-2.0041,0.056034,0.48276,-0.21483,-0.84714,489.66,395.57,-6938.7,39672
36.67,0,0.045856,1.2029,-1.8164,0.053173,0.48076,-0.21735,-0.84783,510.42,379.54,-6909.4,41715
36.677,0,-0.15324,1.1726,-2.2652,0.05029,0.47876,-0.21984,-0.84849,501.18,412.11,-6943.5,41648
36.684,0,-0.13833,1.2032,-1.9491,0.047382,0.47678,-0.22231,-0.84913,485.64,410.16,-6941.2,41338
36.691,0,0.024277,1.1802,-1.908,0.04445,0.47481,-0.22476,-0.84974,515.74,382.05,-6922.5,42032
36.698,0,-0.16499,1.1512,-2.0612,0.041495,0.47285,-0.22719,-0.85034,513.26,372.62,-6925.7,40066
36.705,0,-0.20329,1.03,-2.0033,0.038517,0.4709,-0.22959,-0.85092,509.71,406.56,-6935.1,42126
36.712,0,-0.069634,0.84714,-2.2779,0.035514,0.46896,-0.23198,-0.85147,510.48,396.23,-6927.6,42953
36.719,0,-0.10623,1.1592,-2.1465,0.032488,0.46703,-0.23434,-0.852,509.25,404.51,-6926.7,40841
36.726,0,-0.12747,1.1632,-2.173,0.029439,0.46512,-0.23669,-0.85251,503.16,378.4,-6933.5,39837
36.733,0,-0.032987,1.1299,-2.127,0.026366,0.46321,-0.23901,-0.853,515.67,383.29,-6927.8,42539
36.74,0,-0.070731,1.0137,-2.3007,0.02327,0.46133,-0.24131,-0.85347,520.35,397.45,-6932.8,42082
36.747,0,-0.091919,1.0752,-2.1906,0.020151,0.45945,-0.2436,-0.85391,516.56,373.5,-6936.4,41064
36.754,0,-0.19872,0.85347,-2.3884,0.017008,0.45759,-0.24586,-0.85433,497.03,390.61,-6923.6,40763
36.761,0,0.010695,1.012,-2.6354,0.013843,0.45574,-0.2481,-0.85472,508.29,379.18,-6909.6,40073
36.768,0,-0.15409,0.91504,-2.2074,0.010654,0.45391,-0.25032,-0.8551,501.25,373.92,-6949.9,41633
36.775,0,0.0097957,0.89583,-2.2595,0.0074423,0.4521,-0.25253,-0.85544,502.21,378.65,-6940.1,41584
36.782,0,0.15123,1.068,-2.2747,0.0042079,0.4503,-0.25471,-0.85577,501.58,392.9,-6928,42992
36.789,0,0.0068638,0.9528,-2.2244,0.00095083,0.44851,-0.25688,-0.85607,508.43,388.63,-6921.8,41434
36.796,0,0.082951,0.91181,-2.4422,-0.0023288,0.44675,-0.25902,-0.85634,511.68,366.89,-6918.4,41377
36.803,0,-0.27725,0.96792,-2.362,-0.005631,0.445,-0.26115,-0.85659,530.76,392.62,-6916.5,41766
36.81,0,0.020347,0.73174,-2.4084,-0.0089555,0.44326,-0.26326,-0.85681,503.67,375.22,-6928.2,41276
36.817,0,-0.10864,0.75787,-2.5596,-0.012302,0.44155,-0.26535,-0.85701,525.93,388.86,-6927.1,40923
36.824,0,-0.21999,0.90076,-2.5916,-0.015671,0.43985,-0.26743,-0.85719,492.09,389.58,-6928.2,41846
36.832,0,-0.022989,0.75255,-2.5111,-0.019062,0.43817,-0.26948,-0.85733,480.32,392.17,-6926.3,40964
36.839,0,-0.079232,0.85655,-2.5706,-0.022474,0.43651,-0.27152,-0.85746,514.28,385.43,-6904.9,41589
36.846,0,-0.036257,0.97242,-2.539,-0.025908,0.43487,-0.27354,-0.85755,506.83,394.3,-6916.9,40493
36.853,0,-0.18207,0.8135,-2.6531,-0.029364,0.43324,-0.27555,-0.85762,517.6,401.26,-6916.2,42293
36.86,0,-0.05745,0.87688,-2.6782,-0.032841,0.43164,-0.27754,-0.85766,491.77,383.83,-6924.2,42324
36.867,0,0.10856,0.59126,-2.6634,-0.036339,0.43006,-0.27951,-0.85767,500.53,372.8,-6928.3,40698
36.874,0,0.01499,0.88162,-2.6084,-0.039858,0.42849,-0.28147,-0.85766,506.85,392.87,-6922.1,42383
36.881,0,-0.06842,0.7561,-2.7597,-0.043397,0.42695,-0.28341,-0.85762,498.62,384.57,-6929,41374
36.888,0,0.0021556,0.64105,-2.5108,-0.046958,0.42543,-0.28534,-0.85755,500.36,382.99,-6933,42195
36.895,0,-0.13542,0.78134,-2.7217,-0.050539,0.42392,-0.28725,-0.85745,507.34,392.57,-6927.4,41601
36.902,0,-0.11589,0.56135,-2.9785,-0.05414,0.42244,-0.28914,-0.85733,516.51,391.06,-6926.9,40803
36.909,0,-0.0087877,0.51759,-2.5621,-0.05776,0.42098,-0.29103,-0.85717,516.38,394.25,-6924.6,41388
36.916,0,0.075594,0.54599,-2.651,-0.061401,0.41954,-0.29289,-0.85699,507.34,388.06,-6913.1,41496
36.923,0,-0.13029,0.47828,-2.8209,-0.065061,0.41813,-0.29475,-0.85677,507.91,407.3,-6924.2,43453
36.93,0,-0.065788,0.61103,-2.8749,-0.068741,0.41673,-0.29659,-0.85653,505.83,381.29,-6920.5,40728
36.937,0,0.03814,0.50306,-2.7344,-0.07244,0.41536,-0.29842,-0.85626,510.43,380.68,-6933.1,41951
36.944,0,-0.07726,0.52507,-2.7739,-0.076157,0.41401,-0.30024,-0.85595,503.68,390.16,-6918.1,42574
36.951,0,0.093221,0.49001,-2.5461,-0.079894,0.41268,-0.30204,-0.85562,520.56,387.94,-6902.3,42152
36.958,0,-0.2115,0.49352,-2.8885,-0.083648,0.41137,-0.30383,-0.85526,507.97,382.35,-6898.1,41725
36.965,0,0.053249,0.6153,-2.7597,-0.087421,0.41009,-0.30561,-0.85486,498.72,391.4,-6915.1,41675
36.972,0,-0.19147,0.40078,-2.8556,-0.091211,0.40883,-0.30738,-0.85443,500.5,390.68,-6925.4,41772
36.979,0,-0.058648,0.33705,-2.746,-0.095019,0.40759,-0.30914,-0.85398,509.24,380.33,-6920.7,41304
36.986,0,0.02053,0.42816,-2.9417,-0.098845,0.40637,-0.31089,-0.85349,502.09,383.38,-6941.1,41208
36.994,0,-0.19855,0.30883,-2.5957,-0.10269,0.40518,-0.31262,-0.85296,496.49,379.11,-6912.2,41041
37.001,0,0.077342,0.44416,-2.9196,-0.10655,0.40401,-0.31435,-0.85241,511.28,386.48,-6905.2,42599
37.008,0,0.050905,0.25892,-2.8644,-0.11042,0.40287,-0.31607,-0.85182,508.83,387.27,-6900.8,42463
37.015,0,-0.091,0.43714,-2.7883,-0.11431,0.40174,-0.31778,-0.85121,506.1,384.19,-6915.7,42580
37.022,0,-0.020615,0.28193,-2.689,-0.11822,0.40064,-0.31948,-0.85055,525.8,382.52,-6916.3,42805
37.029,0,0.018971,0.16361,-2.8554,-0.12214,0.39957,-0.32117,-0.84987,490.76,383.23,-6906.4,40938
37.036,0,0.081451,0.12857,-2.8783,-0.12608,0.39851,-0.32286,-0.84915,505.04,393.28,-6928,41091
37.043,0,0.060839,0.12597,-2.9592,-0.13004,0.39748,-0.32454,-0.8484,492.17,384.61,-6928.4,41990
37.05,0,-0.087473,0.048758,-2.8768,-0.134,0.39647,-0.32621,-0.84761,494.38,391.39,-6921.2,43065
37.057,0,0.0041455,0.048295,-2.8355,-0.13798,0.39549,-0.32787,-0.84679,502.34,378.04,-6912.5,41596
37.064,0,-0.051825,0.28295,-2.6722,-0.14198,0.39453,-0.32953,-0.84593,483.66,401.69,-6910.5,41285
37.071,0,-0.013301,0.24185,-2.6921,-0.14599,0.39359,-0.33118,-0.84504,513.57,396.88,-6900.2,40942
37.078,0,-0.076809,-0.015625,-2.8266,-0.15001,0.39267,-0.33282,-0.84412,495.16,390.51,-6907.4,42805
37.085,0,-0.16622,0.066157,-2.8293,-0.15405,0.39178,-0.33446,-0.84316,519.71,408.17,-6903.7,40336
37.092,0,-0.21536,0.073375,-2.6221,-0.15809,0.39091,-0.3361,-0.84216,496.58,398.21,-6912.8,40088
37.099,0,-0.053525,-0.22208,-3.0444,-0.16215,0.39006,-0.33773,-0.84113,516.18,382.13,-6902.2,42411
37.106,0,-0.030509,-0.16547,-2.8793,-0.16622,0.38924,-0.33935,-0.84006,502.71,379.14,-6913,41979
37.113,0,-0.075033,-0.14511,-2.5684,-0.17031,0.38843,-0.34098,-0.83896,531.07,404.78,-6888.8,42713
37.12,0,0.0013585,0.05019,-2.7556,-0.1744,0.38765,-0.3426,-0.83782,497.24,393.91,-6916.8,41165
37.127,0,0.0088674,-0.10914,-2.9136,-0.1785,0.3869,-0.34421,-0.83664,507.18,392.94,-6927,41387
37.134,0,-0.095223,-0.1667,-2.7448,-0.18262,0.38616,-0.34583,-0.83543,520.73,399.94,-6922.5,43142
37.141,0,-0.15341,-0.32007,-2.7095,-0.18674,0.38545,-0.34744,-0.83418,499.9,399.23,-6887.8,40743
37.148,0,-0.09229,-0.15913,-2.7004,-0.19087,0.38475,-0.34905,-0.83289,499.6,409.23,-6913.1,42272
37.156,0,0.1083,-0.12547,-2.6063,-0.19501,0.38408,-0.35065,-0.83156,497.11,408.67,-6902,43386
37.163,0,-0.082913,-0.27635,-2.614,-0.19916,0.38343,-0.35226,-0.8302,517.08,394.49,-6915.1,42606
37.17,0,-0.17635,-0.18468,-2.5697,-0.20332,0.3828,-0.35387,-0.8288,492.25,403.98,-6910.9,42262
37.177,0,-0.04098,-0.35996,-2.7998,-0.20748,0.38219,-0.35547,-0.82736,505.41,393.07,-6899.2,40065
37.184,0,-0.15528,-0.27363,-2.6203,-0.21165,0.38161,-0.35707,-0.82588,528.55,385.84,-6921.3,40480
37.191,0,-0.11152,-0.26816,-2.4449,-0.21583,0.38104,-0.35868,-0.82436,501.91,391.41,-6899.2,42227
37.198,0,-0.16246,-0.28318,-2.6816,-0.22001,0.38049,-0.36029,-0.82281,505.3,384.41,-6916.5,41121
37.205,0,-0.25592,-0.25848,-2.554,-0.2242,0.37996,-0.36189,-0.82122,500.52,392.05,-6883.8,39665
37.212,0,-0.12634,-0.41535,-2.5718,-0.2284,0.37945,-0.3635,-0.81958,499.1,387.74,-6902,41805
37.219,0,-0.14496,-0.46004,-2.3063,-0.23259,0.37896,-0.36511,-0.81791,518.09,381.78,-6911.1,42488
37.226,0,-0.04318,-0.36548,-2.3225,-0.2368,0.37849,-0.36672,-0.8162,511.64,385.34,-6900,43299
37.233,0,0.027476,-0.4816,-2.3676,-0.241,0.37804,-0.36833,-0.81445,505.71,404.14,-6903.4,41622
37.24,0,-0.2774,-0.50671,-2.5147,-0.24521,0.37761,-0.36995,-0.81267,506.34,397.96,-6891.3,40999
37.247,0,-0.23954,-0.60405,-2.5557,-0.24943,0.37719,-0.37156,-0.81084,493.21,374.38,-6906.4,40917
37.254,0,-0.06357,-0.5325,-2.5456,-0.25364,0.37679,-0.37318,-0.80897,524.91,399.9,-6909.5,41051
37.261,0,-0.22775,-0.6189,-2.3824,-0.25786,0.37641,-0.37481,-0.80706,518.82,369.27,-6883.7,41897
37.268,0,-0.22732,-0.531,-2.3465,-0.26207,0.37604,-0.37644,-0.80511,511.34,394.63,-6908.9,40742
37.275,0,-0.23211,-0.50599,-2.3441,-0.26629,0.37569,-0.37807,-0.80313,519.32,391.92,-6886.7,41902
37.282,0,-0.038837,-0.62162,-2.1115,-0.27051,0.37536,-0.3797,-0.8011,521.45,405.09,-6879.6,40379
37.289,0,-0.22301,-0.49056,-2.2967,-0.27472,0.37504,-0.38135,-0.79903,533.2,388.39,-6904.9,41296
37.296,0,-0.21564,-0.57376,-2.1497,-0.27894,0.37474,-0.38299,-0.79692,509.05,396.58,-6896,41713
37.303,0,0.032495,-0.66144,-2.168,-0.28315,0.37445,-0.38464,-0.79477,516.28,381.82,-6894.7,41971
37.311,0,-0.2341,-0.6222,-2.2546,-0.28737,0.37417,-0.3863,-0.79259,516.28,395.34,-6884.6,43436
37.318,0,-0.20423,-0.76834,-2.2169,-0.29158,0.37391,-0.38796,-0.79036,509.65,402.91,-6894.1,42043
37.325,1,-0.17666,-0.54296,-2.0819,-0.29578,0.37366,-0.38963,-0.78809,511.75,395.51,-6891.2,40189
37.332,0,-0.24558,-0.78916,-2.0949,-0.29998,0.37343,-0.3913,-0.78578,530.58,384.73,-6911.8,41180
37.339,0,-0.22712,-0.82689,-2.1617,-0.30418,0.3732,-0.39298,-0.78343,527.13,400.75,-6886.4,41441
37.346,0,-0.24562,-0.85176,-2.0324,-0.30838,0.37299,-0.39466,-0.78104,534.22,394.59,-6897.2,42578
37.353,0,-0.064917,-0.58567,-2.0317,-0.31257,0.37279,-0.39636,-0.77861,516.43,401.44,-6886.6,39469
37.36,0,-0.13976,-0.68035,-1.9438,-0.31675,0.3726,-0.39806,-0.77614,507.48,401.45,-6915.4,40809
37.367,0,-0.18112,-0.68552,-1.8442,-0.32092,0.37243,-0.39976,-0.77363,534.15,397.63,-6896.4,41833
37.374,0,-0.14776,-0.67391,-1.8277,-0.32509,0.37226,-0.40148,-0.77108,513.82,392.1,-6901.7,42999
37.381,0,-0.19282,-0.76821,-1.7965,-0.32925,0.3721,-0.4032,-0.76848,504.41,369.6,-6880.7,41155
37.388,0,-0.1527,-0.71997,-1.7685,-0.33341,0.37195,-0.40493,-0.76585,510.31,388.6,-6899.8,41424
37.395,0,-0.17856,-0.74119,-1.6506,-0.33755,0.3718,-0.40666,-0.76318,513.57,410.72,-6888.7,41237
37.402,0,-0.27073,-0.62103,-1.9137,-0.34169,0.37167,-0.40841,-0.76047,503.24,397.48,-6890.4,41357
37.409,0,-0.1394,-0.81591,-1.5492,-0.34581,0.37154,-0.41016,-0.75772,520.57,393.84,-6896.1,41415
37.416,0,-0.38686,-0.68932,-1.791,-0.34993,0.37142,-0.41192,-0.75493,498.6,401.2,-6896.9,43245
37.423,0,-0.31337,-0.71124,-1.6395,-0.35403,0.3713,-0.41369,-0.7521,500.98,381.75,-6901.3,39226
37.43,0,-0.1472,-0.76291,-1.5469,-0.35812,0.37119,-0.41547,-0.74923,513.97,378.32,-6918.2,41442
37.437,0,-0.41253,-0.76055,-1.589,-0.3622,0.37108,-0.41726,-0.74632,504.83,377.21,-6885.2,42575
37.444,0,-0.17321,-0.72227,-1.4535,-0.36627,0.37098,-0.41906,-0.74338,510.71,396.81,-6885.3,42943
37.451,0,-0.18978,-0.64616,-1.4246,-0.37033,0.37088,-0.42086,-0.74039,520.52,390.25,-6890.8,41867
37.458,0,-0.50915,-0.79384,-1.5077,-0.37437,0.37079,-0.42268,-0.73737,509.57,410.17,-6880.8,40833
37.465,0,-0.14843,-0.68142,-1.265,-0.37839,0.3707,-0.4245,-0.7343,516.39,386.16,-6876.2,41948
37.473,0,-0.1333,-0.71601,-1.3395,-0.38241,0.3706,-0.42633,-0.7312,507.81,400.72,-6891.6,42583
37.48,0,-0.33206,-0.64617,-1.3286,-0.3864,0.37051,-0.42818,-0.72806,499.09,405.42,-6908.1,40369
37.487,0,-0.27791,-0.86949,-1.3873,-0.39039,0.37042,-0.43003,-0.72489,523.69,392.16,-6884.1,42258
37.494,0,-0.38014,-0.7715,-1.1807,-0.39435,0.37033,-0.43189,-0.72167,512.07,410.86,-6874.3,42398
37.501,0,-0.3357,-0.69155,-1.212,-0.3983,0.37024,-0.43376,-0.71842,538.46,382.39,-6893.6,41934
37.508,0,-0.42093,-0.4473,-1.2079,-0.40223,0.37015,-0.43564,-0.71513,525.6,397.83,-6893.4,40239
37.515,0,-0.25742,-0.60488,-1.0855,-0.40614,0.37006,-0.43753,-0.71181,519.23,404.6,-6884.3,41794
37.522,0,-0.22595,-0.60146,-1.1475,-0.41004,0.36996,-0.43943,-0.70845,504.95,381.77,-6877.8,43284
37.529,0,-0.36972,-0.8146,-0.95746,-0.41391,0.36986,-0.44134,-0.70505,537.55,408.95,-6876.3,42641
37.536,0,-0.13531,-0.645,-1.0089,-0.41777,0.36976,-0.44326,-0.70162,507.1,401.33,-6892.1,40781
37.543,0,-0.318,-0.64138,-0.83174,-0.42161,0.36965,-0.44519,-0.69815,516.41,394.2,-6882.3,43566
37.55,0,-0.28066,-0.38262,-0.77176,-0.42542,0.36954,-0.44713,-0.69465,520.2,401.58,-6893.7,41576
37.557,0,-0.15104,-0.79739,-0.87947,-0.42922,0.36942,-0.44908,-0.69111,524.87,391.96,-6903.8,40135
37.564,0,-0.25901,-0.75621,-0.62252,-0.43299,0.36929,-0.45104,-0.68754,511.86,399.82,-6882,41145
37.571,0,-0.1921,-0.45109,-0.66088,-0.43674,0.36916,-0.453,-0.68393,527.9,395.02,-6892.1,43084
37.578,0,-0.23517,-0.64886,-0.62716,-0.44047,0.36902,-0.45498,-0.68029,501.29,397.35,-6874.8,41360
37.585,0,-0.49056,-0.44618,-0.58867,-0.44418,0.36887,-0.45697,-0.67662,520.65,395.66,-6870.9,41189
37.592,0,-0.48022,-0.51515,-0.55922,-0.44786,0.36871,-0.45897,-0.67292,510.73,393.7,-6866.6,40286
37.599,0,-0.38905,-0.53663,-0.55066,-0.45152,0.36854,-0.46097,-0.66918,513.98,401.26,-6890.5,41233
37.606,0,-0.51781,-0.41752,-0.5167,-0.45516,0.36837,-0.46299,-0.66542,514.87,392.98,-6898.1,42144
37.613,0,-0.18814,-0.36885,-0.55874,-0.45877,0.36818,-0.46501,-0.66162,521.99,404.61,-6867.1,40730
37.62,0,-0.32349,-0.31377,-0.60108,-0.46236,0.36797,-0.46705,-0.65779,517.72,379.72,-6886.4,41381
37.627,0,-0.39901,-0.42672,-0.30022,-0.46592,0.36776,-0.46909,-0.65393,514.69,393.82,-6864.7,41651
37.635,0,-0.25876,-0.29799,-0.50893,-0.46946,0.36753,-0.47114,-0.65004,502.51,376.03,-6870.8,41028
37.642,0,-0.44467,-0.26588,-0.22432,-0.47297,0.36729,-0.4732,-0.64612,510.32,401.54,-6873.7,41663
37.649,0,-0.48616,-0.41196,-0.36377,-0.47646,0.36704,-0.47527,-0.64218,505.72,393.76,-6868.2,44485
37.656,0,-0.35746,-0.18659,-0.26959,-0.47991,0.36677,-0.47735,-0.6382,507.98,381.98,-6882.6,40706
37.663,0,-0.41384,-0.20435,-0.21088,-0.48334,0.36648,-0.47943,-0.6342,502.44,372.9,-6865.9,42232
37.67,0,-0.39614,-0.07498,-0.17154,-0.48675,0.36618,-0.48153,-0.63017,519.83,403.63,-6883,41031
37.677,0,-0.15109,-0.12067,-0.055152,-0.49012,0.36586,-0.48363,-0.62612,510.61,411.23,-6867,42244
37.684,0,-0.51251,-0.053153,-0.092031,-0.49347,0.36552,-0.48574,-0.62204,502.52,395.93,-6876.3,41756
37.691,0,-0.39518,-0.0045427,-0.19361,-0.49679,0.36517,-0.48786,-0.61793,520.28,393.19,-6858.2,41251
37.698,0,-0.48899,-0.023468,-0.096607,-0.50008,0.3648,-0.48998,-0.6138,519.73,391.61,-6868.5,41546
37.705,0,-0.36,0.064121,0.0093697,-0.50335,0.3644,-0.49212,-0.60965,529.66,399.36,-6861.9,41525
37.712,0,-0.5099,0.047158,-0.051734,-0.50658,0.36399,-0.49426,-0.60547,521.78,408.78,-6893.3,43394
37.719,0,-0.26028,-0.032961,0.075854,-0.50978,0.36356,-0.4964,-0.60127,508.9,385.47,-6882,41556
37.726,0,-0.37398,0.045731,-0.092312,-0.51296,0.3631,-0.49856,-0.59705,520.38,409.31,-6866.9,41386
37.733,0,-0.54851,0.14114,0.18231,-0.5161,0.36262,-0.50072,-0.59281,502.66,397.64,-6884.6,41995
37.74,0,-0.41149,0.052395,0.11689,-0.51922,0.36212,-0.50288,-0.58854,519.84,390.09,-6875.1,41942
37.747,0,-0.47065,0.13986,0.17669,-0.52231,0.3616,-0.50506,-0.58426,506.14,398.86,-6866.7,43926
37.754,0,-0.54729,0.2101,0.065125,-0.52536,0.36105,-0.50723,-0.57996,527.49,416.22,-6867.6,42206
37.761,0,-0.58905,0.14239,0.24237,-0.52839,0.36048,-0.50942,-0.57563,509.44,387.42,-6856,41574
37.768,0,-0.48875,0.23102,0.23523,-0.53138,0.35989,-0.51161,-0.57129,516.37,389.78,-6874.8,43072
37.775,0,-0.59395,0.35363,0.233,-0.53434,0.35926,-0.5138,-0.56693,500.51,399.19,-6876.6,41633
37.782,0,-0.67579,0.28381,0.23725,-0.53728,0.35862,-0.516,-0.56256,529.16,390.96,-6870.1,42341
37.789,0,-0.53886,0.57237,0.35851,-0.54018,0.35794,-0.5182,-0.55817,514.84,384.98,-6864.8,41297
37.797,0,-0.614,0.576,0.25769,-0.54305,0.35724,-0.52041,-0.55376,531.13,395.68,-6864.1,41138
37.804,0,-0.58016,0.65416,0.40666,-0.54589,0.35651,-0.52262,-0.54934,513.42,400.33,-6884.3,43573
37.811,0,-0.59572,0.47649,0.41469,-0.5487,0.35575,-0.52483,-0.54491,510.7,401.57,-6864.2,41421
37.818,0,-0.76904,0.68272,0.49897,-0.55148,0.35497,-0.52704,-0.54046,509.24,404.55,-6866.8,42179
37.825,0,-0.71141,0.50622,0.58134,-0.55423,0.35415,-0.52926,-0.536,516.08,393.52,-6856.9,41323
37.832,0,-0.5403,0.69165,0.46468,-0.55694,0.3533,-0.53149,-0.53152,533.07,407.17,-6854.4,42106
37.839,0,-0.46768,0.77256,0.35974,-0.55963,0.35243,-0.53371,-0.52704,535.34,392.33,-6872.6,41720
37.846,0,-0.54246,0.83161,0.44243,-0.56228,0.35152,-0.53593,-0.52254,527.82,407.72,-6879.3,41369
37.853,0,-0.65042,0.95847,0.59593,-0.5649,0.35058,-0.53816,-0.51804,513.35,394.87,-6859.7,41000
37.86,0,-0.77021,0.8337,0.5185,-0.56749,0.34961,-0.54039,-0.51352,518.57,379.69,-6884.9,40733
37.867,0,-0.67407,0.90324,0.57306,-0.57006,0.34861,-0.54261,-0.509,524.24,395.89,-6856.4,41490
37.874,0,-0.64775,1.0005,0.57241,-0.57259,0.34757,-0.54484,-0.50447,513.56,393.82,-6848.8,40427
37.881,0,-0.45752,1.191,0.7053,-0.57508,0.3465,-0.54707,-0.49993,523.29,407.15,-6862.4,40760
37.888,0,-0.58078,1.0486,0.72535,-0.57755,0.3454,-0.5493,-0.49539,520.62,403.38,-6871.7,40478
37.895,0,-0.54851,1.1674,0.54735,-0.57999,0.34426,-0.55152,-0.49084,522.87,410.7,-6872,41532
37.902,0,-0.53275,0.96551,0.5154,-0.5824,0.34309,-0.55375,-0.48628,523.5,387.39,-6857.3,41052
37.909,0,-0.82774,1.1549,0.63204,-0.58477,0.34188,-0.55597,-0.48172,519.27,392.36,-6855.7,42928
37.916,0,-0.7717,1.3145,0.55234,-0.58712,0.34064,-0.55819,-0.47716,511.25,392.47,-6850.3,41095
37.923,0,-0.62396,1.4975,0.56329,-0.58944,0.33936,-0.56041,-0.47259,515.88,389.56,-6862.9,41413
37.93,0,-0.77705,1.4289,0.52045,-0.59173,0.33804,-0.56262,-0.46802,540.52,402.09,-6874.5,43791
37.937,0,-0.81512,1.3439,0.66727,-0.59398,0.33669,-0.56483,-0.46345,525.07,398.22,-6875,41235
37.944,0,-0.56785,1.3714,0.56387,-0.59621,0.3353,-0.56704,-0.45888,513.44,408.82,-6862.3,42483
37.951,0,-0.64677,1.5702,0.55237,-0.59841,0.33387,-0.56924,-0.45431,524.14,397.72,-6843.2,42520
37.959,0,-0.77833,1.6668,0.62048,-0.60058,0.33241,-0.57144,-0.44974,524.16,400.97,-6867.8,40777
37.966,0,-0.79895,1.3429,0.6126,-0.60273,0.33091,-0.57363,-0.44516,525.29,417.74,-6870,42149
37.973,0,-0.55001,1.7729,0.71009,-0.60484,0.32937,-0.57582,-0.44059,508.95,392.64,-6861.5,40618
37.98,0,-0.79282,1.6866,0.54716,-0.60692,0.32779,-0.578,-0.43603,526.6,401.74,-6867,41203
37.987,0,-0.61141,1.5377,0.61318,-0.60898,0.32617,-0.58017,-0.43146,525.36,411.28,-6865.9,43295
37.994,0,-0.80879,1.9414,0.64957,-0.61101,0.32451,-0.58233,-0.4269,535.28,402.55,-6863.9,42300
38.001,0,-0.65078,1.8459,0.62871,-0.61302,0.32281,-0.58449,-0.42234,502.25,413.66,-6854.4,40978
38.008,0,-0.66909,1.8015,0.50653,-0.61499,0.32107,-0.58664,-0.41779,518.49,395.45,-6857.9,40507
38.015,0,-0.61576,1.8221,0.36796,-0.61694,0.3193,-0.58878,-0.41324,509.12,396.12,-6847.9,40506
38.022,0,-0.73115,2.0369,0.5565,-0.61887,0.31748,-0.59091,-0.40869,512.92,388.55,-6838.3,41568
38.029,1,-0.69021,1.8115,0.54692,-0.62077,0.31562,-0.59304,-0.40416,512.63,396.58,-6853.1,41728
38.036,0,-0.60717,2.1518,0.44147,-0.62264,0.31372,-0.59515,-0.39963,521.55,410.72,-6853.5,41067
38.043,0,-0.71009,2.1276,0.50363,-0.62449,0.31178,-0.59725,-0.3951,538.49,395.12,-6847.7,41395
38.05,0,-0.8566,2.1422,0.53514,-0.62631,0.3098,-0.59934,-0.39059,530.72,410.97,-6851.2,40196
38.057,0,-0.71964,1.9948,0.48417,-0.62811,0.30777,-0.60142,-0.38608,497.97,409.09,-6860.1,41639
38.064,0,-0.94176,2.1525,0.57646,-0.62988,0.30571,-0.60348,-0.38158,507.03,388.08,-6878.1,41985
38.071,0,-0.86332,2.2025,0.43307,-0.63163,0.3036,-0.60553,-0.37709,520.64,405.43,-6867.9,41631
38.078,0,-0.76008,2.4033,0.23941,-0.63336,0.30145,-0.60757,-0.37261,511.54,393.73,-6861.8,41470
38.085,0,-0.96833,2.3248,0.59041,-0.63507,0.29926,-0.6096,-0.36814,528.39,397,-6853.3,43405
38.092,0,-0.76014,2.3084,0.48562,-0.63675,0.29702,-0.61161,-0.36368,548.4,399.77,-6850.2,42558
38.099,0,-0.83782,2.3494,0.25346,-0.63841,0.29475,-0.6136,-0.35923,508.75,406.01,-6859.3,42407
38.106,0,-0.79046,2.4215,0.37148,-0.64005,0.29243,-0.61558,-0.35479,536.28,400.05,-6850.5,41257
38.113,0,-0.78769,2.3777,0.38282,-0.64167,0.29007,-0.61755,-0.35036,521.21,388.72,-6857.9,39920
38.121,0,-1.0113,2.241,0.45267,-0.64327,0.28767,-0.61949,-0.34595,528.76,398.62,-6853.4,42660
38.128,0,-0.97512,2.4534,0.14122,-0.64485,0.28522,-0.62142,-0.34155,514.53,403.22,-6845.3,42664
38.135,0,-0.95789,2.3287,0.24694,-0.64641,0.28273,-0.62333,-0.33716,519.25,419.94,-6857.1,41240
38.142,0,-0.82976,2.5444,0.16139,-0.64795,0.2802,-0.62523,-0.33278,518.51,390.4,-6839.3,42880
38.149,0,-0.82475,2.5783,0.13582,-0.64947,0.27762,-0.6271,-0.32842,524.11,401.7,-6852.3,42134
38.156,0,-1.0186,2.5802,0.30511,-0.65097,0.27501,-0.62896,-0.32407,505.88,414.32,-6852.5,40979
38.163,0,-0.9232,2.7531,0.016572,-0.65246,0.27235,-0.63079,-0.31973,512.07,405.03,-6841.4,42918
38.17,0,-0.86267,2.6814,0.12262,-0.65392,0.26965,-0.63261,-0.31541,522.61,401.22,-6851,41737
38.177,0,-0.93839,2.6258,0.13855,-0.65538,0.2669,-0.6344,-0.3111,531.26,411.14,-6848.7,41720
38.184,0,-0.99859,2.8555,0.13817,-0.65681,0.26411,-0.63617,-0.30681,511.23,400.03,-6843.5,41750
38.191,0,-0.88576,2.6502,0.10154,-0.65823,0.26128,-0.63792,-0.30253,504.7,383.68,-6847.1,43129
38.198,0,-0.91005,2.8476,0.097629,-0.65963,0.25841,-0.63965,-0.29827,519.7,409.42,-6834.2,41910
38.205,0,-0.80736,2.7142,-0.031589,-0.66102,0.2555,-0.64135,-0.29402,500.12,375.83,-6844.1,43429
38.212,0,-0.9345,2.7915,0.068084,-0.66239,0.25254,-0.64303,-0.28979,496.25,401.68,-6833.8,42910
38.219,0,-0.89609,2.6525,-0.18078,-0.66375,0.24954,-0.64468,-0.28557,536.87,400.64,-6854,42354
38.226,0,-0.81305,2.8599,-0.10732,-0.6651,0.2465,-0.64631,-0.28137,514.52,397.66,-6834.5,41697
38.233,0,-0.87492,2.886,-0.17826,-0.66643,0.24341,-0.64791,-0.27719,533.52,389.81,-6847.3,40832
38.24,0,-0.83292,2.887,-0.33263,-0.66775,0.24029,-0.64949,-0.27302,517.8,385.79,-6854.9,42506
38.247,0,-0.94286,2.8852,-0.083267,-0.66905,0.23712,-0.65104,-0.26886,529.56,402.56,-6844.3,41851
38.254,0,-0.88538,2.7124,-0.2617,-0.67035,0.23392,-0.65256,-0.26473,524.24,402.28,-6832.2,40269
38.261,0,-1.0443,2.8109,-0.45883,-0.67163,0.23067,-0.65405,-0.26061,507.87,402.85,-6844.4,41532
38.268,0,-1.1548,2.8979,-0.21099,-0.67291,0.22738,-0.65552,-0.2565,516.73,388.11,-6839.2,41832
38.275,0,-1.079,2.8417,-0.2958,-0.67417,0.22405,-0.65696,-0.25241,513.69,396.96,-6840.4,42344
38.283,0,-0.93693,2.8105,-0.36396,-0.67542,0.22068,-0.65836,-0.24834,501.26,410.16,-6835.2,42184
38.29,0,-1.1616,3.0161,-0.3638,-0.67666,0.21727,-0.65974,-0.24428,531.85,403.8,-6842.7,41101
38.297,0,-0.86008,3.0454,-0.52821,-0.67789,0.21382,-0.66108,-0.24024,523.44,400.55,-6845.1,42977
38.304,0,-0.91524,3.0314,-0.41487,-0.67912,0.21032,-0.6624,-0.23622,512.52,402.51,-6835.7,43734
38.311,0,-0.97176,3.0443,-0.61867,-0.68033,0.2068,-0.66368,-0.23221,509.42,406.1,-6840.7,43059
38.318,0,-1.1387,2.9205,-0.46104,-0.68154,0.20323,-0.66493,-0.22821,519.43,405.64,-6865.7,40757
38.325,0,-1.1174,2.9743,-0.66348,-0.68273,0.19962,-0.66614,-0.22424,514.04,415.83,-6833.5,44075
38.332,0,-0.98285,2.878,-0.71039,-0.68392,0.19597,-0.66732,-0.22028,526.77,403,-6835.4,42701
38.339,0,-0.94094,2.9629,-0.72605,-0.68511,0.19229,-0.66847,-0.21633,528.57,411.25,-6829.6,40557
38.346,0,-1.1445,2.8481,-0.76408,-0.68628,0.18857,-0.66958,-0.2124,520.14,395.88,-6837.4,40714
38.353,0,-0.99038,2.8577,-0.69351,-0.68745,0.18481,-0.67066,-0.20849,519.59,395.15,-6824.1,42473
38.36,0,-0.87139,2.9783,-0.76883,-0.68862,0.18102,-0.6717,-0.20459,528.13,395.55,-6833.5,40654
38.367,0,-0.92632,2.9087,-0.88658,-0.68977,0.17718,-0.67271,-0.2007,531.54,390.61,-6861.7,41312
38.374,0,-0.91751,2.9613,-0.75499,-0.69093,0.17332,-0.67368,-0.19683,511.38,397.78,-6830.8,41887
38.381,0,-0.86684,2.9928,-0.92504,-0.69207,0.16941,-0.67461,-0.19298,517.39,403.98,-6816.6,40927
38.388,0,-1.0193,2.8693,-0.91572,-0.69321,0.16548,-0.6755,-0.18914,516.5,399.87,-6833.7,42110
38.395,0,-0.79235,2.8732,-0.98869,-0.69435,0.1615,-0.67635,-0.18531,531.03,403.07,-6818.7,41679
38.402,0,-0.89565,2.8561,-1.0006,-0.69548,0.1575,-0.67717,-0.1815,516.13,398.7,-6836.6,42362
38.409,0,-1.0601,2.8488,-1.1313,-0.69661,0.15346,-0.67794,-0.1777,526.42,410.27,-6847.9,41956
38.416,0,-0.91084,2.7672,-1.0328,-0.69774,0.14938,-0.67868,-0.17391,515,400.33,-6813.8,40982
38.423,0,-0.81649,2.7035,-0.9081,-0.69886,0.14528,-0.67937,-0.17014,546.37,396.9,-6822.9,42461
38.43,0,-0.83787,2.7309,-1.0349,-0.69997,0.14114,-0.68003,-0.16638,524.83,398.9,-6836.4,42726
38.437,0,-0.76253,2.6175,-1.0264,-0.70108,0.13697,-0.68064,-0.16263,533.8,395.64,-6847.6,41184
38.445,0,-0.95164,2.4885,-1.1157,-0.70219,0.13277,-0.68121,-0.1589,513.79,392.62,-6818.1,42023
38.452,0,-0.79009,2.7009,-1.0596,-0.7033,0.12854,-0.68174,-0.15517,497.1,393.55,-6836.4,40310
38.459,0,-1.0363,2.476,-0.99286,-0.7044,0.12428,-0.68223,-0.15146,520.78,397.05,-6824.3,42058
38.466,0,-0.90897,2.4741,-1.0256,-0.7055,0.11999,-0.68267,-0.14776,531.14,406.98,-6831.4,41459
38.473,0,-0.88737,2.6267,-1.1267,-0.7066,0.11567,-0.68307,-0.14407,523.36,388.08,-6841.8,42363
38.48,0,-0.92559,2.576,-1.1622,-0.7077,0.11132,-0.68342,-0.14039,520.5,404.31,-6829.8,42224
38.487,0,-1.007,2.4106,-1.1122,-0.70879,0.10695,-0.68373,-0.13672,530.65,383.67,-6826.9,42118
38.494,0,-0.96863,2.3249,-1.3468,-0.70988,0.10255,-0.684,-0.13306,524.31,401.05,-6850.7,41514
38.501,0,-0.91144,2.4063,-1.3837,-0.71097,0.09812,-0.68422,-0.12941,512.59,400.46,-6814.8,41634
38.508,0,-1.1471,2.3705,-1.2836,-0.71205,0.093668,-0.68439,-0.12577,525.79,414.82,-6845.4,42585
38.515,0,-0.91178,2.2748,-1.3691,-0.71313,0.089191,-0.68452,-0.12214,529.8,389.51,-6817.4,41994
38.522,0,-0.93853,2.1139,-1.3258,-0.71422,0.08469,-0.6846,-0.11852,535.68,406.42,-6822.9,41045
38.529,0,-0.87023,2.3155,-1.1659,-0.71529,0.080165,-0.68464,-0.1149,535.23,413.72,-6805.1,42707
38.536,0,-1.001,2.3257,-1.2525,-0.71637,0.075618,-0.68462,-0.11129,525.35,384.38,-6830.2,41857
38.543,0,-0.99635,2.1886,-1.3765,-0.71744,0.071049,-0.68456,-0.10769,515.44,395.66,-6823.3,41846
38.55,0,-0.99736,2.2809,-1.5024,-0.71852,0.066459,-0.68446,-0.1041,514.36,386.23,-6823.6,43614
38.557,0,-1.066,2.2962,-1.6307,-0.71958,0.061849,-0.6843,-0.10051,536.63,415.33,-6822.6,41714
38.564,0,-0.94989,2.0665,-1.1995,-0.72065,0.057218,-0.6841,-0.096926,535.93,391.82,-6836,40946
38.571,0,-0.90138,2.0442,-1.3396,-0.72171,0.052569,-0.68385,-0.093348,526.23,417.48,-6835.2,43315
38.578,0,-1.0001,1.8178,-1.2967,-0.72278,0.047902,-0.68355,-0.089775,524.68,392.08,-6830,40720
38.585,0,-0.86657,2.0185,-1.2919,-0.72383,0.043217,-0.6832,-0.086206,506.36,414.61,-6809.2,42458
38.592,0,-0.92494,2.0371,-1.5204,-0.72489,0.038516,-0.6828,-0.082641,528.81,419.74,-6812.2,41938
38.599,0,-1.0014,1.7807,-1.306,-0.72594,0.033799,-0.68236,-0.07908,517.63,413.92,-6829.4,41251
38.607,0,-0.82893,1.7396,-1.454,-0.72699,0.029066,-0.68186,-0.075521,500.78,392.54,-6820.1,41132
38.614,0,-0.82652,1.8866,-1.463,-0.72804,0.02432,-0.68131,-0.071965,519.22,407.98,-6817.1,43122
38.621,0,-0.9074,1.743,-1.4571,-0.72908,0.01956,-0.68072,-0.068411,536.64,406.29,-6824.8,41095
38.628,0,-0.8426,1.5466,-1.4918,-0.73012,0.014787,-0.68007,-0.064859,523.65,407.63,-6802.5,40515
38.635,0,-0.85541,1.5881,-1.4053,-0.73115,0.010003,-0.67938,-0.061308,538.48,387.18,-6814.3,42765
38.642,0,-1.017,1.7361,-1.3542,-0.73219,0.0052079,-0.67863,-0.057758,526.16,414.86,-6817.5,43109
38.649,0,-0.74153,1.424,-1.4327,-0.73321,0.00040261,-0.67784,-0.054208,534.41,402.22,-6820.4,43415
38.656,0,-0.98104,1.4247,-1.3942,-0.73423,-0.004412,-0.67699,-0.050658,523.93,396.6,-6829.9,43600
38.663,0,-0.74062,1.3517,-1.3064,-0.73525,-0.009235,-0.67609,-0.047107,518.28,414.46,-6789.7,43082
38.67,0,-0.98441,1.5157,-1.5114,-0.73626,-0.014066,-0.67515,-0.043555,520.76,389.29,-6821.5,41515
38.677,0,-0.96943,1.4078,-1.4893,-0.73727,-0.018903,-0.67415,-0.040001,532.91,411.12,-6826.4,44087
38.684,0,-0.80558,1.3501,-1.2366,-0.73827,-0.023746,-0.67311,-0.036446,528.46,420.2,-6808.6,42080
38.691,0,-0.96265,1.3859,-1.2958,-0.73926,-0.028594,-0.67201,-0.032887,539.67,395.04,-6801.9,40473
38.698,0,-0.9182,1.2099,-1.4714,-0.74025,-0.033447,-0.67086,-0.029326,529.47,423.31,-6815.3,42709
38.705,0,-0.81435,1.1699,-1.2418,-0.74123,-0.038302,-0.66966,-0.025762,519.4,388.55,-6815.2,41778
38.712,0,-0.85143,1.0748,-1.3697,-0.7422,-0.04316,-0.66842,-0.022194,525.14,384.9,-6793.7,41764
38.719,0,-1.026,1.0643,-1.072,-0.74317,-0.04802,-0.66712,-0.018621,524.78,411.28,-6811.4,41808
38.726,0,-0.91392,1.156,-1.1305,-0.74413,-0.05288,-0.66577,-0.015044,507.36,402.71,-6804.9,43552
38.733,1,-0.94519,0.91482,-1.088,-0.74507,-0.05774,-0.66438,-0.011462,530.05,413.35,-6819.8,41273
38.74,0,-0.77712,0.90263,-1.265,-0.74602,-0.062599,-0.66293,-0.0078738,532.65,388.63,-6798.7,42426
38.747,0,-1.0286,0.97775,-1.1412,-0.74695,-0.067456,-0.66144,-0.00428,521.39,402.21,-6827.6,42802
38.754,0,-0.85171,0.85727,-1.0797,-0.74787,-0.07231,-0.6599,-0.00067978,531.31,408.26,-6797.7,42241
38.762,0,-0.71123,0.7802,-1.0259,-0.74878,-0.077161,-0.6583,0.0029272,520.23,406.05,-6804.2,42634
38.769,0,-0.72397,0.80347,-1.0554,-0.74968,-0.082007,-0.65666,0.0065415,515.2,393.67,-6810.5,44728
38.776,0,-0.64813,0.80715,-1.1246,-0.75057,-0.086848,-0.65497,0.010163,514.73,390.83,-6798.9,41967
38.783,0,-0.72138,0.69124,-0.95624,-0.75145,-0.091683,-0.65324,0.013793,500.99,414.63,-6814.2,41742
38.79,0,-0.77191,0.59967,-0.88733,-0.75232,-0.096511,-0.65145,0.017431,520.14,388.27,-6806.2,43826
38.797,0,-0.92568,0.6305,-0.81207,-0.75318,-0.10133,-0.64962,0.021078,527.07,399.47,-6803.9,41984
38.804,0,-0.70936,0.59705,-0.96291,-0.75402,-0.10614,-0.64775,0.024734,518.34,403.44,-6820.1,42898
38.811,0,-0.78981,0.6221,-0.85,-0.75485,-0.11094,-0.64582,0.0284,512.89,399.05,-6787.8,41846
38.818,0,-0.69272,0.79622,-0.78788,-0.75567,-0.11573,-0.64385,0.032075,533.34,387.91,-6809.4,42395
38.825,0,-0.92449,0.34969,-0.75144,-0.75647,-0.12051,-0.64184,0.035761,525.98,403.74,-6806.4,42185
38.832,0,-0.75747,0.33991,-0.79657,-0.75725,-0.12528,-0.63978,0.039457,520.34,399.18,-6805,42581
38.839,0,-0.72556,0.18755,-0.63384,-0.75802,-0.13004,-0.63767,0.043164,520.54,388.48,-6782.9,40599
38.846,0,-0.49991,0.2751,-0.73353,-0.75878,-0.13478,-0.63552,0.046882,517.71,389.05,-6798.2,42263
38.853,0,-0.58259,0.15852,-0.50083,-0.75952,-0.13951,-0.63333,0.050612,540.51,428.3,-6792.8,44114
38.86,0,-0.67112,0.25121,-0.59309,-0.76024,-0.14422,-0.63109,0.054354,513.91,401.05,-6797.5,40546
38.867,0,-0.76898,0.32108,-0.48569,-0.76095,-0.14891,-0.62882,0.058108,536.96,414.39,-6813,41496
38.874,0,-0.71708,0.38741,-0.34857,-0.76163,-0.15359,-0.6265,0.061874,531.37,399.78,-6811.6,43964
38.881,0,-0.85763,0.13981,-0.34533,-0.7623,-0.15826,-0.62413,0.065653,526.43,388.56,-6778.9,42140
38.888,0,-0.70298,0.12965,-0.12077,-0.76295,-0.1629,-0.62173,0.069444,545.36,397.05,-6798.2,42617
38.895,0,-0.5602,0.23198,-0.18969,-0.76358,-0.16753,-0.61929,0.073249,533.7,402.14,-6816.3,43483
38.902,0,-0.70226,0.057465,-0.098296,-0.76419,-0.17213,-0.61681,0.077068,543.16,392.6,-6794.1,42788
38.909,0,-0.55273,0.066271,-0.082138,-0.76477,-0.17672,-0.61429,0.0809,520.66,410.99,-6808.9,40741
38.916,0,-0.56297,-0.11708,0.099159,-0.76534,-0.18128,-0.61173,0.084746,522.97,412.24,-6786.8,43823
38.924,0,-0.86879,0.0080322,-0.0088573,-0.76588,-0.18583,-0.60913,0.088606,524.29,410.8,-6780.9,42538
38.931,0,-0.58125,-0.12781,0.046751,-0.76641,-0.19035,-0.6065,0.092481,534.5,401.3,-6786.1,41327
38.938,0,-0.76955,-0.15929,0.068037,-0.7669,-0.19484,-0.60383,0.09637,534.21,396.84,-6794.9,42330
38.945,0,-0.64133,-0.19664,-0.054584,-0.76738,-0.19932,-0.60112,0.10027,520.65,386.87,-6794.4,41279
38.952,0,-0.39545,-0.07086,0.16812,-0.76783,-0.20377,-0.59838,0.10419,534.63,404.93,-6803.7,41651
38.959,0,-0.52145,-0.2306,0.24068,-0.76825,-0.2082,-0.59561,0.10813,532.71,395.87,-6797.7,40411
38.966,0,-0.73639,0.055521,0.19298,-0.76865,-0.2126,-0.5928,0.11208,519.48,394.54,-6774.5,41901
38.973,0,-0.67382,0.014993,0.20775,-0.76902,-0.21697,-0.58997,0.11604,527.44,402.82,-6813.2,44259
38.98,0,-0.55475,-0.25875,0.37997,-0.76937,-0.22132,-0.5871,0.12002,523.17,409.22,-6781.4,43433
38.987,0,-0.60453,-0.20638,0.4449,-0.76969,-0.22564,-0.5842,0.12402,527.71,415.76,-6783.6,44545
38.994,0,-0.60442,-0.017524,0.42228,-0.76998,-0.22994,-0.58127,0.12803,532.64,409.01,-6799.5,41678
39.001,0,-0.53465,-0.21324,0.49899,-0.77024,-0.23421,-0.57831,0.13205,525.68,409.55,-6789.4,41969
39.008,0,-0.57969,-0.2906,0.73871,-0.77047,-0.23845,-0.57532,0.1361,507.31,411.6,-6799,41893
39.015,0,-0.50102,-0.15331,0.97658,-0.77068,-0.24266,-0.5723,0.14015,523.55,395.08,-6805.3,43427
39.022,0,-0.84344,-0.18615,0.78618,-0.77085,-0.24684,-0.56926,0.14423,503.66,418.03,-6783.9,41423
39.029,0,-0.5606,-0.17087,1.0007,-0.77099,-0.25099,-0.5662,0.14832,534.6,421.33,-6790.1,42843
39.036,0,-0.54888,-0.15589,0.82259,-0.7711,-0.25511,-0.56311,0.15243,538.36,402.73,-6802.4,42569
39.043,0,-0.56234,-0.063649,0.82254,-0.77118,-0.25921,-0.55999,0.15655,538.59,414.59,-6795.2,40844
39.05,0,-0.53049,-0.15829,0.96212,-0.77122,-0.26327,-0.55685,0.16069,525.25,389.87,-6781.5,41118
39.057,0,-0.68446,-0.19413,1.1021,-0.77123,-0.2673,-0.5537,0.16484,552.36,411.34,-6788.2,44064
39.064,0,-0.74193,0.0073112,1.0607,-0.77121,-0.2713,-0.55052,0.16901,539.11,405.09,-6786.6,40990
39.071,0,-0.4899,-0.16164,1.2711,-0.77115,-0.27527,-0.54732,0.1732,542.23,413.66,-6788.5,42330
39.078,0,-0.53247,-0.13066,1.1863,-0.77106,-0.27921,-0.5441,0.1774,546.98,409.43,-6794.7,43212
39.086,0,-0.39624,0.055075,1.2518,-0.77093,-0.28311,-0.54086,0.18162,526.67,407.3,-6786.2,44260
39.093,0,-0.41924,-0.065216,1.3614,-0.77076,-0.28699,-0.5376,0.18586,524.03,400.98,-6756.7,42199
39.1,0,-0.39959,-0.13893,1.3839,-0.77056,-0.29083,-0.53433,0.19011,513.51,379.72,-6799.1,41777
39.107,0,-0.57859,-0.00025244,1.5604,-0.77032,-0.29464,-0.53105,0.19437,533.23,404.26,-6781.1,42892
39.114,0,-0.59027,-0.20894,1.4417,-0.77005,-0.29841,-0.52774,0.19865,528.75,406.82,-6784.8,42795
39.121,0,-0.63873,0.051596,1.5452,-0.76973,-0.30216,-0.52443,0.20295,541.53,400.51,-6787.3,41157
39.128,0,-0.39435,0.043821,1.5721,-0.76938,-0.30587,-0.5211,0.20726,511.03,390.79,-6794.3,40961
39.135,0,-0.46036,-0.037358,1.5757,-0.76898,-0.30955,-0.51776,0.21159,532.18,412.23,-6774.3,41108
39.142,0,-0.49885,-0.14768,1.7104,-0.76855,-0.3132,-0.51441,0.21593,524.86,394.86,-6781.6,41500
39.149,0,-0.48472,0.10275,1.8285,-0.76807,-0.31681,-0.51105,0.22029,531.34,402.19,-6782.1,41639
39.156,0,-0.43574,0.27123,1.7393,-0.76755,-0.32039,-0.50768,0.22466,533.07,406.77,-6784.1,43897
39.163,0,-0.72852,-0.11719,1.8835,-0.76699,-0.32394,-0.50431,0.22905,535.14,430.52,-6782.8,43033
39.17,0,-0.39765,0.28004,1.9091,-0.76639,-0.32745,-0.50092,0.23345,540.31,413.87,-6792.8,42857
39.177,0,-0.50921,0.12269,1.8197,-0.76575,-0.33094,-0.49753,0.23786,515.1,392.46,-6794.4,39944
39.184,0,-0.46616,0.034235,2.1806,-0.76506,-0.33439,-0.49413,0.24229,532.41,396.87,-6768.1,42484
39.191,0,-0.50269,0.1325,1.9175,-0.76433,-0.33781,-0.49073,0.24673,538.91,402.27,-6770.7,44238
39.198,0,-0.4525,0.27863,2.0374,-0.76355,-0.34119,-0.48733,0.25118,553.92,398.53,-6779,42800
39.205,0,-0.52143,0.36048,2.1287,-0.76273,-0.34454,-0.48392,0.25565,536.1,407.1,-6773.7,41337
39.212,0,-0.47757,0.32047,2.1292,-0.76186,-0.34787,-0.48051,0.26013,527.23,408.79,-6773.1,42016
39.219,0,-0.57343,0.23632,2.1595,-0.76095,-0.35116,-0.4771,0.26462,511.65,385.6,-6780.2,41868
39.226,0,-0.49298,0.14576,2.1832,-0.75999,-0.35441,-0.47369,0.26912,536.97,405.42,-6774,42180
39.233,0,-0.40846,0.44358,2.4095,-0.75898,-0.35764,-0.47027,0.27364,531.74,401.81,-6773.2,41580
39.24,0,-0.57001,0.48611,2.4903,-0.75793,-0.36083,-0.46686,0.27816,529.07,401.86,-6764,42496
39.248,0,-0.41984,0.32628,2.4163,-0.75683,-0.364,-0.46346,0.2827,538.47,401.61,-6770.2,44498
39.255,0,-0.46203,0.63399,2.5045,-0.75568,-0.36713,-0.46005,0.28725,546.21,427.24,-6775.9,41611
39.262,0,-0.4024,0.4287,2.4216,-0.75448,-0.37024,-0.45665,0.29181,522.98,405.18,-6782.9,40809
39.269,0,-0.31439,0.58204,2.8032,-0.75324,-0.37331,-0.45325,0.29637,529.82,408.28,-6778.9,42311
39.276,0,-0.29404,0.61452,2.4446,-0.75194,-0.37635,-0.44986,0.30095,540.72,399.34,-6772.1,42608
39.283,0,-0.50531,0.56247,2.3324,-0.7506,-0.37937,-0.44647,0.30554,531.32,418.35,-6781,43356
39.29,0,-0.52197,0.80262,2.4782,-0.7492,-0.38235,-0.44309,0.31013,531.81,395.18,-6782.9,42360
39.297,0,-0.4283,0.8045,2.4792,-0.74775,-0.38531,-0.43971,0.31473,515.8,397.09,-6769.1,42734
39.304,0,-0.38485,0.74903,2.505,-0.74625,-0.38824,-0.43635,0.31934,533.86,418.33,-6766.8,44162
39.311,0,-0.42952,0.89845,2.5371,-0.7447,-0.39114,-0.43299,0.32396,533.34,402.26,-6770.4,42518
39.318,0,-0.41565,1.044,2.7403,-0.7431,-0.39401,-0.42964,0.32858,524.57,410.89,-6773.8,41690
39.325,0,-0.49946,0.83638,2.6815,-0.74145,-0.39686,-0.4263,0.33321,537.06,399.48,-6763.1,42211
39.332,0,-0.45181,0.81524,2.6222,-0.73974,-0.39967,-0.42297,0.33785,529.27,407.9,-6739.7,42729
39.339,0,-0.40316,1.2152,2.5883,-0.73798,-0.40247,-0.41965,0.34248,543.06,411.8,-6759.1,43157
39.346,0,-0.34184,1.0149,2.6746,-0.73617,-0.40523,-0.41634,0.34713,534.41,400.99,-6755.6,40831
39.353,0,-0.23488,1.2761,2.5176,-0.73431,-0.40798,-0.41304,0.35178,515.74,399.7,-6775.1,42592
39.36,0,-0.42037,1.1913,2.7361,-0.73239,-0.41069,-0.40975,0.35643,515.81,399.94,-6751.9,41997
39.367,0,-0.14843,1.1257,2.557,-0.73041,-0.41339,-0.40648,0.36108,532.84,415.54,-6763.8,40228
39.374,0,-0.48495,1.1701,2.8024,-0.72839,-0.41606,-0.40322,0.36574,529.84,404.61,-6765.9,42137
39.381,0,-0.34702,1.366,2.7601,-0.7263,-0.4187,-0.39997,0.3704,535.63,414.17,-6774.4,43390
39.388,0,-0.42896,1.2844,2.7414,-0.72417,-0.42132,-0.39674,0.37506,552.46,381.09,-6756,43847
39.395,0,-0.42188,1.2703,2.7211,-0.72198,-0.42392,-0.39352,0.37972,525.19,412.38,-6777.2,43013
39.402,0,-0.27153,1.4251,2.5907,-0.71973,-0.4265,-0.39031,0.38438,529.14,408,-6777.4,41292
39.41,0,-0.30879,1.6082,2.6275,-0.71742,-0.42906,-0.38712,0.38903,532.77,417.76,-6756.6,42758
39.417,0,-0.18573,1.4487,2.6795,-0.71507,-0.4316,-0.38394,0.39369,524.95,416.29,-6765.3,41180
39.424,0,-0.40817,1.5755,2.7625,-0.71265,-0.43412,-0.38078,0.39835,529.9,415.99,-6778.1,43444
39.431,0,-0.35987,1.637,2.6259,-0.71018,-0.43661,-0.37763,0.403,512.53,394.47,-6765.3,40631
39.438,1,-0.38072,1.5881,2.774,-0.70765,-0.43909,-0.3745,0.40765,507.06,400.33,-6765.2,41000
39.445,0,-0.51714,1.6116,2.6409,-0.70507,-0.44155,-0.37139,0.41229,525.27,422.99,-6760,43027
39.452,0,-0.41238,1.7359,2.7056,-0.70243,-0.44399,-0.36829,0.41693,523.88,409.84,-6759,42787
39.459,0,-0.25554,1.5871,2.5213,-0.69973,-0.44642,-0.36521,0.42156,551.38,416.1,-6747.8,44430
39.466,0,-0.68044,1.6864,2.5755,-0.69698,-0.44882,-0.36214,0.42619,539.53,414.9,-6757.3,43210
39.473,0,-0.4878,1.8211,2.5075,-0.69416,-0.45121,-0.35909,0.43081,519.91,414.93,-6763.8,44154
39.48,0,-0.35632,1.9253,2.2916,-0.6913,-0.45359,-0.35605,0.43542,546.42,408.57,-6746.3,43169
39.487,0,-0.508,1.8507,2.5477,-0.68837,-0.45595,-0.35303,0.44003,526.48,401.28,-6756.4,43412
39.494,0,-0.46741,1.9259,2.6492,-0.68539,-0.45829,-0.35003,0.44462,533.68,409.94,-6748,43519
39.501,0,-0.40817,1.9274,2.5029,-0.68235,-0.46062,-0.34705,0.44921,541.77,415.96,-6757.1,42148
39.508,0,-0.26083,1.8954,2.5501,-0.67925,-0.46294,-0.34408,0.45378,523.37,414.34,-6756.3,42925
39.515,0,-0.3302,1.9063,2.322,-0.6761,-0.46524,-0.34112,0.45834,531.76,426.79,-6760.4,43847
39.522,0,-0.55129,1.8523,2.559,-0.67288,-0.46753,-0.33819,0.46289,523.65,407.37,-6757.5,41471
39.529,0,-0.49752,2.188,2.3151,-0.66961,-0.46981,-0.33527,0.46743,541.31,412.57,-6759.6,42425
39.536,0,-0.42824,2.0098,2.2887,-0.66629,-0.47208,-0.33236,0.47196,515.88,413.05,-6750.1,43373
39.543,0,-0.38455,2.1009,2.1732,-0.6629,-0.47433,-0.32947,0.47646,522.31,397.24,-6754.1,42622
39.55,0,-0.38674,2.1085,2.1859,-0.65946,-0.47658,-0.3266,0.48096,530.46,406.53,-6739.6,40732
39.557,0,-0.2989,2.1839,2.1818,-0.65596,-0.47881,-0.32374,0.48543,533.01,389.15,-6745.6,42826
39.564,0,-0.46375,2.3427,2.2912,-0.65241,-0.48103,-0.32089,0.48989,547.39,386.3,-6756.1,42209
39.572,0,-0.38799,2.0903,2.118,-0.6488,-0.48325,-0.31806,0.49434,539.38,396.41,-6737.5,42772
39.579,0,-0.26422,2.2457,2.0817,-0.64513,-0.48545,-0.31525,0.49876,535.79,418.95,-6763.4,44146
39.586,0,-0.4829,2.1578,1.9803,-0.6414,-0.48765,-0.31245,0.50316,529.35,405.67,-6740.5,43218
39.593,0,-0.43511,2.172,1.9067,-0.63762,-0.48984,-0.30966,0.50755,522.55,419.95,-6729.9,43588
39.6,0,-0.42329,2.0726,1.8963,-0.63378,-0.49202,-0.30689,0.51191,530.44,416.08,-6746,41633
39.607,0,-0.27715,2.2508,1.9273,-0.62989,-0.4942,-0.30413,0.51625,507.61,412.79,-6726.6,41595
39.614,0,-0.29811,2.3191,1.6991,-0.62594,-0.49636,-0.30138,0.52057,519.35,397.67,-6742.1,39101
39.621,0,-0.58193,2.2111,1.8592,-0.62193,-0.49852,-0.29865,0.52487,530.36,404.71,-6734.8,43250
39.628,0,-0.51901,2.2775,1.7577,-0.61787,-0.50068,-0.29592,0.52914,529.28,413,-6752.3,40936
39.635,0,-0.45634,2.5493,1.6716,-0.61376,-0.50283,-0.29321,0.53338,534.58,388.59,-6749.2,42778
39.642,0,-0.52919,2.2643,1.6076,-0.60959,-0.50497,-0.29051,0.5376,540.97,408.76,-6745.7,42177
39.649,0,-0.37023,2.3469,1.4795,-0.60536,-0.50711,-0.28782,0.54179,537.68,408.46,-6736.5,41825
39.656,0,-0.53859,2.2177,1.6644,-0.60108,-0.50924,-0.28514,0.54596,547.09,408.45,-6741.5,42137
39.663,0,-0.42123,2.3432,1.5291,-0.59675,-0.51137,-0.28247,0.55009,530.25,413.23,-6729.1,43624
39.67,0,-0.5152,2.0659,1.503,-0.59236,-0.51349,-0.27981,0.5542,527.27,402.77,-6759.7,42890
39.677,0,-0.52337,2.2581,1.5014,-0.58792,-0.51561,-0.27716,0.55828,548.01,402.14,-6735.2,42124
39.684,0,-0.32484,2.1887,1.5275,-0.58343,-0.51773,-0.27451,0.56232,528.97,411.44,-6747,42544
39.691,0,-0.43225,2.2095,1.2214,-0.57889,-0.51984,-0.27188,0.56634,539.67,421.57,-6734.2,42665
39.698,0,-0.34156,2.2409,1.206,-0.57429,-0.52195,-0.26925,0.57032,542.44,403.97,-6758,43890
39.705,0,-0.57401,2.1973,1.2681,-0.56965,-0.52405,-0.26662,0.57427,534.31,397.66,-6753.5,43647
39.712,0,-0.45674,2.2381,1.1796,-0.56495,-0.52616,-0.264,0.57818,549.74,410.64,-6733.1,42074
39.719,0,-0.58723,2.2078,1.1292,-0.5602,-0.52825,-0.26139,0.58206,553.44,399.05,-6736.3,42622
39.726,0,-0.5229,2.0424,0.87872,-0.5554,-0.53035,-0.25878,0.58591,521.72,403.3,-6752.7,42252
39.734,0,-0.52842,2.1281,1.0028,-0.55056,-0.53244,-0.25618,0.58972,539.64,425.72,-6725.6,40533
39.741,0,-0.55245,2.2366,0.92876,-0.54566,-0.53453,-0.25357,0.59349,542.06,411.74,-6744.2,42664
39.748,0,-0.35172,2.2071,0.84266,-0.54072,-0.53662,-0.25097,0.59722,533.29,388.45,-6738.3,42690
39.755,0,-0.51723,2.1533,0.78372,-0.53573,-0.53871,-0.24837,0.60092,546.67,397.11,-6739,42516
39.762,0,-0.60138,1.9121,0.97052,-0.53069,-0.54079,-0.24578,0.60457,527.86,406.44,-6728.8,43515
39.769,0,-0.54307,2.0205,0.69646,-0.52561,-0.54287,-0.24318,0.60819,536.84,422.41,-6738,43125
39.776,0,-0.57571,1.9256,0.72259,-0.52048,-0.54494,-0.24058,0.61177,538.45,402.54,-6729.7,42903
39.783,0,-0.77313,1.9491,0.79312,-0.5153,-0.54702,-0.23798,0.6153,531.38,403.95,-6726.8,42825
39.79,0,-0.56588,1.8719,0.5946,-0.51008,-0.54909,-0.23538,0.6188,535.97,410.4,-6731.9,41832
39.797,0,-0.37721,1.8729,0.60986,-0.50482,-0.55116,-0.23278,0.62225,543.58,402.44,-6719.5,41393
39.804,0,-0.64918,1.7617,0.45129,-0.49952,-0.55322,-0.23017,0.62566,547.64,425.7,-6727,41591
39.811,0,-0.37546,1.8814,0.68855,-0.49417,-0.55529,-0.22756,0.62902,544.73,425.01,-6752,42781
39.818,0,-0.52055,1.5997,0.35459,-0.48878,-0.55735,-0.22494,0.63234,548.86,420.72,-6729.6,42254
39.825,0,-0.68326,1.7137,0.46047,-0.48336,-0.5594,-0.22232,0.63562,538.51,407.16,-6723.2,42588
39.832,0,-0.49163,1.714,0.50379,-0.47789,-0.56146,-0.21969,0.63885,562.33,419.55,-6732.4,44858
39.839,0,-0.76515,1.6218,0.34728,-0.47238,-0.56351,-0.21706,0.64203,557.71,411.67,-6720.9,41747
39.846,0,-0.69565,1.6359,0.11057,-0.46684,-0.56555,-0.21442,0.64517,538.16,418.71,-6748.3,41082
39.853,0,-0.82902,1.4356,0.19505,-0.46125,-0.56759,-0.21177,0.64826,554.97,414.26,-6728.8,42750
39.86,0,-0.67687,1.2997,0.41484,-0.45564,-0.56963,-0.20911,0.6513,540.77,428.14,-6724.6,42870
39.867,0,-0.54243,1.2618,0.27454,-0.44998,-0.57166,-0.20643,0.6543,546.4,405.17,-6720,43264
39.874,0,-0.71038,1.1655,0.23921,-0.44429,-0.57369,-0.20375,0.65724,521.63,420.8,-6718.3,42296
39.881,0,-0.49137,1.1822,0.099831,-0.43857,-0.57571,-0.20106,0.66014,528.96,412.07,-6746.4,40668
39.888,0,-0.57116,1.1827,0.11021,-0.43282,-0.57773,-0.19836,0.66299,534.26,403.12,-6726.5,44867
39.896,0,-0.78581,1.237,0.15008,-0.42703,-0.57974,-0.19564,0.66579,553.84,425.02,-6720.2,42359
39.903,0,-0.72061,1.194,0.16147,-0.42121,-0.58174,-0.19291,0.66854,552.91,413.71,-6728,42563
39.91,0,-0.80032,0.9419,-0.018113,-0.41536,-0.58374,-0.19016,0.67124,524.48,388.63,-6737.4,42886
39.917,0,-0.71842,0.937,0.065369,-0.40948,-0.58573,-0.1874,0.67389,541.14,407.55,-6724.4,43852
39.924,0,-0.73552,0.97811,-0.12645,-0.40358,-0.58771,-0.18462,0.67649,537.84,413.66,-6712.3,42397
39.931,0,-0.64444,0.87709,0.19204,-0.39765,-0.58969,-0.18183,0.67903,528.69,418.38,-6727.9,42510
39.938,0,-0.64005,0.82787,0.071164,-0.39169,-0.59165,-0.17902,0.68153,541.37,400.59,-6724.5,43689
39.945,0,-0.90713,0.68076,-0.023707,-0.3857,-0.59361,-0.17619,0.68397,520.3,407.83,-6732.8,40820
39.952,0,-0.59167,0.80846,-0.038427,-0.37969,-0.59556,-0.17334,0.68636,527.84,402.85,-6723.7,44106
39.959,0,-0.83956,0.62098,-0.021908,-0.37366,-0.5975,-0.17047,0.6887,549.74,421.33,-6730.8,44427
39.966,0,-0.64003,0.58885,-0.046386,-0.3676,-0.59943,-0.16759,0.69099,531.64,409.35,-6710.2,41779
39.973,0,-0.8351,0.46358,-0.20836,-0.36153,-0.60134,-0.16468,0.69323,527.18,413.95,-6690.6,42962
39.98,0,-0.68116,0.49761,-0.072276,-0.35543,-0.60325,-0.16175,0.69541,538.92,415.26,-6721.7,41768
39.987,0,-0.82843,0.33373,-0.12173,-0.34931,-0.60514,-0.1588,0.69754,540.71,432.09,-6710.2,42696
39.994,0,-0.82503,0.22448,0.035845,-0.34318,-0.60702,-0.15583,0.69962,543.28,423.24,-6715.5,40839
40.001,0,-0.82561,0.17743,0.0051348,-0.33703,-0.60889,-0.15283,0.70165,515.66,408.46,-6699.6,42983
40.008,0,-1.0928,0.15782,-0.039073,-0.33086,-0.61074,-0.14981,0.70362,535.22,418.53,-6722.4,42078
40.015,0,-0.86317,0.043582,0.0093495,-0.32467,-0.61258,-0.14677,0.70554,540.84,423.91,-6713.5,42188
40.022,0,-0.83288,-0.012287,0.025019,-0.31847,-0.61441,-0.1437,0.70741,541.59,412.85,-6704.7,40618
40.029,0,-1.0093,0.011632,0.15094,-0.31226,-0.61622,-0.14061,0.70922,550.6,425.57,-6729.8,44663
40.036,0,-0.79186,-0.048111,0.052368,-0.30604,-0.61801,-0.13749,0.71099,549.77,413.05,-6705.2,44374
40.043,0,-0.86301,-0.1476,0.12464,-0.2998,-0.61978,-0.13434,0.7127,533.31,423.99,-6720.9,43129
40.051,0,-0.97988,-0.23595,0.12838,-0.29355,-0.62154,-0.13117,0.71436,533.32,413.66,-6713.1,44508
40.058,0,-0.84695,-0.23789,0.042244,-0.2873,-0.62328,-0.12797,0.71596,546.17,416.56,-6717.5,43651
40.065,0,-1.06,-0.22154,0.052715,-0.28103,-0.625,-0.12474,0.71752,527.49,425.13,-6714.3,41437
40.072,0,-0.93558,-0.53935,0.1459,-0.27476,-0.6267,-0.12148,0.71902,519.08,412.24,-6731.6,41831
40.079,0,-0.84811,-0.51227,0.00089188,-0.26848,-0.62838,-0.1182,0.72047,544.28,421.15,-6686.4,42335
40.086,0,-0.86661,-0.71935,0.16374,-0.2622,-0.63004,-0.11488,0.72188,531.26,408.18,-6716.5,41812
40.093,0,-0.9692,-0.7429,0.19426,-0.25591,-0.63168,-0.11154,0.72323,545.47,405.63,-6720.5,42522
40.1,0,-0.93631,-0.60592,0.20165,-0.24961,-0.63329,-0.10816,0.72453,541.64,411,-6695.7,43471
40.107,0,-1.1033,-0.64322,0.096006,-0.24332,-0.63488,-0.10476,0.72578,518.1,417.87,-6700.8,42689
40.114,0,-0.81476,-0.83372,0.51593,-0.23702,-0.63644,-0.10133,0.72698,545.74,418.19,-6708.2,42959
40.121,0,-1.0306,-0.77837,0.24035,-0.23072,-0.63798,-0.09786,0.72813,539.55,419.02,-6718.4,43392
40.128,0,-1.1412,-0.90205,0.15207,-0.22442,-0.6395,-0.094364,0.72923,531.03,419.14,-6701,41487
40.135,0,-1.0579,-0.89746,0.46495,-0.21812,-0.64099,-0.090836,0.73028,540.96,403.46,-6713.3,42535
40.142,1,-0.94008,-1.173,0.49654,-0.21182,-0.64245,-0.087276,0.73128,543.95,416.6,-6688.4,41964
40.149,0,-1.0082,-1.0221,0.47033,-0.20553,-0.64388,-0.083684,0.73224,541.71,421.66,-6710.6,43217
40.156,0,-1.1908,-1.18,0.29446,-0.19924,-0.64528,-0.08006,0.73315,532.2,404.74,-6708.3,42752
40.163,0,-0.86947,-1.0847,0.52697,-0.19295,-0.64665,-0.076404,0.73401,540.45,388.61,-6723.6,43440
40.17,0,-0.88256,-1.1229,0.58941,-0.18667,-0.648,-0.072716,0.73483,537.97,408.89,-6730.5,41514
40.177,0,-0.85236,-1.1089,0.48022,-0.18039,-0.64931,-0.068994,0.7356,537.26,422.79,-6698.9,42440
40.184,0,-1.1703,-1.2584,0.73391,-0.17412,-0.65058,-0.06524,0.73632,536.38,419.7,-6708.8,43264
40.191,0,-0.98937,-1.3355,0.82861,-0.16785,-0.65183,-0.061454,0.737,525.09,424.68,-6702.2,42506
40.198,0,-1.3101,-1.4488,0.70317,-0.16159,-0.65304,-0.057634,0.73763,532.39,437.62,-6691.4,43106
40.205,0,-1.0763,-1.2091,0.80428,-0.15535,-0.65422,-0.053782,0.73822,544.85,406.62,-6710.1,41741
40.213,0,-1.0938,-1.228,0.80168,-0.14911,-0.65536,-0.049896,0.73877,551.47,418.92,-6695.9,41672
40.22,0,-1.0891,-1.4922,0.86234,-0.14288,-0.65646,-0.045978,0.73928,530.38,407.96,-6709.1,41824
40.227,0,-1.1165,-1.5361,0.89685,-0.13666,-0.65753,-0.042027,0.73974,533.58,416.63,-6705.6,41585
40.234,0,-0.82758,-1.6646,0.96531,-0.13045,-0.65856,-0.038043,0.74016,532.62,432.24,-6703.3,42901
40.241,0,-1.0945,-1.6559,1.2559,-0.12425,-0.65955,-0.034026,0.74054,530.54,413.61,-6694,42108
40.248,0,-1.0065,-1.6629,1.1285,-0.11807,-0.6605,-0.029976,0.74088,527.76,401.85,-6691.1,42132
40.255,0,-1.0473,-1.6605,1.0279,-0.1119,-0.66141,-0.025894,0.74118,521.86,388.59,-6709.7,43796
40.262,0,-1.0707,-1.5513,1.0556,-0.10574,-0.66228,-0.021779,0.74144,540.65,422.93,-6691.6,42399
40.269,0,-0.98333,-1.6303,1.0882,-0.099594,-0.66311,-0.017632,0.74166,538.3,414.91,-6702.2,42697
40.276,0,-0.96588,-1.5647,1.2413,-0.093464,-0.66389,-0.013453,0.74184,538.65,436.37,-6699.1,42437
40.283,0,-1.1143,-1.7442,1.2024,-0.087348,-0.66463,-0.0092421,0.74199,529.28,398.77,-6711.1,41351
40.29,0,-1.0249,-1.7527,1.4359,-0.081248,-0.66533,-0.0049995,0.7421,533.78,423.79,-6691.7,43332
40.297,0,-0.89519,-1.6629,1.3824,-0.075163,-0.66598,-0.00072559,0.74217,541.26,430.64,-6684.8,42520
40.304,0,-1.2506,-1.8342,1.4665,-0.069094,-0.66658,0.0035794,0.74221,558.21,429.44,-6700.4,42751
40.311,0,-1.131,-1.659,1.4856,-0.063041,-0.66714,0.0079152,0.74222,524.41,426.2,-6713.9,43852
40.318,0,-1.2543,-1.7985,1.7363,-0.057005,-0.66765,0.012281,0.74219,533.99,420.62,-6694.6,42660
40.325,0,-1.1447,-1.7841,1.4721,-0.050986,-0.66811,0.016678,0.74212,534.93,416.89,-6685.3,43690
40.332,0,-1.1642,-1.8388,1.6495,-0.044985,-0.66853,0.021104,0.74203,545.98,421.66,-6702.5,44237
40.339,0,-1.0642,-1.8798,1.7339,-0.039001,-0.66889,0.025559,0.7419,544.19,415.66,-6674.2,42813
40.346,0,-1.1251,-1.6966,1.8349,-0.033034,-0.6692,0.030043,0.74174,539.24,396.13,-6695,42445
40.353,0,-1.0219,-1.6223,1.8033,-0.027086,-0.66946,0.034556,0.74155,537.89,424.56,-6682.2,44610
40.36,0,-1.2298,-1.8676,1.8925,-0.021156,-0.66967,0.039096,0.74132,525.69,418.06,-6682.8,42339
40.367,0,-0.99691,-1.701,1.7795,-0.015245,-0.66983,0.043664,0.74107,543.97,409.94,-6683.6,42337
40.375,0,-1.1818,-1.8626,1.9015,-0.0093516,-0.66993,0.048259,0.74079,538.3,410.98,-6683.5,41653
40.382,0,-1.2867,-1.4512,1.9622,-0.0034774,-0.66998,0.05288,0.74048,556.18,433.99,-6700.5,41840
40.389,0,-1.1646,-1.5849,1.9731,0.002378,-0.66998,0.057527,0.74014,528.08,414.15,-6682.9,44573
40.396,0,-1.1955,-1.6789,2.1904,0.0082144,-0.66992,0.062199,0.73978,535.02,415.53,-6690.6,43495
40.403,0,-1.2013,-1.6695,2.1139,0.014032,-0.6698,0.066896,0.73939,531.34,415.19,-6708.7,41461
40.41,0,-1.1123,-1.6127,2.0282,0.01983,-0.66963,0.071616,0.73897,533.56,424.64,-6663.1,42620
40.417,0,-1.123,-1.5664,2.3901,0.025609,-0.6694,0.07636,0.73852,535.99,406.8,-6669,42076
40.424,0,-1.141,-1.6798,2.0507,0.031369,-0.66911,0.081127,0.73805,536.19,407.43,-6688,42862
40.431,0,-1.3022,-1.4928,2.1495,0.03711,-0.66877,0.085916,0.73756,551.68,423.44,-6669.1,43830
40.438,0,-1.295,-1.5081,2.225,0.042832,-0.66836,0.090726,0.73704,539.54,424.03,-6683.7,42918
40.445,0,-1.1762,-1.4524,2.2938,0.048535,-0.6679,0.095556,0.73649,541.77,414.74,-6686,41257
40.452,0,-1.2211,-1.4637,2.137,0.054218,-0.66738,0.10041,0.73593,536.01,432.4,-6681.8,44009
40.459,0,-1.2163,-1.5639,2.4035,0.059883,-0.66679,0.10528,0.73533,541.19,418.33,-6685.3,44016
40.466,0,-1.2944,-1.5691,2.2903,0.065529,-0.66615,0.11016,0.73472,548.18,427.03,-6674.2,42587
40.473,0,-1.1134,-1.2185,2.4825,0.071156,-0.66544,0.11507,0.73409,546.14,430.43,-6678.6,41590
40.48,0,-1.2663,-1.2565,2.4777,0.076765,-0.66468,0.11999,0.73343,537.36,404.29,-6682.6,42245
40.487,0,-1.1942,-1.3111,2.3994,0.082355,-0.66385,0.12493,0.73275,545.19,425.58,-6670.6,42586
40.494,0,-1.2385,-1.2868,2.3682,0.087927,-0.66295,0.12988,0.73205,540.6,413.02,-6667.3,42580
40.501,0,-1.2976,-1.062,2.5484,0.093481,-0.662,0.13484,0.73133,552.71,413.75,-6675,45088
40.508,0,-1.1817,-1.2089,2.4587,0.099017,-0.66098,0.13982,0.73058,543.99,417.1,-6651.7,41764
40.515,0,-1.3486,-1.0482,2.5199,0.10453,-0.6599,0.14481,0.72982,528.18,415.2,-6677.1,42047
40.522,0,-1.1623,-1.2155,2.4327,0.11004,-0.65875,0.14982,0.72904,545.52,427.06,-6672.3,44577
40.529,0,-1.2952,-1.1023,2.4422,0.11552,-0.65754,0.15483,0.72824,548.81,402.48,-6673.4,44723
40.537,0,-1.2046,-1.1018,2.6413,0.12098,-0.65626,0.15985,0.72741,527.76,417.77,-6669.8,44528
40.544,0,-1.3109,-0.84584,2.6055,0.12643,-0.65492,0.16488,0.72657,548.97,417.89,-6676.5,42732
40.551,0,-1.1834,-0.95661,2.4965,0.13187,-0.65352,0.16992,0.72571,539.74,411.93,-6653.1,45172
40.558,0,-1.3433,-0.91472,2.3872,0.13728,-0.65205,0.17496,0.72483,550.03,402.44,-6672.7,44342
40.565,0,-1.2334,-0.83569,2.5678,0.14268,-0.65051,0.18001,0.72393,551.9,422.66,-6668,43319
40.572,0,-1.108,-0.69045,2.5694,0.14807,-0.64891,0.18507,0.72301,568.33,407.93,-6666.2,42785
40.579,0,-1.2357,-0.87906,2.5338,0.15344,-0.64724,0.19012,0.72207,543.84,410.33,-6674.8,42983
40.586,0,-1.1718,-0.7579,2.5035,0.15879,-0.64551,0.19518,0.72111,541.52,416.64,-6660.1,42183
40.593,0,-1.431,-0.66006,2.6396,0.16413,-0.64371,0.20025,0.72014,550.3,413.18,-6660.5,42497
40.6,0,-1.2173,-0.67667,2.6352,0.16945,-0.64185,0.20531,0.71914,529.26,418.03,-6678.5,43415
40.607,0,-1.1441,-0.54808,2.3841,0.17476,-0.63991,0.21037,0.71813,541.78,426,-6666,43276
40.614,0,-1.2254,-0.52138,2.4964,0.18006,-0.63792,0.21543,0.7171,545.38,434.66,-6653.7,42942
40.621,0,-1.0723,-0.622,2.453,0.18534,-0.63586,0.22048,0.71605,525.89,419.05,-6674.6,43858
40.628,0,-1.3558,-0.22021,2.215,0.19061,-0.63373,0.22554,0.71498,533.43,423.7,-6663.9,42981
40.635,0,-1.2552,-0.41234,2.2781,0.19587,-0.63153,0.23058,0.71389,539.98,422.73,-6643.2,42238
40.642,0,-1.41,-0.45578,2.4558,0.20111,-0.62927,0.23562,0.71278,549.36,400.95,-6649.6,42958
40.649,0,-1.3183,-0.13708,2.2851,0.20634,-0.62695,0.24066,0.71165,540.12,406.93,-6658.3,43398
40.656,0,-1.2598,-0.28655,2.3607,0.21156,-0.62456,0.24568,0.7105,578.61,413.67,-6668.8,44870
40.663,0,-1.3164,-0.16184,2.1222,0.21677,-0.6221,0.2507,0.70933,534.7,422.67,-6658.9,42547
40.67,0,-1.0301,-0.42662,2.1963,0.22196,-0.61958,0.25571,0.70815,560.37,413.3,-6676.4,43139
40.677,0,-1.1636,-0.23272,2.2204,0.22714,-0.61699,0.2607,0.70694,559.23,426.4,-6651.6,42651
40.684,0,-1.1009,-0.20781,2.2746,0.23232,-0.61434,0.26568,0.70571,528.02,390.67,-6634.1,43320
40.691,0,-1.1757,-0.042744,2.1547,0.23748,-0.61163,0.27065,0.70446,550.9,408.76,-6632.9,43366
40.699,0,-1.0806,0.077554,2.0523,0.24263,-0.60885,0.2756,0.70319,525.66,415.29,-6637.4,41951
40.706,0,-1.3455,0.11636,2.0858,0.24777,-0.60601,0.28054,0.7019,543.96,414.35,-6661.1,43697
40.713,0,-1.1855,-0.10036,1.97,0.2529,-0.6031,0.28546,0.70058,533.05,436.66,-6648.2,44467
40.72,0,-1.3611,0.1765,1.9418,0.25802,-0.60014,0.29037,0.69925,547.2,416.88,-6660.8,43003
40.727,0,-1.2597,0.15783,2.0614,0.26313,-0.59711,0.29525,0.69789,522.41,423.23,-6634.8,42454
40.734,0,-1.3283,0.33159,1.7038,0.26824,-0.59402,0.30012,0.69651,544.43,420.45,-6659,41528
40.741,0,-1.1931,0.07809,1.9657,0.27333,-0.59086,0.30496,0.6951,570.43,417.66,-6630.5,43679
40.748,0,-1.1585,0.20551,1.8154,0.27842,-0.58765,0.30978,0.69368,521.41,426.4,-6649.7,43892
40.755,0,-1.3584,0.18014,1.6958,0.28349,-0.58438,0.31458,0.69222,545.38,403.37,-6655.1,42879
40.762,0,-1.2252,0.21387,1.6315,0.28856,-0.58105,0.31935,0.69075,532.47,419.25,-6629.7,43860
40.769,0,-1.2334,0.32202,1.5749,0.29362,-0.57766,0.3241,0.68924,572.28,409.93,-6638.9,43394
40.776,0,-1.2856,0.23033,1.5086,0.29868,-0.57421,0.32882,0.68772,532.36,424.22,-6651.2,43126
40.783,0,-1.1843,0.19958,1.3623,0.30372,-0.5707,0.33352,0.68616,553.48,429.56,-6651.3,43141
40.79,0,-1.1425,0.22423,1.4714,0.30876,-0.56714,0.33819,0.68458,541.72,405.5,-6637,45495
40.797,0,-1.2018,0.23755,1.3205,0.31379,-0.56352,0.34283,0.68297,545.17,415.98,-6648.5,42701
40.804,0,-1.1528,0.18004,1.0461,0.31881,-0.55984,0.34744,0.68134,547.24,410.87,-6650.7,42621
40.811,0,-1.2268,0.30897,1.2354,0.32383,-0.55611,0.35202,0.67968,539.39,426.93,-6655.5,42670
40.818,0,-1.0915,0.29168,1.0132,0.32884,-0.55233,0.35656,0.67798,538.44,419.41,-6654.8,42832
40.825,0,-1.0457,0.15735,1.1055,0.33384,-0.54849,0.36108,0.67626,540.15,420.24,-6666.1,40833
40.832,0,-1.1194,0.12054,1.1725,0.33884,-0.5446,0.36556,0.67451,527.99,417.09,-6643.2,42138
40.839,0,-1.2417,0.14348,0.89874,0.34382,-0.54066,0.37001,0.67273,555.24,416.02,-6647.7,42598
40.846,1,-1.0651,0.26133,1.0411,0.34881,-0.53667,0.37442,0.67092,544.28,412.42,-6640.2,42850
40.853,0,-1.2129,0.25244,0.7965,0.35378,-0.53263,0.3788,0.66907,545.13,422.58,-6653.2,43121
40.861,0,-0.9111,0.2759,0.88184,0.35875,-0.52854,0.38314,0.66719,564.09,419.11,-6659.7,43269
40.868,0,-0.96075,0.24342,0.64845,0.36371,-0.5244,0.38744,0.66528,525.08,410.95,-6644.1,44360
40.875,0,-1.0509,0.1755,0.79998,0.36867,-0.52022,0.39171,0.66334,558.86,436.25,-6645.1,44265
40.882,0,-1.1138,0.32258,0.54249,0.37361,-0.51599,0.39593,0.66136,562.32,417.34,-6622,45724
40.889,0,-0.96834,0.23037,0.68445,0.37856,-0.51172,0.40012,0.65935,551.59,419.38,-6642.7,42449
40.896,0,-1.3038,0.31481,0.55004,0.38349,-0.5074,0.40427,0.6573,542.55,406.29,-6648.6,42612
40.903,0,-1.2037,0.17888,0.45131,0.38842,-0.50304,0.40838,0.65522,559.29,419.13,-6648.9,42687
40.91,0,-1.1697,0.19336,0.32556,0.39334,-0.49864,0.41244,0.6531,550.82,404.11,-6642,42196
40.917,0,-1.1721,0.27665,0.25847,0.39825,-0.4942,0.41647,0.65094,550.95,419.2,-6644.1,42390
40.924,0,-1.0643,0.12723,0.10385,0.40316,-0.48972,0.42045,0.64874,551.64,404.38,-6643,43488
40.931,0,-0.94011,-0.089885,0.16862,0.40805,-0.4852,0.42439,0.6465,538.57,399.51,-6633.6,42465
40.938,0,-0.9189,0.12433,0.060269,0.41295,-0.48064,0.42828,0.64423,547.49,437.82,-6646.8,44385
40.945,0,-0.83801,0.010315,0.03586,0.41783,-0.47605,0.43214,0.64191,543.24,413.26,-6633.5,42874
40.952,0,-0.96776,0.017926,-0.084801,0.4227,-0.47142,0.43595,0.63956,550.83,410.86,-6622.8,43175
40.959,0,-1.0586,-0.12268,-0.10158,0.42757,-0.46676,0.43971,0.63716,548.42,434.92,-6649.7,43159
40.966,0,-1.0257,-0.019331,-0.1205,0.43243,-0.46207,0.44343,0.63472,553.46,430.5,-6626.5,43355
40.973,0,-0.92008,0.069916,-0.097258,0.43728,-0.45734,0.4471,0.63224,540.68,437.79,-6645,44551
40.98,0,-1.018,-0.11411,-0.22885,0.44212,-0.45258,0.45073,0.62972,535.49,402.89,-6632,43586
40.987,0,-1.0039,-0.32452,-0.36478,0.44695,-0.4478,0.45432,0.62715,538.54,417.68,-6628,43874
40.994,0,-0.72412,-0.32373,-0.28727,0.45177,-0.44298,0.45785,0.62453,544.07,421.31,-6642.3,42334
41.001,0,-0.98967,-0.42327,-0.35157,0.45658,-0.43814,0.46134,0.62187,558.14,409.69,-6632.9,42932
41.008,0,-1.2002,-0.20688,-0.34937,0.46138,-0.43327,0.46479,0.61917,533.56,417.25,-6625,43329
41.015,0,-0.90106,-0.16883,-0.52565,0.46617,-0.42838,0.46819,0.61642,542.7,422.66,-6629.5,44004
41.023,0,-1.0762,-0.42423,-0.63374,0.47095,-0.42347,0.47154,0.61362,549.89,411.96,-6643.2,45743
41.03,0,-0.86773,-0.57643,-0.45609,0.47572,-0.41853,0.47484,0.61078,540.13,410.29,-6630.6,42383
41.037,0,-1.0795,-0.64528,-0.64198,0.48047,-0.41357,0.4781,0.60789,554.25,410.33,-6631.3,43495
41.044,0,-1.0139,-0.44501,-0.50174,0.48522,-0.40859,0.48131,0.60494,553.71,408.87,-6612.8,42889
41.051,0,-0.78543,-0.6581,-0.74412,0.48995,-0.40359,0.48447,0.60195,542.89,424.9,-6628.3,42899
41.058,0,-1.1445,-0.54553,-0.74037,0.49466,-0.39858,0.48759,0.59891,542.06,430.62,-6637.6,43336
41.065,0,-0.84644,-0.74549,-0.79763,0.49937,-0.39355,0.49066,0.59582,559.78,421.17,-6636,42223
41.072,0,-0.93486,-0.77686,-0.85614,0.50405,-0.3885,0.49369,0.59268,562.61,425.58,-6627.9,43630
41.079,0,-0.73713,-1.0596,-0.64379,0.50873,-0.38344,0.49666,0.58949,532.45,414.97,-6617.8,45532
41.086,0,-0.85675,-1.0038,-0.81889,0.51339,-0.37836,0.49959,0.58625,546.48,436.42,-6613.7,42068
41.093,0,-0.79075,-1.237,-0.86661,0.51803,-0.37327,0.50248,0.58295,553.77,424.17,-6634,41768
41.1,0,-0.81101,-1.1038,-0.78662,0.52265,-0.36817,0.50532,0.5796,540.73,416.16,-6627.7,43355
41.107,0,-0.84002,-1.1662,-0.89981,0.52726,-0.36306,0.50811,0.5762,538.5,409.27,-6625.2,43282
41.114,0,-0.90809,-1.2297,-0.9638,0.53185,-0.35795,0.51085,0.57274,543.26,417.67,-6615.6,43681
41.121,0,-0.9101,-1.2496,-0.86875,0.53643,-0.35282,0.51356,0.56923,557.43,417.35,-6624.8,44053
41.128,0,-0.85377,-1.2004,-1.1433,0.54098,-0.34768,0.51621,0.56567,545.07,412.61,-6630.4,43126
41.135,0,-0.8813,-1.2907,-0.96519,0.54551,-0.34254,0.51882,0.56205,548.93,397.3,-6629.8,44754
41.142,0,-0.91134,-1.3191,-0.92352,0.55003,-0.3374,0.52139,0.55838,571.99,439.14,-6620.1,43996
41.149,0,-0.7307,-1.2819,-1.0235,0.55452,-0.33225,0.52391,0.55465,532.25,408.53,-6634.9,43947
41.156,0,-0.93405,-1.5708,-1.1045,0.55899,-0.3271,0.52639,0.55086,540.46,433.06,-6640.9,43476
41.163,0,-0.74686,-1.623,-0.91047,0.56344,-0.32194,0.52882,0.54702,538.77,423.24,-6631.6,43352
41.17,0,-0.98629,-1.565,-0.86511,0.56787,-0.31679,0.53121,0.54313,538.5,405.49,-6637.6,42510
41.177,0,-0.89912,-1.9711,-1.1746,0.57227,-0.31163,0.53356,0.53917,554.97,405.07,-6624.6,42949
41.185,0,-0.84227,-1.9964,-0.82245,0.57665,-0.30647,0.53587,0.53516,582.02,445.17,-6613.8,41348
41.192,0,-0.783,-1.7895,-0.92324,0.581,-0.30132,0.53813,0.53109,546.95,406.97,-6616.2,44191
41.199,0,-0.7959,-1.818,-1.0089,0.58532,-0.29616,0.54036,0.52697,548.41,434.49,-6607.8,43043
41.206,0,-0.83394,-1.87,-0.99961,0.58962,-0.29101,0.54254,0.52279,544.65,425.37,-6611.5,42795
41.213,0,-0.59133,-1.9615,-0.76009,0.59389,-0.28586,0.54468,0.51855,549.2,426.98,-6622.6,43002
41.22,0,-0.69583,-1.9812,-0.8573,0.59814,-0.28072,0.54679,0.51425,554.35,418.78,-6620.9,43637
41.227,0,-0.68159,-2.1645,-0.93078,0.60235,-0.27558,0.54885,0.5099,553.1,424.04,-6631.8,45259
41.234,0,-0.96804,-2.1263,-0.83215,0.60654,-0.27044,0.55087,0.50548,540.2,415.2,-6614.8,43336
41.241,0,-0.82096,-2.1822,-0.73755,0.61069,-0.26531,0.55286,0.50101,546.5,412.12,-6624.2,42388
41.248,0,-0.7972,-2.417,-0.79247,0.61481,-0.26019,0.55481,0.49648,557.45,416.71,-6605.4,45459
41.255,0,-0.84831,-2.3829,-0.94839,0.6189,-0.25508,0.55672,0.49189,556.96,431.32,-6611.8,45330
41.262,0,-0.66057,-2.2708,-0.89145,0.62295,-0.24997,0.5586,0.48725,558.54,418.95,-6609.3,45050
41.269,0,-0.91914,-2.1607,-0.67649,0.62698,-0.24487,0.56044,0.48254,544.4,412.63,-6638.4,43900
41.276,0,-0.9354,-2.2924,-0.78433,0.63096,-0.23978,0.56224,0.47778,569.97,443.34,-6597.4,42796
41.283,0,-0.76994,-2.4428,-0.71007,0.63491,-0.2347,0.56401,0.47296,544.53,428.9,-6593.9,41643
41.29,0,-0.95804,-2.6316,-0.66703,0.63883,-0.22963,0.56575,0.46809,573.55,437.32,-6600.9,44146
41.297,0,-0.92154,-2.4967,-0.78976,0.6427,-0.22457,0.56745,0.46315,563.93,415.05,-6599.5,42592
41.304,0,-0.91896,-2.4245,-0.46544,0.64654,-0.21951,0.56912,0.45816,560.87,433.61,-6573.7,44127
41.311,0,-0.69926,-2.6128,-0.67318,0.65034,-0.21447,0.57075,0.45311,514.3,405.73,-6594.6,43857
41.318,0,-0.73331,-2.6207,-0.69254,0.65409,-0.20944,0.57236,0.448,542.17,414.55,-6603.1,42331
41.325,0,-0.81941,-2.6456,-0.6077,0.65781,-0.20442,0.57393,0.44283,539.78,439.94,-6590.8,42870
41.332,0,-0.6974,-2.6502,-0.41248,0.66149,-0.19942,0.57547,0.43761,553.71,408.22,-6610.5,43406
41.34,0,-0.81426,-2.6532,-0.423,0.66512,-0.19442,0.57698,0.43233,552.11,413.12,-6603.3,43452
41.347,0,-0.77025,-2.5782,-0.094366,0.6687,-0.18944,0.57847,0.427,553.04,428.84,-6591.3,43925
41.354,0,-0.64954,-2.7622,-0.22713,0.67225,-0.18446,0.57992,0.42161,551.1,418.74,-6586,42274
41.361,0,-0.67987,-2.8091,-0.28139,0.67574,-0.1795,0.58134,0.41616,555.8,428.17,-6618.9,44615
41.368,0,-0.69077,-2.7252,-0.34205,0.67919,-0.17455,0.58274,0.41066,536.42,419.9,-6579,42691
41.375,0,-0.5738,-2.8359,-0.341,0.6826,-0.16962,0.58411,0.4051,557.36,419.53,-6599.2,42553
41.382,0,-0.7989,-2.701,-0.21263,0.68595,-0.16469,0.58545,0.39949,561.66,413.04,-6607,42934
41.389,0,-0.69772,-2.7482,-0.06061,0.68926,-0.15978,0.58677,0.39383,555.97,431.48,-6598.5,44508
41.396,0,-0.66747,-2.668,-0.060232,0.69251,-0.15488,0.58806,0.38811,567.39,431.05,-6587.9,44503
41.403,0,-0.7948,-2.7576,0.062606,0.69572,-0.14999,0.58932,0.38234,576.97,423.75,-6598.8,42427
41.41,0,-0.69961,-3.0238,0.011775,0.69887,-0.14512,0.59056,0.37651,544.82,425.83,-6596.4,43441
41.417,0,-0.76367,-2.7022,0.078869,0.70197,-0.14025,0.59177,0.37064,571.49,424.06,-6607.3,43290
41.424,0,-0.72639,-2.8426,0.14612,0.70502,-0.1354,0.59296,0.36471,546.07,412.59,-6598.2,43091
41.431,0,-0.73432,-2.8958,0.23441,0.70801,-0.13056,0.59413,0.35873,557.75,426.97,-6582.4,43475
41.438,0,-0.75269,-2.7372,0.24003,0.71095,-0.12573,0.59527,0.3527,564.87,402.75,-6598.5,44094
41.445,0,-0.82855,-2.7455,0.38622,0.71383,-0.12092,0.59639,0.34662,553.45,421.75,-6595.6,43967
41.452,0,-0.8239,-2.5934,0.39784,0.71665,-0.11611,0.59749,0.3405,545.76,431.89,-6607,44708
41.459,0,-0.79275,-2.7637,0.1969,0.71942,-0.11131,0.59856,0.33432,544.25,434.07,-6593.9,44312
41.466,0,-0.57661,-2.6684,0.51297,0.72212,-0.10653,0.59962,0.3281,543.79,429.43,-6597.5,40518
41.473,0,-0.86291,-2.5354,0.33396,0.72477,-0.10175,0.60065,0.32183,546.95,420.2,-6592.6,42288
41.48,0,-0.84424,-2.7382,0.51418,0.72736,-0.096987,0.60166,0.31551,562.93,420.62,-6580.3,41182
41.487,0,-0.95162,-2.522,0.52157,0.72989,-0.092232,0.60264,0.30915,562.79,410.47,-6591.2,43736
41.494,0,-0.81549,-2.5238,0.6099,0.73236,-0.087486,0.60361,0.30275,562.39,412.71,-6593.9,44246
41.502,0,-0.88673,-2.3161,0.81625,0.73476,-0.082749,0.60455,0.2963,568.88,414.53,-6579.1,42843
41.509,0,-0.77273,-2.3598,0.71301,0.7371,-0.07802,0.60548,0.28981,554.03,407.11,-6577.6,43891
41.516,0,-1.0049,-2.2847,0.79362,0.73938,-0.073299,0.60638,0.28327,552.29,417.76,-6587.5,44969
41.523,0,-0.66866,-2.3245,0.78487,0.74159,-0.068587,0.60727,0.2767,560.04,437.17,-6602.2,43363
41.53,0,-0.75105,-2.5195,0.71017,0.74374,-0.063881,0.60813,0.27009,552.99,413.26,-6583.3,44628
41.537,0,-0.80285,-2.3272,0.59707,0.74582,-0.059183,0.60897,0.26343,528.32,415.38,-6582.3,42861
41.544,0,-0.96058,-2.2513,0.849,0.74784,-0.054491,0.60979,0.25674,536.21,412.75,-6589.6,43534
41.551,1,-0.7299,-2.0949,0.66359,0.74979,-0.049805,0.6106,0.25001,525.1,406.51,-6572.3,42416
41.558,0,-0.82109,-2.2176,0.97757,0.75167,-0.045124,0.61138,0.24325,560.36,409.78,-6586.7,43186
41.565,0,-0.76172,-2.2727,1.0364,0.75349,-0.040449,0.61214,0.23645,549.99,422.2,-6600,45302
41.572,0,-0.89848,-2.1099,0.84496,0.75523,-0.035778,0.61288,0.22961,559.81,410.21,-6589.7,42304
41.579,0,-1.0141,-1.9349,0.9314,0.75691,-0.031112,0.6136,0.22275,551.96,436.4,-6570.4,44657
41.586,0,-0.7248,-2.0626,0.98189,0.75852,-0.026449,0.6143,0.21585,554.14,406.8,-6575,45293
41.593,0,-0.89184,-1.975,0.89206,0.76005,-0.021789,0.61498,0.20892,528.56,429.11,-6581.3,42464
41.6,0,-0.84275,-1.8397,0.97454,0.76152,-0.017132,0.61564,0.20196,560.47,420.9,-6590.8,44392
41.607,0,-0.85112,-1.9213,1.0125,0.76291,-0.012477,0.61627,0.19497,557.78,432.33,-6569.9,43853
41.614,0,-0.84655,-1.7951,1.0549,0.76424,-0.007824,0.61689,0.18795,544.54,400.72,-6579.2,44247
41.621,0,-0.8486,-1.7707,1.0874,0.76549,-0.003172,0.61748,0.18091,562.81,440.2,-6578.5,44561
41.628,0,-1.1027,-1.5849,0.94754,0.76667,0.0014793,0.61805,0.17384,542.97,409.76,-6598.9,44975
41.635,0,-1.0026,-1.5355,1.0833,0.76778,0.0061304,0.6186,0.16675,545.55,402.86,-6570.1,42975
41.642,0,-0.80387,-1.6684,1.1034,0.76882,0.010782,0.61913,0.15964,550.83,425.8,-6575.3,42692
41.649,0,-1.0043,-1.511,0.89723,0.76978,0.015434,0.61963,0.1525,544.77,407.41,-6557.6,43525
41.656,0,-1.0052,-1.3088,0.84356,0.77067,0.020087,0.62011,0.14534,556.51,410.29,-6582.6,44908
41.664,0,-0.8652,-1.4669,0.90108,0.77149,0.024742,0.62057,0.13817,545.75,397.27,-6575.9,44883
41.671,0,-0.98269,-1.2469,0.87268,0.77223,0.0294,0.621,0.13097,562.18,420.24,-6567.2,43404
41.678,0,-0.94088,-1.3154,0.90504,0.7729,0.03406,0.62141,0.12376,555.9,434.39,-6575.7,44506
41.685,0,-0.9921,-1.0543,0.80154,0.77349,0.038723,0.62179,0.11654,539.85,421.63,-6554.7,42013
41.692,0,-1.1358,-1.0255,0.798,0.77402,0.04339,0.62215,0.10929,556.36,415.95,-6568.4,45378
41.699,0,-0.98506,-0.90938,0.97048,0.77446,0.04806,0.62248,0.10204,548.8,439.18,-6562,44009
41.706,0,-0.9792,-0.82461,0.95846,0.77484,0.052735,0.62279,0.094772,556.56,433.18,-6569.4,44655
41.713,0,-1.3164,-1.0794,0.97083,0.77514,0.057415,0.62306,0.087494,563.19,437.3,-6571.5,43850
41.72,0,-1.0358,-0.59391,0.69401,0.77537,0.062101,0.62331,0.080207,568.52,415.92,-6571.3,41769
41.727,0,-1.0769,-0.77132,0.79457,0.77552,0.066791,0.62353,0.072911,544.9,437.61,-6575,43982
41.734,0,-1.1835,-0.65492,0.81779,0.7756,0.071488,0.62373,0.065608,550.32,416.64,-6577.8,41275
41.741,0,-1.0246,-0.91889,0.8491,0.7756,0.076191,0.62389,0.058299,560.45,418.17,-6554.6,44346
41.748,0,-1.1764,-0.72045,0.65617,0.77553,0.080901,0.62402,0.050986,558.08,404.45,-6568.1,42181
41.755,0,-1.1265,-0.58238,0.73565,0.77539,0.085618,0.62412,0.043669,546.71,443.26,-6564.3,43859
41.762,0,-1.04,-0.35652,0.49297,0.77518,0.090342,0.62419,0.036349,564.77,428.35,-6579.5,43239
41.769,0,-0.91463,-0.45918,0.54341,0.77489,0.095074,0.62423,0.029029,557.74,423.82,-6560.1,43088
41.776,0,-0.92769,-0.39211,0.80672,0.77453,0.099813,0.62424,0.021709,547.42,424.04,-6556.2,44306
41.783,0,-0.99459,-0.19545,0.53142,0.7741,0.10456,0.62421,0.01439,539.44,421.47,-6563.5,43115
41.79,0,-1.144,-0.36657,0.52386,0.77359,0.10932,0.62414,0.007073,552.1,441.88,-6549,42194
41.797,0,-1.0949,-0.23704,0.4615,0.77302,0.11408,0.62404,-0.0002398,564.09,412.69,-6558.2,45305
41.804,0,-1.1287,-0.054014,0.23864,0.77237,0.11885,0.62391,-0.0075478,549.64,415.42,-6552.9,42645
41.811,0,-1.019,-0.094703,0.23865,0.77165,0.12364,0.62374,-0.01485,550.81,416.91,-6558.9,44112
41.818,0,-1.0968,-0.13189,0.36467,0.77086,0.12843,0.62353,-0.022145,561.36,424.96,-6562.9,44576
41.826,0,-1.1399,-0.055196,0.21773,0.77,0.13323,0.62328,-0.029432,555.99,413.37,-6563.1,44697
41.833,0,-1.0126,-0.002043,-0.011203,0.76908,0.13804,0.62299,-0.036709,550.53,418.09,-6546,43109
41.84,0,-1.2791,-0.16765,0.036736,0.76808,0.14286,0.62267,-0.043976,541.95,415.55,-6568.4,43394
41.847,0,-1.2291,0.042223,-0.10043,0.76701,0.14768,0.6223,-0.051232,559.04,433.76,-6561.4,42594
41.854,0,-1.0543,0.15219,-0.029752,0.76588,0.15252,0.62189,-0.058475,557.36,419.54,-6553.6,43493
41.861,0,-1.2592,6.0434e-05,-0.080001,0.76468,0.15737,0.62144,-0.065705,546.13,432.32,-6568.8,44306
41.868,0,-1.1552,0.13947,-0.27223,0.76341,0.16223,0.62094,-0.07292,544.24,418.43,-6546.5,42918
41.875,0,-1.1914,-0.078845,-0.31617,0.76208,0.16709,0.6204,-0.08012,553.43,421.18,-6560.3,43862
41.882,0,-1.1462,0.06577,-0.26972,0.76068,0.17197,0.61982,-0.087303,552.45,428.21,-6552.1,43302
41.889,0,-1.0883,0.1152,-0.19787,0.75921,0.17685,0.61919,-0.094469,551.92,437.89,-6551.4,43334
41.896,0,-1.1773,0.24729,-0.41073,0.75769,0.18174,0.61851,-0.10162,559.53,439.83,-6538.9,43826
41.903,0,-1.2883,0.15657,-0.58121,0.75609,0.18664,0.61779,-0.10874,543.69,433.65,-6554.9,44555
41.91,0,-1.1717,0.21934,-0.26155,0.75444,0.19155,0.61701,-0.11585,550.37,441.98,-6563.3,44417
41.917,0,-1.1386,0.28285,-0.73721,0.75272,0.19647,0.61619,-0.12294,567.99,429.37,-6537.8,42991
41.924,0,-1.1139,0.23444,-0.59744,0.75095,0.2014,0.61532,-0.13,555.95,443.46,-6564.9,43090
41.931,0,-1.3264,0.28069,-0.7579,0.74911,0.20633,0.6144,-0.13704,556.49,430.63,-6545.9,45624
41.938,0,-1.0186,0.30214,-0.8469,0.74721,0.21128,0.61342,-0.14406,551.65,427.31,-6552.1,44985
41.945,0,-1.3539,0.31456,-0.88531,0.74525,0.21622,0.61239,-0.15106,547.55,410.93,-6541.8,44037
41.952,0,-1.2596,0.25094,-1.0162,0.74324,0.22118,0.61131,-0.15803,569.65,434.17,-6553.1,45615
41.959,0,-1.3694,0.14352,-1.2024,0.74116,0.22614,0.61018,-0.16497,556.12,422.04,-6554.3,45648
41.966,0,-1.3086,0.24804,-0.99938,0.73903,0.23111,0.60899,-0.17189,571.8,417.56,-6556.3,45182
41.973,0,-1.3773,0.26507,-0.91863,0.73685,0.23609,0.60775,-0.17878,558.7,427.31,-6548.5,43487
41.98,0,-1.2929,0.17649,-1.2388,0.73461,0.24107,0.60645,-0.18564,544.6,423.02,-6534.8,42756
41.988,0,-1.3263,0.29739,-1.15,0.73231,0.24605,0.60509,-0.19247,545.41,426.14,-6545.8,43773
41.995,0,-1.393,0.084725,-1.4049,0.72996,0.25104,0.60367,-0.19928,569.23,423.22,-6559.2,42338
42.002,0,-1.5155,0.13715,-1.2213,0.72756,0.25603,0.6022,-0.20606,549.86,443.24,-6545.1,42888
42.009,0,-1.3357,0.18525,-1.4116,0.72511,0.26103,0.60066,-0.2128,577.77,424.3,-6550.3,44008
42.016,0,-1.4531,0.11193,-1.383,0.72261,0.26602,0.59907,-0.21952,563.96,414.54,-6548.5,44371
42.023,0,-1.3072,0.14462,-1.3455,0.72005,0.27102,0.59741,-0.2262,561.42,439.94,-6519.8,44072
42.03,0,-1.3359,0.14882,-1.3681,0.71745,0.27602,0.5957,-0.23285,561.39,408.59,-6510.4,42987
42.037,0,-1.3541,0.0074054,-1.5769,0.7148,0.28103,0.59392,-0.23947,566.5,423.74,-6536.9,45044
42.044,0,-1.245,0.31133,-1.6902,0.7121,0.28603,0.59208,-0.24606,575.49,434.69,-6547.9,41770
42.051,0,-1.4265,0.090023,-1.6462,0.70935,0.29103,0.59018,-0.25262,575.4,416.56,-6531.8,44216
42.058,0,-1.4612,0.056541,-1.8216,0.70656,0.29603,0.58821,-0.25914,545.66,436.4,-6528.2,43768
42.065,0,-1.2581,-0.077259,-1.841,0.70372,0.30102,0.58618,-0.26563,541.68,419.06,-6528.8,43201
42.072,0,-1.4579,-0.11404,-1.7168,0.70083,0.30602,0.58408,-0.27209,552.93,447.64,-6533.4,45740
42.079,0,-1.3959,-0.2007,-1.8881,0.69791,0.311,0.58192,-0.27851,558.87,441.94,-6547.1,42920
42.086,0,-1.381,-0.15009,-1.8753,0.69494,0.31599,0.57969,-0.2849,547.08,432.15,-6528.4,42606
42.093,0,-1.4126,-0.25106,-1.767,0.69192,0.32097,0.5774,-0.29125,575.61,441.91,-6547.8,43245
42.1,0,-1.6026,-0.28785,-1.9375,0.68887,0.32594,0.57504,-0.29757,575.61,437.17,-6530.2,45261
42.107,0,-1.475,-0.27195,-1.82,0.68577,0.33091,0.57261,-0.30386,574.86,432.71,-6526.7,44762
42.114,0,-1.5273,-0.25625,-2.0332,0.68264,0.33586,0.57012,-0.31011,557.26,423.27,-6504.9,43396
42.121,0,-1.4543,-0.35224,-1.93,0.67946,0.34081,0.56756,-0.31632,536.02,413.82,-6522.9,44141
42.128,0,-1.4157,-0.4895,-1.8557,0.67625,0.34575,0.56492,-0.3225,553.64,425.77,-6529.3,44044
42.135,0,-1.504,-0.3492,-2.0265,0.673,0.35067,0.56223,-0.32864,565.28,442.21,-6537.9,45349
42.142,0,-1.4985,-0.54237,-2.0427,0.66971,0.35559,0.55946,-0.33475,554.01,434.49,-6526.6,44481
42.15,0,-1.7043,-0.48369,-1.9718,0.66638,0.36049,0.55662,-0.34083,552.62,424.56,-6525.7,44905
42.157,0,-1.5106,-0.61761,-1.9204,0.66301,0.36537,0.55371,-0.34686,560.66,431.06,-6497.4,43497
42.164,0,-1.5218,-0.68422,-1.9771,0.65961,0.37025,0.55074,-0.35287,550.21,429.12,-6527.8,44295
42.171,0,-1.5568,-0.74939,-2.0284,0.65618,0.3751,0.54769,-0.35883,576.85,423,-6528.7,45267
42.178,0,-1.514,-0.73112,-2.0334,0.65271,0.37994,0.54458,-0.36476,573.45,442.45,-6528.6,44193
42.185,0,-1.6417,-0.88871,-2.1121,0.6492,0.38476,0.54139,-0.37066,569.4,430.26,-6536.9,44036
42.192,0,-1.4087,-0.87696,-2.235,0.64567,0.38956,0.53814,-0.37652,544.36,437.81,-6524.4,43933
42.199,0,-1.5297,-0.84381,-2.2872,0.64209,0.39434,0.53481,-0.38234,561.51,423.69,-6519.6,43917
42.206,0,-1.6386,-0.95753,-1.8427,0.63849,0.3991,0.53142,-0.38813,573.41,436.53,-6505,43554
42.213,0,-1.6766,-0.74597,-2.1662,0.63485,0.40383,0.52796,-0.39389,550.51,424.94,-6527.6,42866
42.22,0,-1.5716,-0.85996,-1.9579,0.63118,0.40854,0.52442,-0.3996,570.43,413.51,-6503.7,43686
42.227,0,-1.5887,-1.0301,-2.0215,0.62748,0.41323,0.52082,-0.40529,564.28,437.16,-6514.8,43376
42.234,0,-1.664,-1.0394,-1.9823,0.62375,0.41789,0.51715,-0.41093,553.49,428.9,-6511.9,44767
42.241,0,-1.6888,-1.1187,-2.0504,0.61998,0.42252,0.5134,-0.41655,556.64,429.36,-6529.4,44142
42.248,0,-1.5284,-1.0743,-1.9272,0.61619,0.42713,0.50959,-0.42212,558.37,436.24,-6518.8,45143
42.255,1,-1.7187,-1.1544,-1.971,0.61236,0.43171,0.50571,-0.42766,548.74,429.48,-6507.1,43040
42.262,0,-1.5063,-1.0145,-1.8808,0.60851,0.43625,0.50176,-0.43317,551.19,428.87,-6513.8,44866
42.269,0,-1.7032,-1.1704,-1.9378,0.60462,0.44076,0.49775,-0.43864,555.1,413.79,-6517.6,44884
42.276,0,-1.7436,-1.1221,-1.9234,0.60071,0.44525,0.49366,-0.44408,558.25,422.71,-6512.8,44767
42.283,0,-1.5699,-1.2483,-1.6961,0.59676,0.44969,0.48951,-0.44948,555.08,425.93,-6512.8,45249
42.29,0,-1.5539,-1.2776,-1.8611,0.59278,0.45411,0.48529,-0.45485,564.85,428.79,-6526.7,43187
42.297,0,-1.6474,-1.2292,-1.8374,0.58878,0.45848,0.481,-0.46019,574.54,442.66,-6518.2,44250
42.304,0,-1.6033,-1.1311,-1.6086,0.58474,0.46282,0.47665,-0.46549,565.66,421.39,-6501.5,44356
42.312,0,-1.5289,-1.2496,-1.7278,0.58068,0.46712,0.47223,-0.47075,553.4,433.83,-6497.4,43733
42.319,0,-1.4235,-1.3027,-1.6124,0.57659,0.47138,0.46775,-0.47598,567.18,432.13,-6512.7,45611
42.326,0,-1.5531,-1.2151,-1.4803,0.57247,0.4756,0.4632,-0.48118,569.04,406.78,-6502.1,44273
42.333,0,-1.5568,-1.456,-1.6235,0.56831,0.47978,0.45859,-0.48634,579.57,431,-6519.1,44320
42.34,0,-1.4592,-1.3847,-1.679,0.56413,0.48392,0.45391,-0.49147,560.63,425.53,-6511.6,44517
42.347,0,-1.2674,-1.359,-1.3858,0.55992,0.48801,0.44917,-0.49656,553.61,432.14,-6498.7,45999
42.354,0,-1.6153,-1.4366,-1.2871,0.55568,0.49206,0.44437,-0.50162,565.14,426.71,-6510.7,44660
42.361,0,-1.4709,-1.309,-1.3974,0.55141,0.49606,0.43951,-0.50665,557.25,418.3,-6502.5,43078
42.368,0,-1.3815,-1.4237,-1.256,0.54711,0.50002,0.43459,-0.51164,559.85,422.9,-6508.3,46556
42.375,0,-1.5503,-1.3821,-1.2762,0.54279,0.50393,0.42961,-0.5166,552.3,425.54,-6493.4,44662
42.382,0,-1.522,-1.3815,-1.3827,0.53843,0.50779,0.42457,-0.52153,576.08,418.79,-6499.6,44080
42.389,0,-1.5931,-1.4499,-1.0371,0.53404,0.5116,0.41947,-0.52642,573.81,416.44,-6500.3,42678
42.396,0,-1.561,-1.3595,-1.0081,0.52962,0.51536,0.41432,-0.53127,550.77,412.11,-6505.7,44309
42.403,0,-1.3988,-1.3517,-0.94059,0.52517,0.51906,0.40911,-0.5361,561.25,430.99,-6506.1,43185
42.41,0,-1.4429,-1.2761,-1.0946,0.52069,0.52272,0.40384,-0.54089,559.71,420.77,-6497.1,45285
42.417,0,-1.6748,-1.2559,-0.92104,0.51618,0.52632,0.39852,-0.54564,558.09,420.5,-6519.3,45052
42.424,0,-1.5123,-1.1487,-0.8139,0.51164,0.52987,0.39315,-0.55036,555.41,402.34,-6487.6,42779
42.431,0,-1.3459,-1.2246,-0.77835,0.50707,0.53336,0.38772,-0.55505,562.01,435.16,-6506.9,44130
42.438,0,-1.4578,-1.3168,-0.70603,0.50246,0.5368,0.38225,-0.5597,553.35,443.67,-6473.6,43831
42.445,0,-1.5146,-1.1616,-0.77893,0.49783,0.54018,0.37672,-0.56432,577.26,432.99,-6501,44193
42.452,0,-1.4521,-1.0855,-0.80947,0.49316,0.54351,0.37114,-0.5689,554.36,434.06,-6494.4,44715
42.459,0,-1.3608,-1.1092,-0.79698,0.48846,0.54677,0.36552,-0.57345,562.85,438.71,-6476,44929
42.466,0,-1.4935,-1.1017,-0.54193,0.48372,0.54998,0.35985,-0.57796,563.31,433.89,-6489.9,44044
42.474,0,-1.5177,-0.96337,-0.51486,0.47896,0.55313,0.35414,-0.58244,567.41,428.58,-6483.4,43746
42.481,0,-1.4492,-0.97659,-0.48862,0.47416,0.55621,0.34838,-0.58688,544.98,429.77,-6495.6,44110
42.488,0,-1.4775,-0.89612,-0.27478,0.46932,0.55924,0.34258,-0.59129,580.71,442.26,-6495.8,44197
42.495,0,-1.6061,-0.74422,-0.40076,0.46446,0.56221,0.33673,-0.59566,578.95,426.45,-6493.8,44916
42.502,0,-1.5022,-0.95259,-0.28136,0.45955,0.56511,0.33085,-0.6,561.83,421.45,-6477.9,42753
42.509,0,-1.3463,-0.83656,-0.42471,0.45462,0.56795,0.32492,-0.6043,549.99,411.65,-6498.1,43057
42.516,0,-1.3501,-0.77808,-0.41644,0.44965,0.57073,0.31896,-0.60856,564.16,434.25,-6482.7,45836
42.523,0,-1.6183,-0.54526,-0.30696,0.44464,0.57345,0.31296,-0.61278,563.29,441.21,-6499.2,42688
42.53,0,-1.3814,-0.66229,-0.36308,0.4396,0.5761,0.30693,-0.61697,587.16,429.45,-6485.7,44561
42.537,0,-1.6138,-0.68008,-0.21408,0.43452,0.57869,0.30086,-0.62112,558.86,430.62,-6488.3,44511
42.544,0,-1.4526,-0.61319,-0.20194,0.4294,0.58122,0.29476,-0.62523,570.86,430.47,-6474.6,43380
42.551,0,-1.3047,-0.42409,-0.10889,0.42425,0.58368,0.28862,-0.62931,574.88,419.53,-6487,43532
42.558,0,-1.4643,-0.55509,-0.12015,0.41906,0.58607,0.28246,-0.63334,569.24,424.76,-6477.7,44876
42.565,0,-1.6288,-0.46771,-0.15342,0.41383,0.5884,0.27627,-0.63734,552.78,439.23,-6477.9,44035
42.572,0,-1.3918,-0.46038,-0.033603,0.40857,0.59067,0.27005,-0.64129,558.26,421.08,-6484,43660
42.579,0,-1.4424,-0.25162,-0.1609,0.40327,0.59287,0.2638,-0.6452,562.65,440.77,-6480.7,41889
42.586,0,-1.4026,-0.09023,0.0063498,0.39793,0.595,0.25753,-0.64908,567.17,436.56,-6484.6,44998
42.593,0,-1.3767,-0.23404,-0.0027467,0.39255,0.59707,0.25123,-0.65291,554.55,429.59,-6482.1,43606
42.6,0,-1.402,-0.18604,-0.082393,0.38713,0.59907,0.24492,-0.6567,574.69,437.53,-6479.5,44870
42.607,0,-1.384,-0.032827,0.092595,0.38167,0.60101,0.23858,-0.66045,552.06,423.44,-6485,46069
42.614,0,-1.2815,0.09501,0.14475,0.37618,0.60288,0.23222,-0.66415,551.76,419.11,-6470,43716
42.621,0,-1.3433,0.19634,-0.015768,0.37064,0.60469,0.22584,-0.66781,561.71,429.46,-6481.5,44756
42.628,0,-1.5416,0.15746,-0.022153,0.36506,0.60643,0.21945,-0.67143,575.87,419.11,-6474.1,43067
42.636,0,-1.3912,0.24182,0.086503,0.35945,0.6081,0.21304,-0.675,561.31,425.61,-6476.9,44862
42.643,0,-1.3474,0.20491,0.066472,0.35379,0.60971,0.20662,-0.67853,572.45,429.5,-6483.9,44865
42.65,0,-1.397,0.39237,0.15785,0.34809,0.61125,0.20018,-0.68201,549.45,434.11,-6489.1,44376
42.657,0,-1.4637,0.1642,0.031646,0.34235,0.61273,0.19373,-0.68544,554.7,434.93,-6458.5,42062
42.664,0,-1.3056,0.46342,0.10746,0.33657,0.61414,0.18728,-0.68883,566.56,433.57,-6464.6,42836
42.671,0,-1.3845,0.56731,-0.032821,0.33075,0.61548,0.18081,-0.69216,571.99,431.4,-6455.9,43598
42.678,0,-1.3254,0.49635,-0.045226,0.32489,0.61677,0.17433,-0.69545,556.82,444.65,-6481.8,43113
42.685,0,-1.438,0.73002,-0.14679,0.31899,0.61799,0.16785,-0.69869,551.95,409.8,-6476.5,42428
42.692,0,-1.3786,0.55648,-0.16281,0.31304,0.61914,0.16136,-0.70188,555.62,418.36,-6485,45417
42.699,0,-1.3968,0.86972,-0.22265,0.30705,0.62023,0.15486,-0.70502,571.92,424.39,-6470.6,45147
42.706,0,-1.3182,0.91107,-0.20045,0.30102,0.62126,0.14837,-0.7081,564.1,435.69,-6462.8,43875
42.713,0,-1.3309,0.80257,0.055699,0.29495,0.62222,0.14187,-0.71113,565.17,409.33,-6470,43490
42.72,0,-1.4623,0.93527,-0.044528,0.28884,0.62313,0.13537,-0.71411,551.41,424.78,-6471.3,44474
42.727,0,-1.4681,1.0532,0.029322,0.28269,0.62397,0.12887,-0.71704,569.67,422.84,-6474.5,46420
42.734,0,-1.1636,1.1979,-0.2402,0.27649,0.62475,0.12237,-0.71991,559.45,450.3,-6451.4,43412
42.741,0,-1.2864,1.2702,-0.25088,0.27025,0.62546,0.11587,-0.72272,554.27,442.33,-6462.4,44483
42.748,0,-1.2903,1.1438,-0.29188,0.26398,0.62612,0.10938,-0.72548,558.66,429.12,-6462.9,43634
42.755,0,-1.2208,1.3019,-0.2864,0.25766,0.62672,0.10289,-0.72818,562.13,434.34,-6449.6,44399
42.762,0,-1.3431,1.2614,-0.22718,0.25129,0.62726,0.096405,-0.73082,550.22,422.21,-6463.4,44743
42.769,0,-1.1655,1.3101,-0.29218,0.24489,0.62774,0.089927,-0.73341,570.97,422.23,-6439.6,43665
42.776,0,-1.2573,1.3943,-0.42693,0.23845,0.62816,0.083456,-0.73593,568.06,433.3,-6469.8,44133
42.783,0,-1.1891,1.3741,-0.52862,0.23196,0.62853,0.076993,-0.73839,554.41,433.35,-6466.2,45327
42.791,0,-1.2725,1.4664,-0.46198,0.22544,0.62883,0.070539,-0.74079,571.7,444.14,-6463.9,42506
42.798,0,-1.2781,1.4215,-0.54828,0.21887,0.62908,0.064094,-0.74313,569.25,444.97,-6452.6,45705
42.805,0,-1.2051,1.4896,-0.48342,0.21227,0.62928,0.05766,-0.7454,566.01,426.84,-6449.6,46516
42.812,0,-1.4117,1.5906,-0.62844,0.20562,0.62942,0.051237,-0.74761,558.16,416.89,-6466.3,45977
42.819,0,-1.3737,1.5888,-0.70882,0.19894,0.6295,0.044826,-0.74976,570.51,414.21,-6467,43169
42.826,0,-1.149,1.5565,-0.83976,0.19221,0.62954,0.038427,-0.75184,566.02,442.37,-6445.5,45293
42.833,0,-1.2237,1.489,-0.85982,0.18545,0.62951,0.032043,-0.75385,552.35,433.11,-6443.9,43810
42.84,0,-1.3762,1.6033,-0.92632,0.17865,0.62944,0.025672,-0.7558,550.29,416.81,-6451.4,43718
42.847,0,-1.2205,1.6388,-0.90235,0.17181,0.62931,0.019316,-0.75767,568.68,433.08,-6474.6,45482
42.854,0,-1.2902,1.6505,-1.0234,0.16494,0.62914,0.012975,-0.75948,569.3,438.23,-6462.2,43939
42.861,0,-1.2709,1.7779,-1.0116,0.15802,0.62891,0.0066497,-0.76122,570.42,432.23,-6464.3,44228
42.868,0,-1.2161,1.7257,-1.1738,0.15108,0.62863,0.00034104,-0.76289,573.25,437.89,-6459.2,45335
42.875,0,-1.1561,1.7158,-0.87718,0.14409,0.62831,-0.0059507,-0.76448,560.73,437.04,-6457.6,45766
42.882,0,-1.2066,1.6931,-1.1756,0.13707,0.62793,-0.012225,-0.76601,587.1,420.15,-6467.8,43332
42.889,0,-1.3093,1.5794,-1.2288,0.13002,0.62751,-0.018482,-0.76745,582.88,438.51,-6444.8,42569
42.896,0,-1.378,1.5708,-1.242,0.12293,0.62704,-0.02472,-0.76883,564.5,430.5,-6459.1,43724
42.903,0,-1.2417,1.6226,-1.3534,0.11581,0.62652,-0.03094,-0.77013,561.63,426.5,-6444.4,44914
42.91,0,-1.3378,1.5139,-1.2099,0.10866,0.62596,-0.037141,-0.77136,569.18,428.62,-6461.2,44201
42.917,0,-1.3104,1.813,-1.4313,0.10148,0.62535,-0.043322,-0.7725,552.78,436.07,-6436,44281
42.924,0,-1.4649,1.6872,-1.5512,0.094261,0.6247,-0.049484,-0.77358,544.44,433.87,-6451.7,43102
42.931,0,-1.0913,1.6254,-1.5264,0.087016,0.624,-0.055626,-0.77457,559.92,437.1,-6476,45419
42.938,0,-1.1452,1.7464,-1.5118,0.079742,0.62326,-0.061748,-0.77548,565.64,444.25,-6445.1,43304
42.945,0,-1.1319,1.6203,-1.3943,0.072439,0.62248,-0.06785,-0.77632,576.33,421.74,-6437.8,44073
42.953,0,-1.0068,1.3514,-1.5267,0.065109,0.62165,-0.073931,-0.77708,556.93,440.97,-6451.1,44759
42.96,1,-0.97607,1.563,-1.5958,0.057753,0.62078,-0.079992,-0.77775,570.8,441.1,-6427.2,44007
42.967,0,-1.2311,1.4445,-1.4822,0.05037,0.61987,-0.086031,-0.77834,580,424.24,-6457.9,44588
42.974,0,-0.93406,1.5319,-1.6617,0.042963,0.61892,-0.09205,-0.77886,578.39,442.02,-6415.5,44055
42.981,0,-1.0807,1.5059,-1.663,0.035533,0.61793,-0.098048,-0.77929,588.37,444.8,-6446.5,45983
42.988,0,-1.1219,1.4283,-1.8402,0.028079,0.6169,-0.10402,-0.77963,557.19,445.13,-6437.7,45725
42.995,0,-0.92002,1.4144,-1.8437,0.020604,0.61583,-0.10998,-0.77989,563.54,432.24,-6444.8,44891
43.002,0,-1.0117,1.3417,-1.9436,0.013108,0.61472,-0.11591,-0.78007,566.75,437.69,-6455.7,42569
43.009,0,-0.97936,1.316,-1.9332,0.0055921,0.61357,-0.12183,-0.78017,561.17,436.94,-6427.2,43346
43.016,0,-1.0758,1.2257,-1.7073,-0.0019421,0.61238,-0.12772,-0.78017,553.92,457.54,-6441.1,45008
43.023,0,-1.0183,1.4128,-2.0067,-0.0094937,0.61116,-0.13359,-0.7801,567.97,442.34,-6418,44944
43.03,0,-1.0018,1.2464,-1.8838,-0.017062,0.6099,-0.13944,-0.77993,562.18,446.81,-6414.7,43140
43.037,0,-1.1458,1.2302,-1.9848,-0.024645,0.60859,-0.14527,-0.77968,569.16,427.74,-6430.8,44029
43.044,0,-1.2696,1.0507,-1.8884,-0.032242,0.60726,-0.15107,-0.77934,579.75,440.27,-6453.8,44729
43.051,0,-1.0925,1.1652,-1.8766,-0.039852,0.60588,-0.15686,-0.77892,567.62,431.99,-6434,44174
43.058,0,-1.02,1.2008,-2.01,-0.047473,0.60447,-0.16263,-0.77841,572.25,411.99,-6436.6,44405
43.065,0,-1.3096,1.2294,-2.0865,-0.055105,0.60302,-0.16837,-0.7778,554.15,427.05,-6443.8,44339
43.072,0,-1.1427,0.89798,-1.919,-0.062746,0.60154,-0.1741,-0.77711,563.6,456.52,-6430.6,45502
43.079,0,-1.2554,1.0212,-1.8339,-0.070394,0.60002,-0.1798,-0.77634,571.98,444.48,-6431.8,43111
43.086,0,-1.2382,0.88936,-1.8401,-0.07805,0.59846,-0.18548,-0.77547,564.77,427.14,-6423.7,45815
43.093,0,-1.2019,0.81305,-1.9333,-0.08571,0.59687,-0.19114,-0.77451,559.87,439.78,-6447.7,43836
43.1,0,-1.1062,0.89848,-2.1502,-0.093375,0.59524,-0.19679,-0.77347,572.19,418.78,-6442.1,42876
43.107,0,-1.0233,0.90937,-1.7695,-0.10104,0.59357,-0.20241,-0.77233,560.4,432.34,-6427.7,43476
43.115,0,-1.1369,0.71795,-1.888,-0.10871,0.59187,-0.20801,-0.7711,557.56,433.32,-6414,44987
43.122,0,-1.0123,0.62006,-1.9395,-0.11638,0.59013,-0.2136,-0.76979,566.85,414.92,-6435.9,45379
43.129,0,-1.0812,0.63654,-2.0308,-0.12405,0.58836,-0.21916,-0.76838,577.35,439.09,-6439.2,43908
43.136,0,-0.9654,0.45981,-1.7817,-0.13171,0.58655,-0.2247,-0.76689,561.75,411.32,-6424.3,44020
43.143,0,-1.1899,0.53892,-1.7778,-0.13937,0.5847,-0.23023,-0.76531,579.12,431.89,-6423.7,45100
43.15,0,-1.2204,0.43411,-1.872,-0.14703,0.58282,-0.23573,-0.76363,561.58,442.3,-6406,45637
43.157,0,-1.1969,0.31906,-1.6416,-0.15468,0.5809,-0.24122,-0.76187,579.72,423.76,-6411.8,44358
43.164,0,-1.2093,0.23708,-1.7942,-0.16232,0.57894,-0.24669,-0.76001,573.05,444.13,-6421.7,44036
43.171,0,-1.1646,0.26063,-1.7353,-0.16995,0.57695,-0.25214,-0.75807,564.26,428.86,-6425.1,44879
43.178,0,-1.251,0.17167,-1.7353,-0.17757,0.57492,-0.25757,-0.75604,571.66,445.82,-6435.8,45492
43.185,0,-1.2518,0.13369,-1.783,-0.18518,0.57285,-0.26298,-0.75392,556.85,428.02,-6438.4,44891
43.192,0,-0.96563,0.25136,-1.8377,-0.19278,0.57075,-0.26837,-0.75171,583.47,431.1,-6425.6,44652
43.199,0,-1.2895,0.11845,-1.5618,-0.20036,0.5686,-0.27374,-0.74941,576.66,429.69,-6421.2,43817
43.206,0,-1.1182,0.23164,-1.5884,-0.20792,0.56642,-0.2791,-0.74702,556.98,433.72,-6426.3,44858
43.213,0,-1.3117,0.18309,-1.5695,-0.21547,0.5642,-0.28444,-0.74455,565.06,444.58,-6403.9,45355
43.22,0,-1.2304,0.060315,-1.5101,-0.223,0.56194,-0.28976,-0.74198,577.01,428.2,-6425.5,45776
43.227,0,-1.2848,0.01023,-1.5266,-0.2305,0.55964,-0.29506,-0.73933,558.01,425.35,-6413.6,45562
43.234,0,-1.1738,-0.12601,-1.466,-0.23799,0.5573,-0.30034,-0.7366,543.86,428.35,-6415.4,45130
43.241,0,-1.3811,-0.12375,-1.4407,-0.24545,0.55492,-0.30561,-0.73377,563.16,433.72,-6425.8,43436
43.248,0,-1.3286,-0.080449,-1.2121,-0.25289,0.5525,-0.31085,-0.73086,553.22,436.03,-6426.8,44200
43.255,0,-1.27,-0.24247,-1.2448,-0.2603,0.55004,-0.31608,-0.72787,587.11,434.43,-6405.8,43374
43.262,0,-1.3974,-0.2478,-1.1766,-0.26769,0.54753,-0.32129,-0.72479,559.43,435.57,-6410.9,44386
43.269,0,-1.2475,-0.011657,-1.0514,-0.27505,0.54499,-0.32648,-0.72163,557.9,431.23,-6410.9,43937
43.277,0,-1.2848,-0.017986,-1.029,-0.28238,0.5424,-0.33166,-0.71838,575.67,436.33,-6408.3,44925
43.284,0,-1.3388,0.032743,-1.0726,-0.28968,0.53977,-0.33681,-0.71505,576.55,437.63,-6396.4,45226
43.291,0,-1.4545,-0.15191,-0.81265,-0.29694,0.53709,-0.34195,-0.71164,569.92,446.91,-6399.3,44877
43.298,0,-1.4391,-0.15884,-0.69065,-0.30418,0.53437,-0.34706,-0.70815,589.6,430.29,-6425.1,43921
43.305,0,-1.3409,-0.066039,-0.67202,-0.31138,0.53161,-0.35216,-0.70457,580.8,451.02,-6396.2,45996
43.312,0,-1.6179,-0.21564,-0.86379,-0.31854,0.5288,-0.35724,-0.70092,566.16,448.63,-6406.5,45727
43.319,0,-1.3975,-0.17553,-0.7926,-0.32567,0.52594,-0.3623,-0.69719,567.89,432.98,-6407.3,44927
43.326,0,-1.3259,-0.2744,-0.61532,-0.33276,0.52304,-0.36734,-0.69337,579.1,438,-6403.3,43258
43.333,0,-1.4785,0.030914,-0.72495,-0.33981,0.52009,-0.37235,-0.68948,577.24,446.3,-6390.3,43775
43.34,0,-1.5467,-0.18275,-0.43784,-0.34682,0.51709,-0.37735,-0.68552,559.73,450.48,-6397.6,43034
43.347,0,-1.5944,-0.16766,-0.24222,-0.35379,0.51405,-0.38233,-0.68148,565.45,430.5,-6392.1,44798
43.354,0,-1.4785,-0.049839,-0.27361,-0.36072,0.51095,-0.38729,-0.67736,576.04,427.81,-6412,43807
43.361,0,-1.7073,0.009129,-0.37992,-0.36761,0.50781,-0.39222,-0.67317,570.08,439.67,-6402.3,46120
43.368,0,-1.7211,-0.055725,-0.22879,-0.37445,0.50462,-0.39714,-0.6689,574.72,433.17,-6401.5,45993
43.375,0,-1.5007,-0.1967,-0.16202,-0.38124,0.50138,-0.40203,-0.66457,586.8,431.72,-6392.8,45258
43.382,0,-1.5039,-0.015792,-0.23841,-0.38799,0.49808,-0.40689,-0.66016,571.98,436.63,-6399,43687
43.389,0,-1.5446,-0.099832,-0.13288,-0.3947,0.49474,-0.41174,-0.65568,563.28,434.28,-6395.1,43589
43.396,0,-1.4515,0.095826,-0.11378,-0.40135,0.49134,-0.41656,-0.65114,558.1,446.16,-6405.9,44584
43.403,0,-1.5373,0.2432,0.059883,-0.40796,0.48789,-0.42136,-0.64652,561.41,448.97,-6387.1,44072
43.41,0,-1.6483,0.054791,-0.026787,-0.41452,0.48439,-0.42613,-0.64184,559.36,449.49,-6403.2,44817
43.417,0,-1.754,0.015779,0.047225,-0.42102,0.48084,-0.43088,-0.63709,563.9,447.72,-6405.2,45188
43.424,0,-1.7302,0.23338,0.22431,-0.42748,0.47723,-0.4356,-0.63228,575.69,456.05,-6402.5,46570
43.431,0,-1.5744,0.11107,0.13818,-0.43388,0.47356,-0.44029,-0.6274,558.68,432.64,-6395.6,44363
43.439,0,-1.6696,0.26946,0.45466,-0.44023,0.46984,-0.44496,-0.62246,567.68,446.92,-6378.7,42620
43.446,0,-1.6799,0.11442,0.34706,-0.44653,0.46607,-0.4496,-0.61745,554.35,433.36,-6400.7,44550
43.453,0,-1.5305,0.15042,0.43718,-0.45278,0.46224,-0.45421,-0.61239,572.73,424.63,-6383.3,45066
43.46,0,-1.6783,0.11966,0.45324,-0.45897,0.45835,-0.45879,-0.60727,582.98,430.02,-6388.8,43344
43.467,0,-1.863,0.37267,0.568,-0.4651,0.45441,-0.46334,-0.60209,570.63,438.75,-6406.1,43234
43.474,0,-1.6249,0.3989,0.33638,-0.47118,0.45041,-0.46786,-0.59685,546.33,427.9,-6388.4,43885
43.481,0,-1.6026,0.57944,0.42612,-0.4772,0.44636,-0.47235,-0.59155,560.4,442.03,-6372,43527
43.488,0,-1.7776,0.30586,0.32587,-0.48317,0.44224,-0.4768,-0.5862,567.49,432.54,-6380.5,43140
43.495,0,-1.7168,0.4254,0.51165,-0.48908,0.43807,-0.48123,-0.58079,553.88,440.64,-6360.6,44813
43.502,0,-1.7779,0.52607,0.46377,-0.49493,0.43384,-0.48562,-0.57533,561.06,442.01,-6373.7,45427
43.509,0,-1.5875,0.51975,0.61504,-0.50072,0.42955,-0.48997,-0.56982,558.96,422.76,-6387.6,43087
43.516,0,-1.6992,0.73283,0.52244,-0.50646,0.4252,-0.49429,-0.56426,591.23,438.67,-6389.7,45625
43.523,0,-1.6839,0.80211,0.61727,-0.51213,0.4208,-0.49857,-0.55864,554.49,442,-6375.4,45849
43.53,0,-1.6175,0.59895,0.78548,-0.51775,0.41633,-0.50281,-0.55298,568.48,461.74,-6397.4,45134
43.537,0,-1.5889,0.80722,0.70824,-0.5233,0.41181,-0.50702,-0.54727,567.62,444.9,-6377.5,43985
43.544,0,-1.7711,0.68621,0.6783,-0.5288,0.40722,-0.51119,-0.54151,564.65,447.41,-6378.7,44312
43.551,0,-1.6978,0.82514,0.64425,-0.53423,0.40258,-0.51531,-0.53571,570.07,454.14,-6385.4,46511
43.558,0,-1.7794,0.89135,0.66866,-0.53961,0.39787,-0.5194,-0.52986,563.26,452.19,-6382.3,45837
43.565,0,-1.7015,0.76381,0.64407,-0.54492,0.39311,-0.52344,-0.52397,574.32,424.78,-6384.5,45913
43.572,0,-1.6615,0.8748,0.82935,-0.55017,0.38829,-0.52744,-0.51803,579.56,440.3,-6374.6,45310
43.579,0,-1.807,1.0914,0.82784,-0.55536,0.38341,-0.53139,-0.51205,553.98,445.76,-6378.3,44668
43.586,0,-1.5455,1.2171,0.621,-0.56049,0.37846,-0.5353,-0.50603,569.76,455.73,-6367,46571
43.593,0,-1.7908,1.2551,0.6611,-0.56556,0.37346,-0.53916,-0.49997,559.36,429.38,-6374.9,43985
43.601,0,-1.6704,1.2556,0.7737,-0.57057,0.3684,-0.54297,-0.49387,584.35,461.27,-6371,45157
43.608,0,-1.7073,1.1932,0.71057,-0.57551,0.36328,-0.54674,-0.48773,570.96,440.07,-6372,44965
43.615,0,-1.6772,1.3168,0.7468,-0.5804,0.35811,-0.55046,-0.48156,560.68,421.01,-6376.3,44921
43.622,0,-1.974,1.1117,0.73406,-0.58522,0.35287,-0.55412,-0.47535,564.17,427.86,-6380.1,44834
43.629,0,-1.7536,1.3584,0.53796,-0.58997,0.34757,-0.55774,-0.4691,575.34,428.14,-6377.2,45884
43.636,0,-1.8691,1.2329,0.8118,-0.59467,0.34222,-0.5613,-0.46282,563.02,432.31,-6370.5,45670
43.643,0,-1.8352,1.5597,0.60668,-0.5993,0.33681,-0.56481,-0.4565,566.02,457.87,-6363.7,44794
43.65,0,-1.8701,1.4561,0.8349,-0.60387,0.33134,-0.56826,-0.45015,579.71,442.85,-6385.7,45853
43.657,0,-1.9032,1.2819,0.51909,-0.60838,0.32581,-0.57166,-0.44376,559.78,450.47,-6367.2,46589
43.664,1,-2.0396,1.6117,0.54254,-0.61283,0.32023,-0.575,-0.43735,565.06,437.21,-6383.4,46382
43.671,0,-1.7411,1.5408,0.51211,-0.61721,0.31459,-0.57828,-0.4309,594.95,455.21,-6352.6,45151
43.678,0,-1.6312,1.3183,0.37572,-0.62153,0.3089,-0.5815,-0.42442,585.06,456.25,-6361.8,46188
43.685,0,-1.7401,1.7654,0.53313,-0.62579,0.30315,-0.58467,-0.41792,575.48,431.73,-6351.1,42996
43.692,0,-1.8809,1.5936,0.34316,-0.62998,0.29735,-0.58777,-0.41138,564.66,450.13,-6344.5,44405
43.699,0,-1.8339,1.6307,0.5172,-0.63412,0.29149,-0.59081,-0.40481,585.28,415.58,-6352.4,45009
43.706,0,-1.9326,1.5444,0.55686,-0.63819,0.28558,-0.59379,-0.39822,550.61,448.44,-6368.5,46458
43.713,0,-1.7435,1.6007,0.33768,-0.64219,0.27961,-0.5967,-0.3916,576.76,439.78,-6372.1,44367
43.72,0,-1.8739,1.6835,0.39303,-0.64614,0.2736,-0.59955,-0.38495,586.57,416.91,-6348.8,45502
43.727,0,-1.733,1.5731,0.29801,-0.65002,0.26753,-0.60233,-0.37827,578.12,429.47,-6348.6,46199
43.734,0,-1.7504,1.6081,0.12576,-0.65384,0.26142,-0.60505,-0.37157,579.92,441.25,-6361.3,44576
43.741,0,-1.875,1.7304,0.15315,-0.6576,0.25525,-0.6077,-0.36484,563.21,416.62,-6346.9,43381
43.748,0,-1.8677,1.6022,0.38994,-0.66129,0.24904,-0.61028,-0.35809,582.93,444.81,-6355.1,45307
43.755,0,-1.922,1.5262,0.15306,-0.66493,0.24278,-0.61279,-0.35131,571.64,435.29,-6364.5,44188
43.763,0,-1.8303,1.6509,0.0013142,-0.6685,0.23647,-0.61523,-0.34451,570.52,459.34,-6372.9,43754
43.77,0,-2.0056,1.5597,0.12871,-0.672,0.23012,-0.61759,-0.33769,556.08,447.41,-6365.1,46280
43.777,0,-1.793,1.7369,-0.0029217,-0.67545,0.22372,-0.61989,-0.33084,580.77,430.98,-6355,45548
43.784,0,-1.9822,1.5339,0.1264,-0.67883,0.21728,-0.62211,-0.32397,579.07,459.1,-6348.9,45991
43.791,0,-1.9214,1.4899,-0.23805,-0.68215,0.21079,-0.62426,-0.31708,559.37,404.98,-6362.9,43638
43.798,0,-1.7709,1.6147,0.076974,-0.6854,0.20427,-0.62634,-0.31016,564.01,414.64,-6360.3,45155
43.805,0,-2.0243,1.328,-0.10973,-0.6886,0.1977,-0.62833,-0.30322,562.26,425.08,-6357.8,45010
43.812,0,-1.9626,1.5627,-0.10914,-0.69173,0.1911,-0.63026,-0.29626,569.87,438.89,-6341.6,44718
43.819,0,-1.9846,1.5257,0.012174,-0.6948,0.18445,-0.6321,-0.28928,570.46,444.52,-6354,43383
43.826,0,-1.8779,1.4737,-0.15191,-0.6978,0.17777,-0.63387,-0.28228,576.66,452.42,-6365.4,43749
43.833,0,-1.88,1.3559,-0.12386,-0.70074,0.17106,-0.63556,-0.27525,567.13,441.82,-6362.9,45696
43.84,0,-1.8783,1.3268,-0.17552,-0.70362,0.16431,-0.63717,-0.26821,581.2,462.09,-6352.2,43577
43.847,0,-1.8949,1.2544,-0.24949,-0.70643,0.15752,-0.63871,-0.26114,561.61,429.21,-6346.9,45551
43.854,0,-1.8354,1.2596,-0.36635,-0.70918,0.15071,-0.64016,-0.25406,586.33,432.46,-6357.3,45017
43.861,0,-1.8708,1.3588,-0.29994,-0.71187,0.14386,-0.64153,-0.24695,584.94,447.05,-6358.8,44574
43.868,0,-1.9562,1.4041,-0.38897,-0.71449,0.13699,-0.64282,-0.23983,576.45,445.76,-6334.2,45471
43.875,0,-1.8727,1.262,-0.30287,-0.71705,0.13008,-0.64403,-0.23268,589.37,447.22,-6351.6,46417
43.882,0,-1.8292,1.1217,-0.38659,-0.71955,0.12315,-0.64516,-0.22552,560.45,440.55,-6346.5,46499
43.889,0,-1.9525,1.2083,-0.28298,-0.72197,0.1162,-0.64621,-0.21833,564.86,433.46,-6353,43968
43.896,0,-1.9832,1.1874,-0.12888,-0.72434,0.10922,-0.64717,-0.21113,572.61,433.24,-6366.2,45600
43.903,0,-1.8519,1.0769,-0.34859,-0.72664,0.10222,-0.64805,-0.20391,561.68,436.44,-6338.2,43896
43.91,0,-1.9384,1.1491,-0.36196,-0.72887,0.095195,-0.64885,-0.19667,574.4,435.97,-6349.4,45832
43.917,0,-1.7521,1.0034,-0.4836,-0.73104,0.088153,-0.64956,-0.18941,568.35,464.05,-6350.3,45369
43.925,0,-1.894,0.96514,-0.35474,-0.73314,0.081093,-0.6502,-0.18213,576.85,430.38,-6320.6,45806
43.932,0,-1.6687,0.8222,-0.41471,-0.73518,0.074016,-0.65074,-0.17483,590.41,429.68,-6335.1,46474
43.939,0,-1.7318,0.71891,-0.25704,-0.73715,0.066924,-0.65121,-0.16752,564.17,435.61,-6332.6,46610
43.946,0,-1.7471,0.7335,-0.18079,-0.73905,0.059818,-0.65159,-0.16018,557.54,448.66,-6344,45833
43.953,0,-1.8165,0.74448,-0.34079,-0.74089,0.0527,-0.65188,-0.15283,579.86,436.26,-6358.4,44790
43.96,0,-1.7733,0.6142,-0.24549,-0.74265,0.045571,-0.6521,-0.14546,567.79,447.91,-6345.9,45326
43.967,0,-1.662,0.58478,-0.36061,-0.74435,0.038432,-0.65223,-0.13808,563.89,416.01,-6346,44606
43.974,0,-1.9497,0.70094,-0.17855,-0.74598,0.031285,-0.65227,-0.13067,599.3,437.54,-6333.4,45739
43.981,0,-1.7775,0.4764,-0.18306,-0.74754,0.024132,-0.65223,-0.12325,578.12,429.61,-6345.4,45218
43.988,0,-1.7736,0.59513,-0.30523,-0.74903,0.016974,-0.65211,-0.11581,563.76,426.49,-6320.1,44434
43.995,0,-1.7492,0.48224,-0.30415,-0.75046,0.0098114,-0.6519,-0.10836,565.81,446.39,-6321,44951
44.002,0,-1.8022,0.43102,-0.034034,-0.75181,0.002647,-0.65162,-0.10089,577.95,418.91,-6319.2,43138
44.009,0,-1.55,0.32124,-0.36121,-0.75309,-0.0045182,-0.65124,-0.0934,595.07,440.36,-6347.9,44483
44.016,0,-1.7655,0.15866,-0.4329,-0.75429,-0.011683,-0.65079,-0.085896,574.42,426.78,-6313.4,46054
44.023,0,-1.6275,0.18521,-0.10135,-0.75543,-0.018845,-0.65025,-0.078376,575.94,430.26,-6325.6,44857
44.03,0,-1.6599,0.080171,-0.33356,-0.7565,-0.026005,-0.64963,-0.070841,583.44,452.47,-6319.6,44535
44.037,0,-1.6337,-0.030751,-0.25529,-0.75749,-0.033159,-0.64893,-0.06329,571.04,444.15,-6328.6,45481
44.044,0,-1.7041,0.042279,-0.045297,-0.7584,-0.040307,-0.64815,-0.055724,574.44,445.89,-6345.7,45599
44.051,0,-1.566,0.06913,-0.032642,-0.75925,-0.047448,-0.64728,-0.048143,579.72,432.1,-6329.7,44605
44.058,0,-1.8242,0.057625,-0.0089927,-0.76002,-0.05458,-0.64634,-0.040547,568.08,443.06,-6336.9,44951
44.065,0,-1.6181,-0.17904,-0.088976,-0.76071,-0.061702,-0.64531,-0.032937,582.21,446.28,-6326.4,44182
44.072,0,-1.5965,-0.0798,-0.10411,-0.76133,-0.068812,-0.64421,-0.025314,576.3,437.18,-6346.7,45600
44.08,0,-1.6325,-0.14226,0.3313,-0.76187,-0.075909,-0.64303,-0.017677,576.27,442.72,-6321,45496
44.087,0,-1.6292,-0.32188,0.19141,-0.76233,-0.082993,-0.64177,-0.010027,569.05,442.51,-6319,45286
44.094,0,-1.5895,-0.34844,0.22681,-0.76272,-0.090061,-0.64043,-0.0023641,568.92,440.38,-6306.3,43735
44.101,0,-1.6734,-0.17176,0.38062,-0.76302,-0.097112,-0.63901,0.0053109,587.62,437.88,-6330.4,44791
44.108,0,-1.4576,-0.1661,0.37779,-0.76325,-0.10415,-0.63752,0.012998,584.39,439.11,-6312.9,43864
44.115,0,-1.7241,-0.38618,0.25557,-0.7634,-0.11116,-0.63595,0.020696,568.75,470.08,-6340.7,45472
44.122,0,-1.6099,-0.26624,0.46139,-0.76347,-0.11816,-0.63431,0.028404,575.64,450.71,-6326.9,45190
44.129,0,-1.56,-0.41182,0.55128,-0.76346,-0.12513,-0.63259,0.036123,565.53,441.76,-6298,46589
44.136,0,-1.601,-0.43295,0.57971,-0.76337,-0.13208,-0.6308,0.043852,586.41,428.83,-6304.6,45245
44.143,0,-1.7097,-0.37821,0.67144,-0.76319,-0.13901,-0.62893,0.05159,562.14,434.6,-6313.2,46245
44.15,0,-1.8256,-0.31254,0.8922,-0.76293,-0.14591,-0.62699,0.059337,577.14,451.92,-6321.1,45811
44.157,0,-1.7827,-0.34685,0.58562,-0.76259,-0.15279,-0.62499,0.067091,571.98,446.52,-6313.3,45652
44.164,0,-1.6749,-0.4153,0.64645,-0.76217,-0.15964,-0.62291,0.074853,569.47,439.34,-6304,45348
44.171,0,-1.8145,-0.56548,0.78455,-0.76166,-0.16647,-0.62076,0.082622,564.9,433.87,-6318.3,45805
44.178,0,-1.5924,-0.26693,0.91942,-0.76106,-0.17326,-0.61854,0.090396,577.36,420.9,-6307.5,45230
44.185,0,-1.8185,-0.56185,0.79788,-0.76038,-0.18003,-0.61625,0.098176,562.85,432.48,-6315.7,43616
44.192,0,-1.7498,-0.3133,0.95574,-0.75962,-0.18677,-0.6139,0.10596,589.08,442.42,-6301.4,43734
44.199,0,-1.6671,-0.25819,0.90698,-0.75876,-0.19347,-0.61148,0.11375,566.56,452.67,-6319.7,47491
44.206,0,-1.6183,-0.55867,1.0507,-0.75782,-0.20014,-0.60899,0.12154,591.69,440.07,-6294.4,46584
44.213,0,-1.5108,-0.49511,1.0898,-0.7568,-0.20679,-0.60644,0.12933,569.83,442.61,-6305.5,45222
44.22,0,-1.8286,-0.33529,1.0449,-0.75568,-0.21339,-0.60383,0.13713,559.18,444.56,-6313.4,44585
44.227,0,-1.7515,-0.27355,1.2215,-0.75447,-0.21997,-0.60115,0.14492,583.88,433.7,-6314.8,45528
44.234,0,-1.6553,-0.35036,1.2678,-0.75318,-0.22651,-0.59841,0.15272,583.58,451.5,-6322.9,44310
44.242,0,-1.8293,-0.15136,1.1513,-0.75179,-0.23301,-0.59561,0.16051,578.71,437.49,-6317.8,45100
44.249,0,-1.8151,-0.32002,1.2508,-0.75032,-0.23948,-0.59275,0.1683,576.32,447.3,-6310.4,46372
44.256,0,-1.85,-0.33376,1.3112,-0.74875,-0.24591,-0.58982,0.17609,581.64,437.03,-6308.1,44976
44.263,0,-1.9033,-0.20903,1.5016,-0.74709,-0.2523,-0.58684,0.18387,571.98,431.96,-6300,45050
44.27,0,-1.7282,-0.10778,1.3966,-0.74534,-0.25866,-0.5838,0.19165,582.05,434.13,-6307.5,46409
44.277,0,-1.6727,-0.27409,1.4072,-0.7435,-0.26498,-0.58071,0.19943,575,443.8,-6294.5,46120
44.284,0,-1.7364,-0.16133,1.6821,-0.74157,-0.27126,-0.57755,0.20719,592.75,446.23,-6307.3,48106
44.291,0,-1.8603,-0.052561,1.7069,-0.73954,-0.2775,-0.57435,0.21495,579.2,438.29,-6282.6,43906
44.298,0,-1.646,-0.24418,1.6779,-0.73742,-0.2837,-0.57108,0.22269,572.29,434.19,-6301,46408
44.305,0,-1.5352,0.025425,1.5456,-0.73521,-0.28986,-0.56776,0.23043,587.35,437.54,-6281.3,45318
44.312,0,-1.7174,0.10688,1.6652,-0.7329,-0.29597,-0.56439,0.23816,579.22,437.27,-6312.8,45739
44.319,0,-1.7095,0.07288,1.5465,-0.7305,-0.30205,-0.56097,0.24587,587.04,442.61,-6294.8,46132
44.326,0,-1.7012,-0.076529,1.7851,-0.728,-0.30809,-0.5575,0.25357,596.33,455.69,-6270.5,44260
44.333,0,-1.5152,0.20849,1.5938,-0.72541,-0.31408,-0.55397,0.26125,577.17,439.89,-6283.8,44989
44.34,0,-1.8541,-0.0028749,1.6887,-0.72272,-0.32004,-0.55039,0.26892,586.22,425.67,-6308.4,44977
44.347,0,-1.5972,0.11551,1.7004,-0.71994,-0.32595,-0.54677,0.27657,570.33,443.68,-6284.7,45278
44.354,0,-1.5639,0.22228,1.6741,-0.71706,-0.33182,-0.54309,0.2842,580.65,434.29,-6287.3,45325
44.361,0,-1.7289,0.16069,1.6711,-0.71409,-0.33764,-0.53937,0.29181,583.34,436.99,-6280.6,45194
44.368,1,-1.8951,0.21862,1.8024,-0.71102,-0.34343,-0.5356,0.29939,580.75,447.19,-6286,45817
44.375,0,-1.695,0.24325,1.7754,-0.70786,-0.34917,-0.53178,0.30696,593.23,457.52,-6288,46286
44.382,0,-1.5372,0.42267,1.8271,-0.7046,-0.35486,-0.52792,0.3145,577.25,428.52,-6290.4,44323
44.389,0,-1.6509,0.26857,1.8105,-0.70125,-0.36051,-0.52401,0.32202,565.72,431.57,-6311,43967
44.396,0,-1.7459,0.32138,1.7271,-0.6978,-0.36612,-0.52005,0.32951,575.57,434.1,-6274.4,45846
44.404,0,-1.7661,0.34936,1.7416,-0.69426,-0.37169,-0.51605,0.33697,572.37,448.45,-6278.9,44941
44.411,0,-1.5656,0.4656,1.9303,-0.69062,-0.37721,-0.512,0.3444,563.32,446.7,-6289.1,44967
44.418,0,-1.8029,0.42073,1.8465,-0.68688,-0.38268,-0.50791,0.3518,567.37,427.57,-6279.7,45779
44.425,0,-1.5885,0.57014,1.8252,-0.68306,-0.38812,-0.50378,0.35917,570.46,424.21,-6275.6,47653
44.432,0,-1.6315,0.51487,1.7597,-0.67913,-0.3935,-0.49961,0.36651,589.54,443.05,-6270,45168
44.439,0,-1.4583,0.44435,1.7073,-0.67511,-0.39885,-0.49539,0.37381,595.59,446.82,-6277.8,46785
44.446,0,-1.6305,0.82687,1.4852,-0.671,-0.40415,-0.49113,0.38107,584.58,436.14,-6289.9,43145
44.453,0,-1.6615,0.68478,1.6858,-0.6668,-0.4094,-0.48683,0.3883,563.19,436.39,-6274,44938
44.46,0,-1.5498,0.73495,1.6989,-0.6625,-0.41461,-0.48248,0.39549,567.62,445.49,-6292.1,43935
44.467,0,-1.8188,0.9175,1.7139,-0.6581,-0.41977,-0.4781,0.40264,580.06,435.01,-6288,45852
44.474,0,-1.7196,0.91813,1.621,-0.65362,-0.42489,-0.47367,0.40974,572.31,431.14,-6278.6,45011
44.481,0,-1.7634,0.83391,1.5119,-0.64904,-0.42996,-0.4692,0.41681,577.23,434.43,-6276.5,44191
44.488,0,-1.6283,0.88132,1.5296,-0.64437,-0.43499,-0.4647,0.42382,583.44,436.76,-6267.4,46031
44.495,0,-1.6238,0.78925,1.5146,-0.63961,-0.43997,-0.46015,0.4308,574.51,442.02,-6279.9,45051
44.502,0,-1.7393,1.01,1.4342,-0.63476,-0.4449,-0.45556,0.43772,573.72,442.68,-6274.3,46501
44.509,0,-1.795,0.92485,1.2551,-0.62982,-0.44979,-0.45094,0.4446,583.08,427.93,-6282.9,45962
44.516,0,-1.6349,0.93726,1.3927,-0.62479,-0.45464,-0.44627,0.45143,590.54,446,-6272,44826
44.523,0,-1.6792,0.87162,1.264,-0.61967,-0.45943,-0.44156,0.4582,604.65,452.48,-6272.7,46997
44.53,0,-1.6573,0.98153,1.2439,-0.61446,-0.46418,-0.43682,0.46493,588.04,440.35,-6285.2,44973
44.537,0,-1.7181,1.0699,1.3755,-0.60917,-0.46889,-0.43203,0.4716,588.82,443.22,-6266.7,45848
44.544,0,-1.8401,0.89046,1.2326,-0.60379,-0.47355,-0.42721,0.47821,573.08,450.56,-6268.1,43644
44.551,0,-1.6085,0.91388,1.0291,-0.59832,-0.47816,-0.42235,0.48477,565.1,446.44,-6265.9,44535
44.558,0,-1.7564,0.8307,1.2365,-0.59277,-0.48272,-0.41744,0.49127,557.9,439.25,-6267.2,47214
44.566,0,-1.5924,1.083,1.0588,-0.58713,-0.48724,-0.4125,0.49771,569.65,450.38,-6279.9,44264
44.573,0,-1.5335,1.1033,0.99103,-0.58142,-0.49171,-0.40752,0.50409,579.86,459.74,-6265.7,44492
44.58,0,-1.5168,0.80921,0.87104,-0.57562,-0.49613,-0.4025,0.51041,591.56,457.28,-6270.7,46516
44.587,0,-1.5439,0.90232,0.81978,-0.56973,-0.5005,-0.39745,0.51666,582.4,453.42,-6258.8,44282
44.594,0,-1.6104,1.0555,0.87696,-0.56377,-0.50482,-0.39235,0.52286,572.86,459.54,-6297.8,45606
44.601,0,-1.6712,0.99,0.85823,-0.55773,-0.5091,-0.38721,0.52898,590.51,462.67,-6260.8,46302
44.608,0,-1.9021,1.0015,0.64815,-0.55161,-0.51333,-0.38204,0.53504,568.5,453.11,-6260,46038
44.615,0,-1.7472,0.84718,0.64637,-0.54541,-0.51751,-0.37682,0.54104,583.08,442.89,-6261.6,45979
44.622,0,-1.8441,0.89542,0.73803,-0.53914,-0.52163,-0.37157,0.54696,578.49,440.11,-6267.6,43422
44.629,0,-1.6455,0.80886,0.51231,-0.53279,-0.52571,-0.36628,0.55281,593.82,444.5,-6258.1,46270
44.636,0,-1.6042,0.81681,0.62777,-0.52637,-0.52974,-0.36094,0.5586,573.08,456.78,-6265.8,44665
44.643,0,-1.7902,1.0036,0.53817,-0.51987,-0.53372,-0.35557,0.56431,587.18,443.5,-6248.5,45477
44.65,0,-1.4909,0.80456,0.69694,-0.51331,-0.53765,-0.35016,0.56995,580.77,426.3,-6259.1,46509
44.657,0,-1.674,0.85007,0.41372,-0.50667,-0.54152,-0.34471,0.57552,586.2,448.85,-6265.5,44861
44.664,0,-1.5971,0.64392,0.32825,-0.49996,-0.54534,-0.33922,0.58101,584.49,455.79,-6256.5,45735
44.671,0,-1.6665,0.59353,0.35564,-0.49319,-0.54911,-0.33369,0.58642,585.23,444.61,-6267.1,45598
44.678,0,-1.6219,0.88255,0.41793,-0.48635,-0.55283,-0.32812,0.59176,575.3,432.82,-6270.8,46189
44.685,0,-1.7516,0.63092,0.35063,-0.47944,-0.55649,-0.32251,0.59702,582.55,447.83,-6266.9,44341
44.692,0,-1.8575,0.68193,0.14689,-0.47248,-0.5601,-0.31686,0.6022,576.22,457.54,-6248.1,47180
44.699,0,-1.7854,0.53154,0.47952,-0.46544,-0.56366,-0.31117,0.60731,569.33,441.49,-6237.8,45677
44.706,0,-2.0272,0.29463,0.2282,-0.45835,-0.56716,-0.30544,0.61233,585.98,426.34,-6252.9,46174
44.713,0,-1.8909,0.59135,0.0032978,-0.4512,-0.5706,-0.29967,0.61728,572.54,442.06,-6244.3,45756
44.72,0,-1.9165,0.46544,0.16637,-0.44398,-0.57399,-0.29387,0.62214,593.62,449.43,-6238.5,45190
44.728,0,-1.9806,0.29906,0.12763,-0.43672,-0.57732,-0.28802,0.62692,583.49,443.53,-6246.9,46032
44.735,0,-1.6461,0.14238,0.15298,-0.42939,-0.58059,-0.28213,0.63161,585.4,433.66,-6269.4,47465
44.742,0,-1.8795,0.25063,0.12457,-0.42201,-0.58381,-0.2762,0.63623,585.56,439.73,-6256.9,44851
44.749,0,-1.7713,0.33128,0.0023553,-0.41458,-0.58697,-0.27023,0.64076,580.38,437.94,-6243.1,45804
44.756,0,-1.8879,0.29027,0.24577,-0.40709,-0.59006,-0.26422,0.6452,569.88,436.68,-6245.4,46073
44.763,0,-1.7948,0.18401,0.25798,-0.39956,-0.5931,-0.25818,0.64956,589.7,459.08,-6247.9,46289
44.77,0,-1.8104,0.2092,0.11825,-0.39197,-0.59607,-0.25209,0.65384,570.44,446.2,-6258.9,48396
44.777,0,-1.6478,0.050266,-0.09387,-0.38434,-0.59899,-0.24596,0.65803,595.54,447.71,-6250.6,44927
44.784,0,-1.8496,0.11941,-0.04415,-0.37666,-0.60184,-0.2398,0.66213,588.54,457.49,-6234.8,45706
44.791,0,-1.9069,0.061147,-0.011668,-0.36894,-0.60462,-0.23359,0.66615,577.31,452.13,-6238.5,46133
44.798,0,-1.8844,-0.057939,-0.097825,-0.36117,-0.60735,-0.22734,0.67007,581.79,448.84,-6236.8,46256
44.805,0,-1.8019,-0.032054,-0.022821,-0.35337,-0.61,-0.22106,0.67391,599.96,447.78,-6233.6,46386
44.812,0,-1.7616,-0.077745,0.051954,-0.34552,-0.6126,-0.21474,0.67767,591.91,447.7,-6235.6,47397
44.819,0,-1.9087,-0.21054,-0.056957,-0.33763,-0.61512,-0.20838,0.68133,579.57,449.02,-6241.7,45433
44.826,0,-1.8372,-0.094547,0.017894,-0.3297,-0.61758,-0.20198,0.68491,585.26,432.28,-6243.8,46583
44.833,0,-1.9921,-0.16647,-0.025297,-0.32174,-0.61997,-0.19554,0.68839,597.95,446.64,-6230.1,44003
44.84,0,-1.9516,-0.30844,0.16256,-0.31374,-0.62229,-0.18907,0.69179,583.03,439.7,-6219.5,44531
44.847,0,-1.854,-0.42467,-0.11244,-0.30571,-0.62454,-0.18255,0.6951,560.69,459.71,-6219.6,46083
44.854,0,-1.7962,-0.38188,0.18408,-0.29765,-0.62672,-0.17601,0.69832,581.07,433.4,-6225.8,45479
44.861,0,-1.9666,-0.52223,0.05087,-0.28955,-0.62883,-0.16942,0.70145,586.41,428.24,-6229.5,46153
44.868,0,-1.8511,-0.45685,0.07289,-0.28143,-0.63087,-0.1628,0.70449,607.81,439.17,-6227.2,43696
44.875,0,-1.9423,-0.64128,0.029891,-0.27327,-0.63283,-0.15614,0.70744,571.33,437.76,-6224.6,44698
44.882,0,-1.9919,-0.40309,0.13073,-0.26509,-0.63472,-0.14945,0.7103,578.29,448.89,-6222.4,46552
44.89,0,-1.9979,-0.6747,0.14925,-0.25688,-0.63653,-0.14272,0.71307,573.53,439.84,-6224,46202
44.897,0,-1.8319,-0.70248,0.042291,-0.24865,-0.63827,-0.13596,0.71575,574.2,434.97,-6231.1,44819
44.904,0,-2.0441,-0.84585,0.29081,-0.2404,-0.63993,-0.12917,0.71834,590.29,438.79,-6235.5,45553
44.911,0,-1.8407,-0.75348,0.23909,-0.23212,-0.64151,-0.12234,0.72084,592.99,445.64,-6222.8,47508
44.918,0,-1.9341,-0.90741,0.11838,-0.22382,-0.64302,-0.11549,0.72325,575.41,438.24,-6205.7,45205
44.925,0,-1.9631,-0.7542,0.29014,-0.2155,-0.64445,-0.1086,0.72557,585.31,457.57,-6228.2,44492
44.932,0,-1.8963,-0.9482,0.23609,-0.20716,-0.64579,-0.10167,0.7278,585.78,451.09,-6226.5,47041
44.939,0,-2.0552,-0.91363,0.20503,-0.19881,-0.64706,-0.094724,0.72994,581.83,440.14,-6225.5,47453
44.946,0,-2.1116,-0.74976,0.23839,-0.19043,-0.64824,-0.087744,0.732,572.06,449.23,-6217.1,45116
44.953,0,-2.059,-0.72438,0.34813,-0.18205,-0.64934,-0.080736,0.73396,565.61,450.77,-6219.9,46499
44.96,0,-2.2194,-0.71459,0.47318,-0.17364,-0.65036,-0.0737,0.73583,571.87,456.25,-6229.2,45959
44.967,0,-1.9784,-1.028,0.18992,-0.16523,-0.6513,-0.066638,0.73761,590.56,434.98,-6218.8,45274
44.974,0,-1.9412,-1.0102,0.44629,-0.1568,-0.65215,-0.05955,0.7393,597.27,448.42,-6239.4,45744
44.981,0,-2.0179,-1.0086,0.35267,-0.14836,-0.65291,-0.052437,0.74091,561.5,457.03,-6216.3,44812
44.988,0,-1.94,-0.89532,0.5399,-0.13991,-0.65359,-0.0453,0.74242,597.46,455.35,-6216.8,46185
44.995,0,-2.0514,-0.98781,0.43142,-0.13146,-0.65418,-0.03814,0.74385,575.51,451.93,-6225.2,45331
45.002,0,-2.3052,-0.81641,0.60377,-0.12299,-0.65469,-0.030959,0.74519,586.19,464.55,-6213,45967
45.009,0,-2.177,-0.90807,0.54931,-0.11452,-0.6551,-0.023757,0.74643,598.35,438.13,-6220.1,43787
45.016,0,-2.1109,-0.77236,0.68504,-0.10604,-0.65543,-0.016535,0.74759,605.94,437.06,-6218,45603
45.023,0,-2.1931,-0.87978,0.57652,-0.09755,-0.65567,-0.0092951,0.74866,573.08,439.32,-6201.7,47060
45.03,0,-2.2591,-0.85636,0.69557,-0.08906,-0.65581,-0.0020375,0.74965,575.5,450.47,-6225,46019
45.037,0,-2.2912,-0.92865,0.51058,-0.080566,-0.65587,0.0052364,0.75054,587.18,447.41,-6229.8,46235
45.044,0,-2.393,-0.87659,0.74171,-0.07207,-0.65584,0.012525,0.75135,580.72,439.17,-6200.4,45052
45.052,0,-2.2524,-0.82068,0.61568,-0.063571,-0.65571,0.019828,0.75207,578.32,451.39,-6211.3,45138
45.059,0,-2.2371,-0.96803,0.6686,-0.055072,-0.6555,0.027143,0.7527,577.66,440.46,-6204.1,46190
45.066,0,-2.0187,-0.71143,0.69324,-0.046572,-0.65519,0.034469,0.75324,588.05,425.12,-6196.3,47640
45.073,1,-2.3027,-0.71415,0.742,-0.038072,-0.65478,0.041806,0.7537,573.45,441.02,-6190.8,45049
45.08,0,-1.9903,-0.81015,0.87932,-0.029574,-0.65429,0.049151,0.75407,596.49,445.87,-6211.8,45412
45.087,0,-2.307,-0.8053,0.82834,-0.021078,-0.6537,0.056503,0.75435,581.39,447.65,-6186.8,46081
45.094,0,-2.0255,-0.69016,0.79005,-0.012584,-0.65301,0.063862,0.75454,584.19,461.16,-6197.2,46432
45.101,0,-2.2963,-0.80666,1.0115,-0.0040941,-0.65224,0.071225,0.75465,586.96,446.26,-6195.6,47166
45.108,0,-2.2709,-0.70939,0.7035,0.0043918,-0.65137,0.078591,0.75467,575.44,465.25,-6195.5,44503
45.115,0,-2.1637,-0.79005,0.90199,0.012873,-0.6504,0.085959,0.7546,589.27,443.47,-6210.4,44933
45.122,0,-2.2022,-0.80782,0.6825,0.021348,-0.64934,0.093327,0.75445,592.88,441.31,-6182.8,47048
45.129,0,-2.1369,-0.68091,0.82786,0.029817,-0.64818,0.10069,0.75421,584.79,456.29,-6177,46663
45.136,0,-2.1306,-0.58154,0.88245,0.038279,-0.64693,0.10806,0.75388,593.93,433.91,-6204.5,47446
45.143,0,-2.2227,-0.46182,0.86508,0.046734,-0.64558,0.11542,0.75347,594.23,441.7,-6201.8,44061
45.15,0,-2.0678,-0.56504,0.87997,0.05518,-0.64414,0.12278,0.75297,579.67,466.24,-6196.2,47935
45.157,0,-2.1533,-0.45101,0.79194,0.063617,-0.6426,0.13012,0.75238,580.18,436.18,-6211.9,46366
45.164,0,-2.2501,-0.52266,0.77985,0.072045,-0.64097,0.13746,0.75171,572.92,438.6,-6199.4,46020
45.171,0,-2.1667,-0.30046,0.78937,0.080463,-0.63924,0.1448,0.75095,586.17,450,-6192.9,45441
45.178,0,-2.027,-0.27887,0.75919,0.088869,-0.63742,0.15211,0.75011,583.35,460.98,-6215.4,44860
45.185,0,-2.1499,-0.26404,0.75635,0.097264,-0.6355,0.15942,0.74917,575.39,456.38,-6213.3,46120
45.192,0,-2.1282,-0.23614,0.72301,0.10565,-0.63349,0.16671,0.74815,590.98,431.45,-6198.2,46386
45.199,0,-2.2798,-0.39706,0.69677,0.11402,-0.63139,0.17399,0.74705,573.68,436.53,-6189.9,46563
45.206,0,-2.3631,-0.49103,0.62845,0.12237,-0.62918,0.18125,0.74586,579.36,441.95,-6189.3,45051
45.214,0,-2.2327,-0.1798,0.72109,0.13072,-0.62689,0.18849,0.74458,589.2,451.27,-6174.1,44383
45.221,0,-2.0182,-0.15487,0.43119,0.13904,-0.6245,0.19571,0.74321,593.48,452.34,-6203.6,45582
45.228,0,-2.1035,-0.37131,0.73255,0.14736,-0.62202,0.2029,0.74176,595.21,456.96,-6176.7,46465
45.235,0,-2.2822,-0.15773,0.71796,0.15565,-0.61945,0.21008,0.74022,582.93,459.92,-6181.6,46069
45.242,0,-2.0163,-0.28808,0.63038,0.16393,-0.61678,0.21723,0.73859,584.05,458.33,-6187.5,43761
45.249,0,-2.1556,-0.17803,0.51747,0.17219,-0.61402,0.22435,0.73688,567.92,457.33,-6179.5,47603
45.256,0,-2.2071,-0.078101,0.48211,0.18044,-0.61118,0.23145,0.73508,593.45,453.07,-6187.4,46594
45.263,0,-2.4035,-0.050742,0.40713,0.18866,-0.60824,0.23851,0.73319,587.06,438.08,-6189.7,47865
45.27,0,-2.2443,0.0055154,0.41924,0.19687,-0.60521,0.24555,0.73121,603.8,447.91,-6186.8,45457
45.277,0,-2.2435,-0.045531,0.40471,0.20506,-0.60209,0.25255,0.72915,595.09,434.2,-6166.6,47333
45.284,0,-2.1797,-0.091041,0.36753,0.21322,-0.59888,0.25953,0.727,577.77,435.09,-6172.4,46560
45.291,0,-2.2343,0.12047,0.31105,0.22137,-0.59558,0.26646,0.72476,591.73,461.7,-6181.5,45355
45.298,0,-1.9728,0.037227,0.30179,0.22949,-0.5922,0.27336,0.72243,590.15,443.59,-6194,46916
45.305,0,-2.1824,-0.017327,0.21072,0.23759,-0.58873,0.28022,0.72002,582.62,455.44,-6195.9,44839
45.312,0,-2.1053,0.0044317,0.35116,0.24567,-0.58517,0.28705,0.71751,594.72,442.05,-6184.2,45196
45.319,0,-2.1485,0.054657,0.27045,0.25372,-0.58153,0.29383,0.71492,589.9,456.88,-6177.9,44283
45.326,0,-2.1425,0.08228,0.15808,0.26174,-0.57781,0.30057,0.71224,582.53,447.36,-6176.2,45353
45.333,0,-2.3227,-0.1656,0.11628,0.26974,-0.574,0.30727,0.70947,581.63,443.96,-6167.3,45390
45.34,0,-2.1941,-0.016677,0.050037,0.27772,-0.57011,0.31393,0.70661,585.79,450.96,-6148.8,45445
45.347,0,-2.0828,-0.14196,0.057873,0.28566,-0.56614,0.32054,0.70366,585.74,439.13,-6189.8,45473
45.354,0,-2.3502,-0.026575,-0.080184,0.29358,-0.56208,0.3271,0.70062,578.1,455.14,-6170.4,46005
45.361,0,-2.2551,0.044795,-0.14901,0.30147,-0.55795,0.33362,0.6975,581.58,435.67,-6160.9,45560
45.368,0,-2.2639,-0.13724,-0.084688,0.30933,-0.55374,0.34009,0.69428,584.5,438.35,-6161,45572
45.376,0,-2.013,-0.16371,-0.18697,0.31716,-0.54945,0.34651,0.69098,585.43,449.75,-6186.2,45122
45.383,0,-2.2764,-0.1199,-0.2563,0.32496,-0.54509,0.35287,0.68758,593.6,465.21,-6163.3,46616
45.39,0,-2.2273,-0.14961,-0.20281,0.33272,-0.54064,0.35919,0.68409,603,455.03,-6167.6,47594
45.397,0,-2.3328,-0.15751,-0.36515,0.34045,-0.53613,0.36545,0.68052,583.18,445.15,-6188.3,46398
45.404,0,-2.1541,-0.091084,-0.3888,0.34815,-0.53154,0.37166,0.67685,582.1,451.67,-6172.5,47261
45.411,0,-2.1926,-0.0016972,-0.27746,0.35581,-0.52688,0.37782,0.67309,582.08,460.05,-6165.4,46537
45.418,0,-2.1114,-0.16426,-0.36416,0.36343,-0.52215,0.38391,0.66925,579.46,457.43,-6167.1,44231
45.425,0,-2.0995,-0.20173,-0.57463,0.37102,-0.51734,0.38996,0.66531,583.42,452.49,-6149.1,45685
45.432,0,-2.2571,-0.20358,-0.39158,0.37857,-0.51247,0.39594,0.66128,582.81,465.26,-6172,46054
45.439,0,-1.7753,-0.17405,-0.41269,0.38608,-0.50753,0.40186,0.65716,605.01,471.21,-6160.4,45248
45.446,0,-1.8669,-0.31067,-0.55243,0.39354,-0.50253,0.40773,0.65295,580.34,429.39,-6161.3,46302
45.453,0,-1.849,-0.24124,-0.69017,0.40097,-0.49745,0.41354,0.64865,597.43,465.32,-6151.7,46460
45.46,0,-1.8634,-0.26487,-0.75896,0.40836,-0.49232,0.41928,0.64426,586.53,458.58,-6175.4,44453
45.467,0,-1.8455,-0.56025,-0.70416,0.4157,-0.48712,0.42497,0.63978,581.99,447,-6153.8,46752
45.474,0,-2.2379,-0.26811,-0.60912,0.42299,-0.48186,0.43059,0.6352,585.43,449,-6160.4,46923
45.481,0,-1.7381,-0.19407,-0.52833,0.43024,-0.47653,0.43615,0.63054,587.28,468.57,-6174.6,45770
45.488,0,-1.8212,-0.47947,-0.59386,0.43745,-0.47115,0.44164,0.62579,563.18,438.64,-6171,46237
45.495,0,-2.0125,-0.50748,-0.72854,0.4446,-0.46571,0.44707,0.62094,595,437.01,-6151,46836
45.502,0,-1.7817,-0.39465,-0.67493,0.45171,-0.46021,0.45244,0.61601,580.05,446.01,-6167.5,45410
45.509,0,-1.9862,-0.68139,-0.82813,0.45877,-0.45465,0.45774,0.61098,587.69,454.66,-6151.2,45700
45.516,0,-1.9543,-0.71736,-0.61093,0.46577,-0.44904,0.46297,0.60587,580.84,463.89,-6152.6,45324
45.523,0,-1.8984,-0.71234,-0.86787,0.47272,-0.44338,0.46814,0.60066,596.42,454,-6153.7,46025
45.531,0,-1.8993,-0.64881,-0.83543,0.47962,-0.43766,0.47324,0.59537,558.97,460.29,-6151.5,45147
45.538,0,-1.9416,-0.62183,-0.75048,0.48646,-0.43189,0.47828,0.58998,572.32,472.83,-6150.7,45760
45.545,0,-1.8526,-0.66724,-0.82922,0.49325,-0.42606,0.48324,0.58451,582.48,444.6,-6163.2,45569
45.552,0,-2.048,-0.72737,-0.63193,0.49998,-0.42019,0.48814,0.57895,604.69,426.32,-6134,44989
45.559,0,-1.9343,-0.84958,-0.86605,0.50665,-0.41427,0.49297,0.5733,587.5,446.19,-6159.6,45391
45.566,0,-1.927,-0.93371,-0.67771,0.51325,-0.4083,0.49773,0.56756,570.69,462.94,-6131.6,47353
45.573,0,-2.012,-1.0729,-0.85618,0.5198,-0.40229,0.50242,0.56173,592.9,471.96,-6130.9,46897
45.58,0,-1.9329,-0.88769,-0.90473,0.52629,-0.39623,0.50705,0.55582,572.04,456.01,-6155.5,46228
45.587,0,-1.8592,-0.88685,-0.79931,0.53271,-0.39012,0.5116,0.54981,577.39,454.74,-6132.8,45981
45.594,0,-1.9517,-0.95796,-0.95705,0.53907,-0.38397,0.51608,0.54373,587.34,447.31,-6133.6,46744
45.601,0,-1.8426,-1.0061,-0.81631,0.54536,-0.37778,0.52049,0.53755,590.34,445.13,-6151.2,46180
45.608,0,-1.8453,-1.0776,-0.70154,0.55158,-0.37154,0.52483,0.53129,589.75,438.28,-6170.1,47484
45.615,0,-1.6603,-0.94303,-0.83873,0.55773,-0.36527,0.5291,0.52495,596.8,450.65,-6145,46017
45.622,0,-2.0708,-1.1178,-0.7968,0.56381,-0.35895,0.5333,0.51852,579.06,455.52,-6138.5,46795
45.629,0,-1.7784,-1.0738,-0.56218,0.56982,-0.3526,0.53742,0.51201,587.94,466.54,-6127.6,46603
45.636,0,-1.8799,-1.2074,-0.66418,0.57576,-0.34621,0.54148,0.50541,586.92,455.74,-6149,46050
45.643,0,-1.8747,-1.2455,-0.69768,0.58163,-0.33978,0.54546,0.49873,588.91,459.18,-6137.3,48875
45.65,0,-1.7918,-1.1274,-0.72227,0.58742,-0.33331,0.54937,0.49197,590.66,458.47,-6123,47419
45.657,0,-1.7965,-1.1589,-0.75196,0.59313,-0.32681,0.55321,0.48513,599.56,457.68,-6150.8,44927
45.664,0,-1.9266,-1.1168,-0.79861,0.59876,-0.32027,0.55698,0.47821,608.07,449.88,-6148.7,47072
45.671,0,-1.9077,-1.1948,-0.59563,0.60432,-0.3137,0.56067,0.47121,590.95,460.29,-6135.2,44979
45.678,0,-1.9369,-1.1906,-0.6119,0.60979,-0.3071,0.56429,0.46413,577.93,457.44,-6160,45344
45.685,0,-1.7887,-1.354,-0.48667,0.61518,-0.30046,0.56784,0.45698,585.62,459.14,-6118,48360
45.693,0,-1.8578,-1.5548,-0.53974,0.62049,-0.2938,0.57131,0.44975,597.6,451.38,-6147,46550
45.7,0,-1.9485,-1.4461,-0.39346,0.62572,-0.2871,0.57471,0.44244,598.24,453.41,-6141.2,46604
45.707,0,-1.9898,-1.2971,-0.48564,0.63086,-0.28037,0.57804,0.43506,587.38,451.83,-6143,46606
45.714,0,-1.7902,-1.2754,-0.60505,0.63591,-0.27361,0.5813,0.4276,584.06,467.57,-6122.5,46610
45.721,0,-1.8325,-1.2645,-0.48951,0.64088,-0.26682,0.58448,0.42008,584.55,463.16,-6121,45156
45.728,0,-1.7049,-1.4639,-0.36498,0.64576,-0.26,0.58758,0.41248,614.86,453.85,-6116,45562
45.735,0,-1.8977,-1.4506,-0.29503,0.65055,-0.25316,0.59062,0.40481,604.61,454.47,-6095.2,44804
45.742,0,-1.9323,-1.2989,-0.31043,0.65524,-0.24629,0.59357,0.39707,584.62,459.7,-6110,48488
45.749,0,-2.0107,-1.4793,-0.29334,0.65985,-0.23939,0.59646,0.38927,603.46,459.22,-6106.6,46506
45.756,0,-1.9643,-1.2923,-0.11186,0.66436,-0.23247,0.59927,0.38139,613.37,449.36,-6115,46907
45.763,0,-1.9091,-1.2611,-0.21648,0.66878,-0.22552,0.602,0.37346,602.2,456.46,-6118,47614
45.77,0,-1.9665,-1.12,-0.040007,0.6731,-0.21855,0.60466,0.36546,591.45,454,-6118.7,46033
45.777,1,-1.8991,-1.2584,-0.21099,0.67733,-0.21155,0.60725,0.35739,592.76,449.88,-6127.3,47402
45.784,0,-1.7322,-1.2511,-0.017353,0.68146,-0.20453,0.60975,0.34927,587.99,466.33,-6107,46824
45.791,0,-1.9752,-1.3443,-0.18576,0.68549,-0.19748,0.61219,0.34108,607.04,471.05,-6120.4,46342
45.798,0,-1.9484,-1.1977,-0.079345,0.68942,-0.19042,0.61454,0.33284,589.07,437.17,-6132.5,46204
45.805,0,-1.8111,-1.3349,0.041124,0.69325,-0.18333,0.61683,0.32454,579.97,446.99,-6115.5,47186
45.812,0,-1.9366,-1.2857,0.12701,0.69698,-0.17622,0.61903,0.31618,578.38,464.25,-6107.2,47264
45.819,0,-1.7946,-1.2591,0.0054305,0.70061,-0.16908,0.62116,0.30777,578.6,450.63,-6104.3,47259
45.826,0,-1.9293,-1.0574,-0.034415,0.70413,-0.16193,0.62321,0.2993,590.57,451.02,-6127.3,46073
45.833,0,-1.8253,-1.0818,0.20265,0.70756,-0.15476,0.62519,0.29079,607.16,457.34,-6107.6,46493
45.84,0,-1.8408,-1.1299,-0.017123,0.71087,-0.14757,0.62708,0.28222,594.13,463.34,-6112.5,46832
45.847,0,-2.0309,-1.0124,0.075937,0.71409,-0.14035,0.6289,0.27361,600.71,434.72,-6127.1,47000
45.855,0,-1.8418,-0.96067,0.26635,0.7172,-0.13312,0.63064,0.26495,592.36,447.77,-6112.9,45509
45.862,0,-1.8978,-0.93,0.031513,0.7202,-0.12588,0.63231,0.25624,590.86,453.34,-6121,46810
45.869,0,-2.0299,-0.98516,0.19448,0.72309,-0.11861,0.63389,0.2475,591.21,439,-6114.9,48345
45.876,0,-2.1871,-0.9028,0.1596,0.72588,-0.11133,0.63539,0.23871,593.28,460.19,-6112.5,45251
45.883,0,-2.2459,-0.76194,0.18,0.72856,-0.10403,0.63682,0.22988,614.33,450.15,-6106.5,47423
45.89,0,-2.2997,-0.84942,0.15342,0.73113,-0.096711,0.63817,0.22101,597.8,447.83,-6094.4,44400
45.897,0,-2.163,-0.90099,0.2953,0.73359,-0.089378,0.63943,0.2121,574.56,457.47,-6122.9,45042
45.904,0,-2.1637,-0.86786,0.41896,0.73594,-0.082031,0.64062,0.20316,593.26,453.46,-6099.4,47258
45.911,0,-2.1597,-0.65496,0.29812,0.73818,-0.074669,0.64172,0.19418,589.91,441.05,-6130.3,45820
45.918,0,-2.1625,-0.65778,0.19583,0.74031,-0.067293,0.64274,0.18518,581.63,452.7,-6102.6,47927
45.925,0,-2.2665,-0.6477,0.37574,0.74233,-0.059903,0.64368,0.17614,601.53,457.89,-6122.3,44871
45.932,0,-2.197,-0.40308,0.31495,0.74424,-0.0525,0.64454,0.16707,606.61,443.22,-6117.5,46695
45.939,0,-2.1605,-0.62567,0.359,0.74604,-0.045084,0.64531,0.15798,575.43,465.91,-6098.3,46289
45.946,0,-2.1874,-0.50134,0.3448,0.74773,-0.037657,0.64601,0.14886,593.65,465.77,-6087.1,47858
45.953,0,-2.3248,-0.43374,0.22337,0.7493,-0.030217,0.64662,0.13972,593.37,446.93,-6092.9,46907
45.96,0,-2.237,-0.35181,0.26131,0.75076,-0.022767,0.64714,0.13056,602.65,450.4,-6090.9,47016
45.967,0,-2.3316,-0.30804,0.29987,0.75211,-0.015307,0.64758,0.12137,587.63,456.94,-6088.3,45944
45.974,0,-2.2409,-0.17971,0.16247,0.75335,-0.0078374,0.64793,0.11217,589.93,462.7,-6111.5,45649
45.981,0,-2.3653,-0.45295,0.16773,0.75448,-0.00035855,0.6482,0.10295,591.52,450.93,-6095.9,46250
45.988,0,-2.2238,-0.26124,0.1726,0.75549,0.0071286,0.64838,0.093719,582.29,445.46,-6087.6,46305
45.995,0,-2.2019,-0.20179,0.20841,0.75639,0.014623,0.64848,0.084472,587.18,449.99,-6090.4,46496
46.002,0,-2.3323,-0.23124,0.11306,0.75718,0.022125,0.64849,0.075212,598.36,451.84,-6089.1,46660
46.009,0,-2.2334,-0.17096,0.060073,0.75785,0.029633,0.64841,0.065943,612.34,447.7,-6085.7,47948
46.017,0,-2.2508,-0.084235,0.085467,0.75841,0.037146,0.64825,0.056666,586.37,458.65,-6091.9,47188
46.024,0,-2.2884,-0.32329,0.10438,0.75886,0.044665,0.64799,0.047381,593.17,433.24,-6106.4,47307
46.031,0,-2.2742,-0.049793,0.066205,0.7592,0.052187,0.64765,0.038091,584.29,440.68,-6082.1,46081
46.038,0,-2.0892,-0.10198,0.092686,0.75942,0.059712,0.64721,0.028798,598.46,446.52,-6090.3,46932
46.045,0,-2.3694,-0.1169,0.037406,0.75953,0.067239,0.64669,0.019503,594.5,461.05,-6091.9,47902
46.052,0,-2.4017,-0.048903,0.16431,0.75954,0.074769,0.64607,0.010207,594.16,462.18,-6102.9,47912
46.059,0,-2.3655,0.0022934,-0.063513,0.75942,0.082298,0.64537,0.00091316,610.59,463.43,-6098.6,46519
46.066,0,-2.3061,0.09742,0.0075937,0.7592,0.089828,0.64457,-0.0083784,578.82,441.51,-6090.7,47083
46.073,0,-2.4102,-0.027619,-0.26925,0.75887,0.097356,0.64368,-0.017666,582.31,451.97,-6083.3,44973
46.08,0,-2.4873,0.090467,-0.13217,0.75842,0.10488,0.6427,-0.026947,602.31,452.97,-6079.9,47443
46.087,0,-2.3987,0.28682,-0.10895,0.75787,0.1124,0.64163,-0.036221,588.29,438.7,-6080.1,45724
46.094,0,-2.3058,0.13708,-0.11144,0.7572,0.11992,0.64046,-0.045486,598.85,474,-6075.8,46603
46.101,0,-2.33,0.27003,-0.057816,0.75643,0.12744,0.6392,-0.054741,582.96,435.72,-6083.5,46174
46.108,0,-2.2097,0.22377,-0.12738,0.75554,0.13495,0.63785,-0.063984,599.47,460.3,-6073.8,47902
46.115,0,-2.368,0.26595,-0.32831,0.75455,0.14245,0.6364,-0.073213,588.59,460.82,-6065.4,45970
46.122,0,-2.3894,0.038698,-0.19205,0.75345,0.14994,0.63485,-0.082428,604.3,467.08,-6089.3,45282
46.129,0,-2.2134,0.28055,-0.27078,0.75224,0.15742,0.63322,-0.091627,591.66,455.03,-6074.9,45395
46.136,0,-2.3193,0.39278,-0.40943,0.75092,0.16489,0.63148,-0.10081,598.38,446.61,-6066,46514
46.143,0,-2.4021,0.14593,-0.51764,0.74949,0.17235,0.62965,-0.10997,593.83,449.81,-6075.7,47674
46.15,0,-2.3299,0.15447,-0.42228,0.74796,0.1798,0.62773,-0.11911,591.26,451.7,-6080.7,45827
46.157,0,-2.3398,0.13132,-0.48029,0.74632,0.18724,0.6257,-0.12823,590.18,444.21,-6078.7,46626
46.164,0,-2.43,0.14359,-0.53257,0.74457,0.19466,0.62359,-0.13733,593.21,443.84,-6068.6,46967
46.171,0,-2.2094,0.19523,-0.66856,0.74272,0.20206,0.62137,-0.14641,579.64,456.72,-6084.3,47907
46.179,0,-2.3716,0.37686,-0.51492,0.74077,0.20944,0.61906,-0.15545,607.85,437.69,-6078.1,46472
46.186,0,-2.5538,0.04991,-0.39408,0.73871,0.21681,0.61665,-0.16448,587.06,463.52,-6080.4,47246
46.193,0,-2.3575,0.20758,-0.48918,0.73654,0.22416,0.61414,-0.17347,590.46,451.24,-6093.1,45146
46.2,0,-2.4359,0.15033,-0.83439,0.73427,0.23148,0.61154,-0.18243,570.97,447.68,-6063.1,47012
46.207,0,-2.2303,-0.10174,-0.70483,0.7319,0.23878,0.60884,-0.19137,593.62,451.34,-6064.8,47013
46.214,0,-2.2947,0.13744,-0.63763,0.72943,0.24606,0.60604,-0.20027,580.6,448.36,-6060.5,44839
46.221,0,-2.3828,0.19465,-0.48741,0.72685,0.25331,0.60314,-0.20914,579.81,445.51,-6054.4,47710
46.228,0,-2.466,0.18654,-0.50143,0.72417,0.26053,0.60015,-0.21798,606.47,470.72,-6049.2,48275
46.235,0,-2.5226,0.00046718,-0.69581,0.7214,0.26773,0.59706,-0.22678,604.45,465.09,-6078.8,46558
46.242,0,-2.42,-0.049184,-0.84519,0.71852,0.2749,0.59387,-0.23554,580.83,449.66,-6080,45995
46.249,0,-2.2909,0.12329,-0.64786,0.71554,0.28203,0.59059,-0.24427,586.9,446.04,-6068.7,45816
46.256,0,-2.3277,0.060155,-0.63919,0.71246,0.28914,0.5872,-0.25296,582.99,463.22,-6060.6,46521
46.263,0,-2.4462,0.10304,-0.55104,0.70929,0.29621,0.58372,-0.26161,594.68,462.34,-6072.7,46711
46.27,0,-2.4151,-0.12964,-0.6787,0.70601,0.30324,0.58015,-0.27022,593.93,448.33,-6056.2,45978
46.277,0,-2.4853,0.047844,-0.72217,0.70264,0.31024,0.57648,-0.27879,608.12,450.62,-6067.5,45994
46.284,0,-2.3092,-0.04888,-0.63088,0.69917,0.3172,0.57271,-0.28732,594.01,464.89,-6056.2,48095
46.291,0,-2.3293,-0.10488,-0.72835,0.6956,0.32412,0.56884,-0.2958,577.76,461.17,-6042.3,45853
46.298,0,-2.4727,-0.2462,-0.6032,0.69194,0.33099,0.56488,-0.30424,585.33,459.9,-6046.1,47037
46.305,0,-2.305,-0.29483,-0.68121,0.68819,0.33783,0.56083,-0.31264,602.97,449.72,-6057.5,47697
46.312,0,-2.2356,-0.033829,-0.63012,0.68433,0.34462,0.55668,-0.32098,592.41,461.98,-6058,48146
46.319,0,-2.2711,-0.12525,-0.64997,0.68039,0.35137,0.55244,-0.32928,608.21,444.92,-6059,46441
46.326,0,-2.3468,-0.013472,-0.71447,0.67634,0.35807,0.5481,-0.33754,583.46,452.54,-6038.3,47281
46.333,0,-2.4029,-0.087952,-0.59967,0.67221,0.36472,0.54367,-0.34574,597.17,479.96,-6050.4,46038
46.341,0,-2.2601,0.036848,-0.80433,0.66798,0.37132,0.53915,-0.35389,585,451.82,-6047.6,46226
46.348,0,-2.3252,-0.19911,-0.57622,0.66366,0.37787,0.53454,-0.36199,578.91,448.12,-6060.1,46950
46.355,0,-2.4357,-0.18017,-0.68425,0.65925,0.38437,0.52983,-0.37004,595.58,450.41,-6045.3,48034
46.362,0,-2.1805,-0.056435,-0.68484,0.65475,0.39081,0.52504,-0.37804,589.99,451.13,-6035.7,47166
46.369,0,-2.2953,-0.12327,-0.5791,0.65015,0.3972,0.52015,-0.38598,609.86,469.81,-6040.2,46970
46.376,0,-2.1772,-0.0004807,-0.47176,0.64547,0.40353,0.51518,-0.39387,592.07,447.09,-6055.4,47113
46.383,0,-2.3676,-0.2705,-0.39329,0.64069,0.4098,0.51011,-0.4017,596.73,457.51,-6026.6,47368
46.39,0,-2.5371,-0.26816,-0.46715,0.63583,0.41601,0.50496,-0.40948,602.65,480.37,-6052.4,48467
46.397,0,-2.3981,-0.094546,-0.32435,0.63087,0.42216,0.49973,-0.4172,585.2,450.87,-6026,50251
46.404,0,-2.3586,-0.25943,-0.61141,0.62583,0.42825,0.49441,-0.42486,602.3,443.81,-6025,47228
46.411,0,-2.4158,-0.30338,-0.49402,0.6207,0.43428,0.489,-0.43246,608.28,447.13,-6036,46002
46.418,0,-2.4026,-0.1505,-0.35337,0.61548,0.44024,0.48351,-0.44,599.76,466.76,-6040.6,45713
46.425,0,-2.4715,-0.15895,-0.24608,0.61017,0.44613,0.47794,-0.44747,599.1,458.24,-6033.7,45901
46.432,0,-2.1682,-0.16383,-0.23616,0.60478,0.45196,0.47228,-0.45489,588.38,468,-6039.2,46892
46.439,0,-2.3141,-0.20957,-0.4641,0.5993,0.45772,0.46655,-0.46225,595.55,449.74,-6037.7,47817
46.446,0,-2.3717,-0.18546,-0.3934,0.59373,0.4634,0.46074,-0.46954,590.69,466.08,-6026.2,48559
46.453,0,-2.2849,-0.15545,-0.12656,0.58808,0.46902,0.45484,-0.47676,594.63,458.53,-6035.4,47589
46.46,0,-2.4214,-0.24019,-0.085852,0.58234,0.47456,0.44887,-0.48392,598.87,448.65,-6021,47765
46.467,0,-2.4351,-0.23995,-0.24209,0.57652,0.48003,0.44283,-0.49101,600.52,462.48,-6042.9,47264
46.474,0,-2.3949,-0.096357,-0.19059,0.57062,0.48543,0.43671,-0.49804,591.29,458.14,-6030.8,47926
46.481,1,-2.2959,-0.080797,-0.24149,0.56463,0.49075,0.43052,-0.50499,603.33,475.58,-6026.5,46341
46.488,0,-2.3604,-0.18685,-0.16601,0.55855,0.49599,0.42425,-0.51188,610.81,463.19,-6022.3,46058
46.495,0,-2.405,-0.16158,-0.030231,0.5524,0.50116,0.41792,-0.5187,606.53,475.27,-6035.9,46392
46.503,0,-2.3635,-0.22848,-0.037217,0.54616,0.50624,0.41151,-0.52544,594.71,463.4,-6015,45470
46.51,0,-2.4536,-0.15699,-0.14933,0.53984,0.51125,0.40503,-0.53211,596.5,447.25,-6024,47827
46.517,0,-2.6574,-0.034335,-0.045505,0.53344,0.51617,0.39849,-0.53871,603.22,461.08,-6011.4,46497
46.524,0,-2.2779,-0.13495,0.027785,0.52696,0.52101,0.39189,-0.54524,588.39,445.53,-6043.2,48745
46.531,0,-2.4216,0.043985,0.15164,0.5204,0.52577,0.38522,-0.55168,594.09,466.26,-6012.9,47566
46.538,0,-2.4771,0.0025931,-0.10955,0.51376,0.53045,0.37848,-0.55806,608.54,455.29,-6016.7,46037
46.545,0,-2.4655,0.087054,0.15873,0.50704,0.53504,0.37169,-0.56435,605.21,454.43,-6017.7,48271
46.552,0,-2.2748,0.2557,0.035887,0.50024,0.53955,0.36483,-0.57057,617.23,461.97,-6005.9,46659
46.559,0,-2.471,0.091443,0.15833,0.49336,0.54397,0.35792,-0.57671,570.05,466.78,-6018.4,45996
46.566,0,-2.3238,0.1151,0.1927,0.48641,0.5483,0.35094,-0.58276,611.53,446.07,-6022.2,47048
46.573,0,-2.1952,0.12278,0.16626,0.47938,0.55254,0.34392,-0.58874,569.77,449.39,-6025.9,47378
46.58,0,-2.5659,0.19053,0.16829,0.47227,0.5567,0.33684,-0.59463,608.76,452.33,-6020.1,45602
46.587,0,-2.3254,0.41722,0.12746,0.46508,0.56077,0.3297,-0.60044,590.24,458.55,-6019.1,49513
46.594,0,-2.3615,0.28904,0.038058,0.45782,0.56475,0.32252,-0.60617,591.92,473.68,-6019.8,46011
46.601,0,-2.4451,0.2676,0.21085,0.45049,0.56864,0.31528,-0.61181,583.99,460.15,-6017.9,49212
46.608,0,-2.5341,0.57107,0.21711,0.44308,0.57243,0.308,-0.61736,611.21,441.43,-6008.2,47347
46.615,0,-2.3968,0.48333,0.034295,0.4356,0.57614,0.30067,-0.62283,578.45,469.41,-5999.8,47651
46.622,0,-2.5676,0.34105,0.036695,0.42805,0.57976,0.29329,-0.6282,590.55,460.14,-5993.9,46383
46.629,0,-2.4614,0.46391,0.087939,0.42043,0.58328,0.28587,-0.63349,587.93,477.29,-6006.2,47339
46.636,0,-2.5414,0.42115,0.042783,0.41273,0.58671,0.27841,-0.63868,593.11,458.03,-5989.1,46560
46.643,0,-2.4446,0.55579,0.096233,0.40497,0.59004,0.2709,-0.64379,611.45,467.9,-6018.9,45749
46.65,0,-2.4557,0.54477,0.19165,0.39713,0.59329,0.26336,-0.6488,602.63,469.46,-6015,45688
46.657,0,-2.3718,0.75086,0.2989,0.38923,0.59644,0.25578,-0.65372,604.41,448.77,-6017.5,47615
46.665,0,-2.3455,0.58889,0.010929,0.38126,0.59949,0.24816,-0.65854,601.87,443.05,-6004.1,47064
46.672,0,-2.3917,0.89535,0.13892,0.37322,0.60245,0.2405,-0.66326,610.11,468.19,-6014.1,45699
46.679,0,-2.2822,0.66312,0.24654,0.36511,0.60532,0.23282,-0.66789,597.13,446.23,-5998.1,47311
46.686,0,-2.4501,0.74697,0.050802,0.35695,0.60809,0.2251,-0.67242,588.71,470.55,-6010.4,46672
46.693,0,-2.2881,0.79448,0.077647,0.34871,0.61076,0.21735,-0.67685,586.61,446.56,-5981.8,46470
46.7,0,-2.4667,0.70059,0.037683,0.34042,0.61334,0.20957,-0.68118,599.1,453.11,-5987.1,46546
46.707,0,-2.3509,0.77425,-0.045106,0.33206,0.61583,0.20176,-0.68541,599.02,466.72,-5993.5,47518
46.714,0,-2.3921,0.95742,-0.099601,0.32364,0.61822,0.19392,-0.68954,596.76,444.43,-6012.5,47341
46.721,0,-2.4778,0.87124,-0.051477,0.31516,0.62051,0.18606,-0.69356,592.21,464.33,-5985.5,47871
46.728,0,-2.5076,1.0246,0.023325,0.30662,0.62271,0.17817,-0.69748,585.16,467.87,-6013.5,47692
46.735,0,-2.5943,0.91634,-0.078739,0.29803,0.62481,0.17027,-0.70129,586.76,462.87,-5979.8,48210
46.742,0,-2.5754,0.84476,-0.014734,0.28938,0.62681,0.16234,-0.70499,614.59,464.58,-5989.4,45533
46.749,0,-2.4824,0.91735,-0.10276,0.28067,0.62872,0.15439,-0.70859,600.4,464.1,-5990.2,48368
46.756,0,-2.4392,1.0747,-0.19794,0.27191,0.63053,0.14642,-0.71208,609.03,454.35,-5965.7,49238
46.763,0,-2.4724,1.0661,-0.3869,0.26309,0.63224,0.13843,-0.71546,606.27,441.88,-6003,47556
46.77,0,-2.4644,0.89669,-0.12906,0.25422,0.63386,0.13043,-0.71873,596.41,454.05,-5991,49385
46.777,0,-2.2348,1.1162,-0.11862,0.24531,0.63538,0.12241,-0.72189,597.27,462.66,-5987.1,47277
46.784,0,-2.2818,0.92932,-0.40568,0.23634,0.63681,0.11438,-0.72494,594.2,463.1,-5997.5,47640
46.791,0,-2.1233,0.85043,-0.4515,0.22733,0.63814,0.10634,-0.72787,596.05,454.94,-5999.1,45641
46.798,0,-2.2254,1.0963,-0.20443,0.21827,0.63937,0.098279,-0.73069,607.17,458.99,-5974.2,47760
46.805,0,-2.1916,1.0383,-0.44396,0.20916,0.64051,0.090214,-0.73339,614.56,450.07,-5985.2,47564
46.812,0,-2.3031,0.909,-0.31829,0.20001,0.64155,0.082138,-0.73598,593.21,452.02,-6002.8,46553
46.82,0,-2.2501,1.0274,-0.52569,0.19082,0.64249,0.074055,-0.73845,601.21,458.6,-5978.7,47068
46.827,0,-2.2712,0.77568,-0.30905,0.18158,0.64334,0.065966,-0.7408,598.57,447.09,-5980.8,48261
46.834,0,-2.3024,0.97579,-0.35736,0.17231,0.64409,0.05787,-0.74304,595.15,440.88,-5974.2,48083
46.841,0,-2.0682,1.0605,-0.44034,0.163,0.64475,0.04977,-0.74516,601.9,457.08,-5978.8,48551
46.848,0,-2.217,1.1596,-0.659,0.15366,0.6453,0.041666,-0.74715,614.28,471.34,-5977.7,46323
46.855,0,-2.0864,0.88272,-0.72274,0.14427,0.64577,0.03356,-0.74903,591.39,458.42,-5969.4,47914
46.862,0,-2.2505,0.99232,-0.54391,0.13486,0.64613,0.025453,-0.75078,606.31,454.34,-5974.9,46672
46.869,0,-2.0064,0.94728,-0.69883,0.12541,0.64641,0.017345,-0.75242,585.04,454.91,-5983.5,46237
46.876,0,-2.2915,0.90365,-0.79752,0.11594,0.64658,0.0092374,-0.75393,605.02,462.14,-5976.7,46864
46.883,0,-2.5339,0.96962,-0.52783,0.10644,0.64666,0.0011318,-0.75531,584.6,461.05,-5969.7,47582
46.89,0,-2.3776,0.91261,-0.50429,0.096906,0.64664,-0.006971,-0.75658,613.32,473.46,-5970.9,47971
46.897,0,-2.4004,0.99722,-0.66542,0.087351,0.64653,-0.01507,-0.75772,596.6,453.74,-5972.5,47658
46.904,0,-2.0854,0.79946,-0.47826,0.077774,0.64633,-0.023165,-0.75873,589.2,477.19,-5973.4,47287
46.911,0,-2.3713,0.86053,-0.62847,0.068175,0.64602,-0.031253,-0.75962,602.89,452.19,-5969.8,46044
46.918,0,-2.4306,0.91061,-0.51074,0.058556,0.64563,-0.039335,-0.76039,583.23,449.74,-5958.1,49854
46.925,0,-2.3823,0.9015,-0.73504,0.04892,0.64513,-0.04741,-0.76103,606.03,450.47,-5973.6,45345
46.932,0,-2.4522,0.79914,-0.73003,0.039268,0.64454,-0.055476,-0.76154,616.22,456.77,-5974.2,47144
46.939,0,-2.3619,0.73217,-0.73728,0.029601,0.64386,-0.063532,-0.76193,589.05,462.6,-5970.1,47594
46.946,0,-2.2824,0.64864,-0.79052,0.019922,0.64308,-0.071578,-0.76218,612.37,460.24,-5971,46399
46.953,0,-2.4679,0.71523,-0.97311,0.010233,0.64221,-0.079613,-0.76232,606.58,468.2,-5961.3,45926
46.96,0,-2.2392,0.5326,-0.75492,0.00053519,0.64124,-0.087635,-0.76232,605.13,471.19,-5949.4,49345
46.967,0,-2.3514,0.84255,-0.93906,-0.0091696,0.64018,-0.095644,-0.7622,595.5,451.9,-5968.2,46538
46.974,0,-2.4058,0.48977,-0.65241,-0.018879,0.63902,-0.10364,-0.76195,584.19,474.29,-5976.1,48298
46.982,0,-2.4977,0.46259,-0.93847,-0.028592,0.63776,-0.11162,-0.76157,609.62,462.92,-5953.5,48140
46.989,0,-2.4474,0.56923,-0.82057,-0.038306,0.63641,-0.11958,-0.76106,592.66,456.77,-5967.7,48605
46.996,0,-2.3405,0.68436,-0.59365,-0.04802,0.63497,-0.12753,-0.76042,608.86,460.73,-5965.1,46397
47.003,0,-2.4201,0.40566,-0.83964,-0.057731,0.63343,-0.13546,-0.75966,618.9,465.84,-5961.6,48291
47.01,0,-2.606,0.40022,-0.71386,-0.067437,0.6318,-0.14337,-0.75877,587.95,472.43,-5966.3,47424
47.017,0,-2.509,0.41655,-0.6514,-0.077137,0.63007,-0.15126,-0.75775,598.13,464.52,-5965.1,46847
47.024,0,-2.6222,0.40807,-0.73774,-0.086829,0.62825,-0.15913,-0.7566,605.38,458.63,-5953.3,46718
47.031,0,-2.6126,0.35667,-0.67043,-0.096511,0.62633,-0.16698,-0.75533,607.63,470.1,-5952.4,47691
47.038,0,-2.6117,0.2614,-0.75515,-0.10618,0.62432,-0.1748,-0.75392,599.86,461.64,-5947.2,48925
47.045,0,-2.4257,0.22581,-0.64794,-0.11584,0.62221,-0.1826,-0.75239,604.33,465.79,-5953.1,47470
47.052,0,-2.3448,0.13305,-0.68124,-0.12548,0.62001,-0.19038,-0.75073,595.44,464.92,-5952.5,46477
47.059,0,-2.4357,0.16386,-0.7535,-0.1351,0.61771,-0.19813,-0.74895,597.05,462.04,-5951.3,48537
47.066,0,-2.6201,0.11441,-0.79544,-0.1447,0.61532,-0.20586,-0.74704,602.65,474.24,-5960.9,46760
47.073,0,-2.5075,0.092904,-0.5631,-0.15428,0.61283,-0.21356,-0.745,595.86,458.25,-5940.1,47021
47.08,0,-2.566,0.26174,-0.54513,-0.16384,0.61025,-0.22123,-0.74284,614.58,455.66,-5941.5,48559
47.087,0,-2.6795,0.10122,-0.63296,-0.17338,0.60758,-0.22887,-0.74055,592.43,458.99,-5961,46587
47.094,0,-2.5274,0.1425,-0.52892,-0.18288,0.60481,-0.23648,-0.73814,604.44,459.97,-5961.2,48150
47.101,0,-2.4522,-0.11652,-0.33716,-0.19236,0.60194,-0.24406,-0.7356,610.72,459.32,-5962.2,47652
47.108,0,-2.7057,-0.034741,-0.59748,-0.20181,0.59898,-0.2516,-0.73293,587.78,462.96,-5934.3,48250
47.115,0,-2.6386,0.27219,-0.43492,-0.21122,0.59593,-0.25911,-0.73015,595.98,459.66,-5938.2,46997
47.122,0,-2.6015,-0.0074076,-0.33767,-0.2206,0.59278,-0.26659,-0.72724,598.78,464.62,-5935.2,46451
47.129,0,-2.5321,0.19582,-0.47439,-0.22995,0.58953,-0.27403,-0.72421,608.56,465.53,-5927.2,48005
47.136,0,-2.506,0.10726,-0.60911,-0.23925,0.5862,-0.28144,-0.72106,597.76,465.71,-5929.1,48113
47.144,0,-2.5617,0.13898,-0.3468,-0.24852,0.58276,-0.28881,-0.71778,611.82,465.13,-5946,48280
47.151,0,-2.6199,-0.15993,-0.52489,-0.25775,0.57924,-0.29614,-0.71439,594.82,455.25,-5935.8,45523
47.158,0,-2.6322,-0.065755,-0.26734,-0.26693,0.57562,-0.30343,-0.71088,595.1,466.78,-5924.6,49630
47.165,0,-2.5132,0.096864,-0.14421,-0.27607,0.5719,-0.31067,-0.70724,603.69,475.97,-5943.6,47385
47.172,0,-2.8861,0.11053,-0.23405,-0.28516,0.56809,-0.31788,-0.70349,601.3,458.94,-5945.1,48795
47.179,0,-2.6619,-0.075093,-0.089784,-0.29421,0.56419,-0.32504,-0.69963,611.95,469.66,-5925.2,45352
47.186,1,-2.5763,-0.042964,-0.2902,-0.3032,0.5602,-0.33216,-0.69564,607.86,471.89,-5940.3,48211
47.193,0,-2.7421,-0.1533,-0.051845,-0.31214,0.55611,-0.33923,-0.69154,589.68,481.03,-5932.9,46507
47.2,0,-2.5958,-0.0075683,-0.26857,-0.32104,0.55192,-0.34626,-0.68733,609.06,433.48,-5937.1,47667
47.207,0,-2.6578,0.015541,-0.0934,-0.32987,0.54765,-0.35323,-0.683,609.71,453.26,-5920.1,48297
47.214,0,-2.5889,0.1343,0.0061509,-0.33865,0.54328,-0.36016,-0.67856,597.53,458.04,-5919.9,47185
47.221,0,-2.914,-0.1025,-0.050558,-0.34738,0.53882,-0.36704,-0.67401,605.13,439.92,-5940.1,47803
47.228,0,-2.5462,-0.1635,0.10455,-0.35604,0.53426,-0.37386,-0.66935,613.39,474.25,-5926.6,47240
47.235,0,-2.6276,0.084465,0.066511,-0.36465,0.52962,-0.38064,-0.66457,611.25,467.7,-5936,46514
47.242,0,-2.6536,-0.14037,0.19979,-0.37319,0.52488,-0.38735,-0.65969,597.01,470.27,-5931.3,48493
47.249,0,-2.5811,-0.072098,0.24532,-0.38167,0.52005,-0.39402,-0.6547,614.68,475.91,-5928.3,47798
47.256,0,-2.4181,-0.089713,-0.038059,-0.39008,0.51513,-0.40062,-0.6496,596.37,464.33,-5924.6,48747
47.263,0,-2.7006,-0.044571,0.10016,-0.39843,0.51012,-0.40717,-0.64439,611.84,466.29,-5918.3,48557
47.27,0,-2.4184,-0.034016,0.10142,-0.40671,0.50502,-0.41366,-0.63908,600.91,460.33,-5901.2,49671
47.277,0,-2.2998,0.068754,0.27758,-0.41493,0.49983,-0.42008,-0.63367,607.28,433.16,-5907.3,47752
47.284,0,-2.482,0.10067,0.36995,-0.42307,0.49455,-0.42645,-0.62815,618.17,459.86,-5913.8,47404
47.291,0,-2.3864,0.10204,0.15173,-0.43114,0.48918,-0.43275,-0.62254,590.19,486.41,-5910.7,47765
47.298,0,-2.6185,0.014525,0.27512,-0.43914,0.48372,-0.43899,-0.61682,611.45,455.12,-5918,46531
47.306,0,-2.573,-0.17768,0.27705,-0.44706,0.47817,-0.44516,-0.611,611.92,479.89,-5918.2,48461
47.313,0,-2.6756,0.18481,0.16528,-0.45491,0.47254,-0.45126,-0.60508,597.92,449.24,-5900,48047
47.32,0,-2.6814,0.12314,0.1915,-0.46268,0.46682,-0.4573,-0.59906,603.65,459.75,-5897.9,46652
47.327,0,-2.5882,0.24051,0.16526,-0.47038,0.46102,-0.46327,-0.59295,607.74,468.31,-5918,48331
47.334,0,-2.5583,0.050809,0.20899,-0.478,0.45513,-0.46916,-0.58674,590.99,466.57,-5911.5,49150
47.341,0,-2.7721,0.056661,0.2043,-0.48553,0.44915,-0.47498,-0.58044,604.17,447.89,-5899.2,48574
47.348,0,-2.6538,0.23097,0.29506,-0.49299,0.44309,-0.48073,-0.57405,599.5,460.81,-5911.1,48777
47.355,0,-2.7045,0.28051,0.10339,-0.50036,0.43695,-0.4864,-0.56756,586.43,456.29,-5906.3,46032
47.362,0,-2.644,0.18848,0.16243,-0.50765,0.43073,-0.492,-0.56098,579.33,454.26,-5904.5,46625
47.369,0,-2.6331,0.24508,0.15138,-0.51486,0.42442,-0.49752,-0.55431,616.28,465.66,-5890.5,47449
47.376,0,-2.629,0.3104,0.2065,-0.52198,0.41803,-0.50296,-0.54756,604.49,454.42,-5903.7,46912
47.383,0,-2.5999,0.34213,0.35846,-0.52902,0.41157,-0.50832,-0.54071,593.6,455.37,-5903.1,46806
47.39,0,-2.5425,0.2164,0.30024,-0.53596,0.40502,-0.51359,-0.53378,594.03,456.77,-5912,45762
47.397,0,-2.4914,0.26388,0.26209,-0.54282,0.3984,-0.51879,-0.52676,600.35,465.7,-5899.9,48099
47.404,0,-2.621,0.32905,0.092754,-0.54959,0.3917,-0.5239,-0.51966,588.92,449.24,-5875.3,47577
47.411,0,-2.8091,0.25778,0.1978,-0.55627,0.38493,-0.52892,-0.51248,597.98,467.06,-5908.5,46800
47.418,0,-2.7169,0.28536,0.20334,-0.56286,0.37808,-0.53386,-0.50521,602.65,458.94,-5906.8,46959
47.425,0,-2.5522,0.37244,0.29606,-0.56935,0.37116,-0.53871,-0.49787,594.28,461.23,-5886.2,48830
47.432,0,-2.6024,0.4433,0.29502,-0.57575,0.36416,-0.54347,-0.49044,610.53,462.24,-5918,47622
47.439,0,-2.525,0.27853,0.3132,-0.58206,0.3571,-0.54815,-0.48294,590.95,464.16,-5878.2,48048
47.446,0,-2.7465,0.25984,0.21379,-0.58827,0.34996,-0.55273,-0.47535,610.65,465.92,-5889.5,48166
47.453,0,-2.6016,0.27492,0.20831,-0.59439,0.34276,-0.55721,-0.46769,599.32,455.58,-5903,47085
47.46,0,-2.5851,0.37114,0.084705,-0.6004,0.33548,-0.56161,-0.45996,600.27,462.14,-5885.8,46998
47.468,0,-2.6044,0.25822,0.15572,-0.60633,0.32814,-0.56591,-0.45215,584.45,461.02,-5898.8,49936
47.475,0,-2.8215,0.19322,0.15548,-0.61215,0.32074,-0.57011,-0.44427,607.98,472.44,-5882.4,46803
47.482,0,-2.8344,0.42886,0.015325,-0.61787,0.31327,-0.57422,-0.43632,617.81,457.27,-5886.1,48213
47.489,0,-2.7648,0.20214,0.15876,-0.62349,0.30575,-0.57822,-0.42829,601.35,457.53,-5889.8,47225
47.496,0,-2.7659,0.22396,0.21292,-0.62901,0.29816,-0.58213,-0.4202,609.52,457.42,-5889.1,47394
47.503,0,-2.7785,0.11759,0.064347,-0.63443,0.29051,-0.58594,-0.41203,612.07,445.5,-5882,49408
47.51,0,-2.8069,0.021103,0.10148,-0.63975,0.2828,-0.58965,-0.4038,615.28,451.51,-5895.3,46279
47.517,0,-2.7457,0.15106,0.024184,-0.64496,0.27504,-0.59326,-0.39551,604.02,451.46,-5879.5,49208
47.524,0,-2.7277,0.23066,-0.061717,-0.65007,0.26722,-0.59676,-0.38715,589.5,465.45,-5866.2,47154
47.531,0,-2.6526,0.16024,0.14269,-0.65507,0.25935,-0.60016,-0.37872,602.54,456.53,-5889.3,48478
47.538,0,-2.849,0.23064,0.041479,-0.65996,0.25143,-0.60346,-0.37023,603.09,473.53,-5888.7,46799
47.545,0,-2.5503,0.20416,0.11499,-0.66475,0.24346,-0.60665,-0.36168,621.41,498.99,-5876.6,48587
47.552,0,-2.6454,0.029141,0.055619,-0.66943,0.23544,-0.60973,-0.35307,604.12,467.75,-5887.3,47788
47.559,0,-2.714,0.057748,0.001313,-0.674,0.22737,-0.61271,-0.3444,609.23,473.44,-5873.5,47278
47.566,0,-2.708,0.30261,0.0041537,-0.67846,0.21926,-0.61558,-0.33567,595.99,460.44,-5884.8,48991
47.573,0,-2.5311,0.095131,0.044855,-0.68281,0.2111,-0.61834,-0.32688,609.4,455.77,-5866.2,48126
47.58,0,-2.8912,-0.030936,-0.1239,-0.68706,0.2029,-0.62099,-0.31804,602.43,455.97,-5890.8,47805
47.587,0,-2.7757,0.059116,0.11082,-0.69118,0.19466,-0.62354,-0.30915,604.54,465.27,-5874.8,49722
47.594,0,-2.8157,0.22987,-0.066124,-0.6952,0.18639,-0.62597,-0.30019,603.93,481.42,-5875.5,50173
47.601,0,-2.8615,-0.067505,0.094407,-0.6991,0.17807,-0.62829,-0.29119,588.06,457.71,-5886.4,48164
47.608,0,-2.6936,-0.016059,-0.011279,-0.70289,0.16973,-0.63051,-0.28214,598.69,472.06,-5864.9,49936
47.615,0,-2.8315,-0.044065,-0.033901,-0.70656,0.16134,-0.63261,-0.27303,592.72,450.49,-5879.8,47033
47.622,0,-2.8627,-0.1998,0.095385,-0.71012,0.15293,-0.6346,-0.26388,607.77,472.11,-5877.5,46512
47.63,0,-2.7331,-0.13043,0.09344,-0.71356,0.14449,-0.63647,-0.25468,602.53,476,-5881.7,45630
47.637,0,-2.865,-0.23517,-0.057446,-0.71688,0.13602,-0.63823,-0.24543,614.5,461.65,-5864.1,46857
47.644,0,-2.9364,-0.21504,-0.06233,-0.72009,0.12752,-0.63988,-0.23614,609.4,469.01,-5881.6,48137
47.651,0,-2.7718,-0.11033,-0.043678,-0.72318,0.119,-0.64142,-0.2268,596.03,459.42,-5885.4,47490
47.658,0,-3.0123,-0.14539,0.14519,-0.72614,0.11045,-0.64284,-0.21742,602.83,449.65,-5852.6,49133
47.665,0,-2.8658,-0.22678,-0.076069,-0.72899,0.10189,-0.64415,-0.208,606.37,460.1,-5864.3,46900
47.672,0,-2.9948,-0.22569,0.090562,-0.73172,0.093304,-0.64534,-0.19854,604.28,446.64,-5869.1,47921
47.679,0,-2.7737,-0.14386,0.077621,-0.73432,0.084702,-0.64642,-0.18904,599.89,463.74,-5860.8,48630
47.686,0,-2.8131,-0.33085,0.077274,-0.7368,0.076084,-0.64739,-0.1795,615.18,463.97,-5869.7,48755
47.693,0,-2.8485,-0.31725,0.10897,-0.73916,0.067452,-0.64824,-0.16993,610.78,454.72,-5874.9,47193
47.7,0,-2.8225,-0.25196,0.071066,-0.7414,0.058808,-0.64898,-0.16032,617.6,461.48,-5862,50062
47.707,0,-2.7733,-0.40282,0.17931,-0.74351,0.050154,-0.6496,-0.15068,595.5,462.31,-5876.4,48001
47.714,0,-2.6665,-0.3106,0.23329,-0.74549,0.041491,-0.6501,-0.14101,612.98,454.86,-5864.5,48932
47.721,0,-2.7672,-0.41273,0.29257,-0.74735,0.03282,-0.6505,-0.1313,602.29,471.01,-5858.1,47244
47.728,0,-2.571,-0.45479,0.25766,-0.74909,0.024145,-0.65077,-0.12157,610.76,456.91,-5865.4,48217
47.735,0,-2.6428,-0.52656,0.16671,-0.75069,0.015466,-0.65094,-0.11181,604,467.75,-5855,47928
47.742,0,-2.6299,-0.46457,0.31383,-0.75217,0.0067857,-0.65098,-0.10202,619.8,469.26,-5861.7,46499
47.749,0,-2.646,-0.45965,0.22821,-0.75353,-0.0018951,-0.65092,-0.092212,626.73,469.95,-5858.8,47015
47.756,0,-2.5695,-0.38614,0.4336,-0.75475,-0.010574,-0.65074,-0.082378,603.5,440.6,-5854.1,48709
47.763,0,-2.4011,-0.21855,0.35555,-0.75584,-0.01925,-0.65044,-0.072522,610.02,488.38,-5858.6,47116
47.77,0,-2.5868,-0.38201,0.41213,-0.7568,-0.027921,-0.65003,-0.062646,586.14,456.61,-5851.3,49105
47.777,0,-2.5292,-0.53592,0.19095,-0.75764,-0.036586,-0.64951,-0.052751,600.31,464.55,-5855.5,47184
47.784,0,-2.4399,-0.34041,0.32858,-0.75834,-0.045242,-0.64888,-0.04284,604.34,465.29,-5832,46784
47.792,0,-2.6086,-0.41327,0.47982,-0.75891,-0.053889,-0.64813,-0.032913,602.2,464.04,-5863.6,48157
47.799,0,-2.7168,-0.49022,0.47816,-0.75935,-0.062524,-0.64727,-0.022972,587.73,471.8,-5848.4,49620
47.806,0,-2.6704,-0.51767,0.36746,-0.75965,-0.071146,-0.64629,-0.01302,595.49,465.69,-5850.5,48007
47.813,0,-2.5853,-0.36856,0.38699,-0.75983,-0.079754,-0.64521,-0.0030563,606.85,462.58,-5840.3,47905
47.82,0,-2.5408,-0.32838,0.51082,-0.75987,-0.088346,-0.64401,0.0069156,615.09,445.64,-5852.7,48010
47.827,0,-2.6851,-0.42754,0.38935,-0.75977,-0.09692,-0.6427,0.016895,605.16,455.86,-5850.9,48085
47.834,0,-2.831,-0.32305,0.57348,-0.75955,-0.10547,-0.64128,0.026879,611.73,439.26,-5841.6,46775
47.841,0,-2.577,-0.45818,0.74244,-0.75918,-0.11401,-0.63975,0.036867,613.63,463.06,-5830,50036
47.848,0,-2.5914,-0.31517,0.38386,-0.75869,-0.12252,-0.63811,0.046857,593.25,451.48,-5833.4,48177
47.855,0,-2.7241,-0.45345,0.42034,-0.75806,-0.13101,-0.63636,0.056847,605.26,460.13,-5843.1,46955
47.862,0,-2.8419,-0.28655,0.70941,-0.75729,-0.13947,-0.6345,0.066835,602.4,482,-5844.7,47474
47.869,0,-2.5916,-0.33056,0.64263,-0.75639,-0.14791,-0.63253,0.07682,601.59,469.99,-5824.3,48430
47.876,0,-2.6617,-0.48392,0.80632,-0.75535,-0.15632,-0.63046,0.086799,583.28,468.65,-5823.9,49440
47.883,0,-2.6567,-0.26815,0.77384,-0.75418,-0.1647,-0.62827,0.096772,601.36,479.04,-5834.1,48644
47.89,1,-2.6612,-0.45903,0.91003,-0.75287,-0.17305,-0.62598,0.10673,613.89,478,-5825.2,47377
47.897,0,-2.6185,-0.30469,0.90875,-0.75142,-0.18137,-0.62359,0.11669,598.56,480.9,-5822.9,49558
47.904,0,-2.6421,-0.34009,0.88753,-0.74984,-0.18965,-0.62108,0.12663,604.49,452.2,-5851.9,48189
47.911,0,-2.7764,-0.38154,0.71091,-0.74812,-0.1979,-0.61847,0.13655,616.16,469.56,-5841.9,48006
47.918,0,-2.748,-0.27734,0.79856,-0.74626,-0.20611,-0.61576,0.14646,623.43,463.87,-5829.1,48036
47.925,0,-2.7871,-0.33666,0.56774,-0.74427,-0.21429,-0.61294,0.15635,608.57,472.14,-5823.9,49269
47.932,0,-2.8168,-0.38914,0.91817,-0.74215,-0.22243,-0.61001,0.16622,612.06,467.63,-5814.2,47479
47.939,0,-2.5359,-0.36726,0.83807,-0.73988,-0.23052,-0.60699,0.17607,611.33,456.96,-5832.6,46554
47.946,0,-2.7549,-0.19456,0.95954,-0.73748,-0.23858,-0.60386,0.18589,600.8,459.54,-5827.3,47656
47.954,0,-2.5734,-0.082011,0.78581,-0.73495,-0.24659,-0.60062,0.19569,602.56,463.92,-5844.5,48165
47.961,0,-2.6958,0.032536,0.84657,-0.73228,-0.25456,-0.59729,0.20546,621.54,471.65,-5813.8,49006
47.968,0,-2.8255,-0.1639,0.93575,-0.72947,-0.26249,-0.59385,0.2152,595.41,466.51,-5826.4,50800
47.975,0,-2.784,-0.18916,0.96321,-0.72653,-0.27037,-0.59032,0.2249,600.78,469.53,-5833.5,48250
47.982,0,-2.6201,-0.0074041,1.0074,-0.72345,-0.2782,-0.58668,0.23458,620.71,455.5,-5801.6,49116
47.989,0,-2.7943,-0.16653,0.65566,-0.72024,-0.28598,-0.58294,0.24421,598.12,470.71,-5807.7,47837
47.996,0,-2.798,0.040274,0.75473,-0.7169,-0.29371,-0.57911,0.25381,614.52,477.71,-5821.9,48680
48.003,0,-2.9275,-0.034006,0.79382,-0.71342,-0.3014,-0.57518,0.26337,605.42,468.48,-5822.7,46979
48.01,0,-2.7589,0.18279,0.7826,-0.70981,-0.30903,-0.57115,0.27289,604.03,461.32,-5832.8,48561
48.017,0,-2.7947,-0.040787,0.80249,-0.70606,-0.31661,-0.56702,0.28236,615.19,450.06,-5818.3,47049
48.024,0,-2.8575,0.12267,0.93923,-0.70219,-0.32413,-0.56279,0.29179,602.18,465.62,-5813.6,46762
48.031,0,-2.7537,0.15544,1.0531,-0.69818,-0.3316,-0.55847,0.30117,618.19,450.67,-5827.4,48813
48.038,0,-2.8121,0.18442,0.74791,-0.69404,-0.33901,-0.55405,0.3105,616.41,463.95,-5805.9,47330
48.045,0,-2.7914,-0.01116,0.84668,-0.68977,-0.34636,-0.54954,0.31978,606.25,450.4,-5807.8,47636
48.052,0,-2.9326,0.095824,0.75232,-0.68537,-0.35366,-0.54494,0.329,607.56,470.55,-5811.1,47396
48.059,0,-2.6302,0.19397,0.79984,-0.68084,-0.36089,-0.54024,0.33817,586.34,473.43,-5813.1,49754
48.066,0,-2.8809,0.16072,0.83342,-0.67618,-0.36806,-0.53545,0.34728,607.6,472.78,-5803.4,49207
48.073,0,-2.7906,0.19529,0.80547,-0.6714,-0.37517,-0.53056,0.35633,606.45,469.88,-5796.3,49411
48.08,0,-2.8623,0.10313,0.7314,-0.66649,-0.38222,-0.52559,0.36532,617.28,468.74,-5804.2,46362
48.087,0,-2.9246,0.2105,0.85076,-0.66145,-0.38921,-0.52052,0.37425,631.24,466.13,-5815.5,48404
48.094,0,-2.8304,0.40965,0.83499,-0.65629,-0.39612,-0.51536,0.38311,617.66,469.12,-5799.6,47543
48.101,0,-2.7949,0.24657,0.68557,-0.651,-0.40297,-0.51011,0.39191,601.5,471.52,-5802.7,48798
48.109,0,-2.8107,0.3404,0.74421,-0.64559,-0.40976,-0.50478,0.40063,614.59,486.36,-5786.6,48138
48.116,0,-2.8207,0.32876,0.58548,-0.64006,-0.41647,-0.49935,0.40929,612.22,476.32,-5801.2,48959
48.123,0,-2.9008,0.21438,0.51133,-0.63441,-0.42312,-0.49384,0.41787,614.71,477.24,-5814.4,46279
48.13,0,-2.8102,0.48687,0.53211,-0.62864,-0.42969,-0.48824,0.42638,618.99,466.72,-5819.4,49416
48.137,0,-2.9123,0.10442,0.51448,-0.62275,-0.43619,-0.48255,0.43481,606.14,468.14,-5795.8,50196
48.144,0,-3.1214,0.40072,0.62545,-0.61674,-0.44262,-0.47678,0.44317,600.72,455.32,-5819.6,48320
48.151,0,-2.8353,0.33224,0.42371,-0.61062,-0.44897,-0.47092,0.45144,607.53,471.26,-5808.5,46900
48.158,0,-2.8751,0.28867,0.64818,-0.60438,-0.45525,-0.46498,0.45964,605.9,465.08,-5803.5,47327
48.165,0,-2.9209,0.40094,0.47266,-0.59803,-0.46145,-0.45895,0.46775,610.07,464.67,-5784.5,49167
48.172,0,-2.9532,0.54457,0.55042,-0.59157,-0.46758,-0.45284,0.47577,612.6,469.85,-5799.2,47255
48.179,0,-2.9307,0.47676,0.35891,-0.58499,-0.47362,-0.44665,0.48371,601.57,480.71,-5780.8,48253
48.186,0,-3.0633,0.24025,0.52619,-0.5783,-0.47959,-0.44037,0.49156,613.9,478.66,-5796.6,48073
48.193,0,-2.9963,0.36787,0.37702,-0.57151,-0.48547,-0.43402,0.49932,613.43,480.77,-5789.1,48784
48.2,0,-3.0201,0.26159,0.48718,-0.56461,-0.49127,-0.42758,0.507,614.91,455.04,-5804.2,49806
48.207,0,-2.8983,0.33274,0.35101,-0.5576,-0.49699,-0.42107,0.51457,626.7,451.39,-5783.9,48596
48.214,0,-2.8614,0.32035,0.24369,-0.55049,-0.50262,-0.41448,0.52206,615.24,460.85,-5770.8,48327
48.221,0,-2.9333,0.29721,0.2518,-0.54327,-0.50817,-0.40781,0.52944,608.16,488.44,-5795.2,49406
48.228,0,-2.7569,0.19707,0.1577,-0.53595,-0.51363,-0.40106,0.53674,602.57,461.34,-5798.2,48981
48.235,0,-2.8397,0.28163,0.12312,-0.52854,-0.51901,-0.39424,0.54393,600.18,471.37,-5795.9,47519
48.242,0,-2.7694,0.39324,0.29074,-0.52102,-0.52429,-0.38734,0.55102,625.25,466.41,-5788.5,49082
48.249,0,-2.681,0.33662,0.1553,-0.51341,-0.52949,-0.38036,0.55801,611.55,453.86,-5779.9,50069
48.256,0,-2.7052,-0.0047811,0.18556,-0.5057,-0.53459,-0.37332,0.5649,614.23,463.04,-5779.2,48388
48.263,0,-2.902,0.25875,0.20068,-0.4979,-0.53961,-0.3662,0.57168,591.49,456.97,-5793.6,50419
48.271,0,-2.7503,0.21301,0.090631,-0.49,-0.54452,-0.35901,0.57836,622.26,458.92,-5787.3,48257
48.278,0,-2.7837,0.13805,0.16752,-0.48202,-0.54935,-0.35175,0.58493,604.32,479.94,-5781.2,49555
48.285,0,-2.7783,0.043858,0.13742,-0.47395,-0.55408,-0.34442,0.5914,622.56,486.79,-5775.8,48467
48.292,0,-2.958,-0.028638,0.12521,-0.46578,-0.55871,-0.33702,0.59775,614.2,483.42,-5761.6,46645
48.299,0,-2.8487,0.037021,0.22174,-0.45754,-0.56324,-0.32956,0.60399,597.76,480.14,-5788.1,49104
48.306,0,-2.7945,0.012669,-0.066848,-0.4492,-0.56768,-0.32203,0.61013,614.63,476.56,-5765.9,49424
48.313,0,-2.8297,0.10799,-0.030509,-0.44079,-0.57202,-0.31443,0.61615,614.05,481.32,-5769.3,49236
48.32,0,-2.8541,0.12274,-0.022497,-0.43229,-0.57625,-0.30677,0.62205,602.8,466.89,-5784.3,50023
48.327,0,-2.9051,-0.075951,0.11503,-0.42372,-0.58038,-0.29904,0.62784,613.21,472.7,-5776.2,50428
48.334,0,-3.0219,-0.064963,0.056536,-0.41507,-0.58441,-0.29126,0.63352,613.11,470.05,-5769.8,49428
48.341,0,-2.9628,0.11355,-0.05681,-0.40634,-0.58834,-0.28341,0.63908,624.65,471.32,-5782,48780
48.348,0,-2.8495,0.047237,-0.078443,-0.39754,-0.59216,-0.27551,0.64452,614.88,488.73,-5767.9,47961
48.355,0,-2.7563,-0.028894,0.0033368,-0.38866,-0.59588,-0.26754,0.64984,620.94,473.2,-5770.4,49211
48.362,0,-2.8623,-0.11547,-0.23826,-0.37972,-0.59948,-0.25952,0.65504,625.64,482.11,-5766.4,49515
48.369,0,-2.9237,0.14242,-0.029825,-0.3707,-0.60298,-0.25145,0.66013,601.02,474.6,-5762.6,48188
48.376,0,-2.7391,-0.1233,-0.016639,-0.36162,-0.60637,-0.24332,0.66509,601.39,471.67,-5768.6,47188
48.383,0,-3.1248,0.065681,0.030074,-0.35247,-0.60965,-0.23513,0.66992,622.58,486.37,-5743.6,49324
48.39,0,-2.9684,-0.021091,0.071103,-0.34326,-0.61282,-0.2269,0.67464,622.77,465.75,-5761.6,48862
48.397,0,-2.7479,-0.1841,-0.085957,-0.33398,-0.61588,-0.21861,0.67923,596.53,469.74,-5769.2,47869
48.404,0,-2.7494,0.095674,0.056667,-0.32465,-0.61883,-0.21028,0.6837,616.44,478.73,-5751.7,50512
48.411,0,-2.9102,-0.038716,0.029859,-0.31525,-0.62166,-0.2019,0.68804,610.66,477.03,-5742,49316
48.418,0,-2.8813,-0.22206,-0.058763,-0.3058,-0.62437,-0.19348,0.69225,618.92,472.37,-5751.2,47240
48.425,0,-2.8286,-0.083612,-0.038803,-0.2963,-0.62697,-0.18501,0.69634,607.06,478.41,-5754,47775
48.433,0,-2.9605,-0.095882,-0.024919,-0.28674,-0.62946,-0.17649,0.70029,621.07,448.14,-5751.4,48702
48.44,0,-2.8379,-0.19316,-0.048502,-0.27712,-0.63183,-0.16794,0.70413,607.09,463.09,-5762.4,49066
48.447,0,-3.1334,-0.087269,-0.10296,-0.26746,-0.63408,-0.15935,0.70783,613.07,481.04,-5762,48324
48.454,0,-2.7764,-0.21201,-0.10738,-0.25775,-0.63621,-0.15072,0.7114,621.78,462.13,-5762.1,49069
48.461,0,-2.9011,-0.084717,-0.086533,-0.24799,-0.63822,-0.14205,0.71484,619.44,484.69,-5754.2,48488
48.468,0,-3.1284,-0.21092,-0.062515,-0.23819,-0.64011,-0.13335,0.71815,620.95,476.43,-5763,49209
48.475,0,-2.9744,-0.13132,0.0026658,-0.22834,-0.64188,-0.12462,0.72133,618.06,463.09,-5748.1,49478
48.482,0,-2.91,-0.11671,0.083268,-0.21846,-0.64353,-0.11585,0.72438,610.62,478.74,-5748.9,49716
48.489,0,-2.8912,-0.1594,0.14007,-0.20853,-0.64506,-0.10706,0.72729,629.61,474.07,-5720,50196
48.496,0,-2.9627,-0.070521,-0.10579,-0.19856,-0.64647,-0.098237,0.73007,606.99,467.68,-5746.9,50152
48.503,0,-2.9659,-0.1749,-0.0069927,-0.18856,-0.64775,-0.08939,0.73272,629.88,459.37,-5733.8,48097
48.51,0,-2.9344,-0.16872,-0.05003,-0.17852,-0.64891,-0.080518,0.73523,632.37,456.1,-5746,49106
48.517,0,-3.0345,-0.17672,0.06521,-0.16845,-0.64994,-0.071625,0.73761,580.89,470.59,-5756.8,49000
48.524,0,-2.9886,-0.082637,-0.0047505,-0.15835,-0.65085,-0.062711,0.73985,633.33,464.77,-5731.6,47426
48.531,0,-2.7797,-0.29402,0.22257,-0.14822,-0.65164,-0.053779,0.74196,603.39,492.85,-5746.3,48259
48.538,0,-3.0532,-0.06458,0.14624,-0.13806,-0.6523,-0.04483,0.74393,605.68,464.2,-5746.8,48483
48.545,0,-2.8873,-0.20807,-0.050212,-0.12788,-0.65283,-0.035866,0.74577,613.07,473.27,-5741.3,49250
48.552,0,-2.7876,0.086456,-0.0042884,-0.11767,-0.65324,-0.026889,0.74747,632.84,468.4,-5738.6,47515
48.559,0,-3.0239,-0.17003,0.027577,-0.10743,-0.65352,-0.017902,0.74903,624.87,468.02,-5735.5,51550
48.566,0,-2.7611,0.031829,0.046584,-0.09718,-0.65368,-0.0089048,0.75045,621.56,464.62,-5730.9,48663
48.573,0,-2.8616,-0.13235,-0.021643,-0.086907,-0.65371,9.9293e-05,0.75174,632.42,474.34,-5753,48660
48.58,0,-2.8709,0.01314,0.097716,-0.076616,-0.65361,0.0091086,0.75289,608.17,472.98,-5719.3,50220
48.587,0,-2.8342,-0.15158,-0.0045393,-0.06631,-0.65338,0.018121,0.7539,622.69,476.54,-5719.9,51195
48.595,1,-2.9417,-0.058495,-0.0066109,-0.05599,-0.65303,0.027135,0.75477,608.6,465.53,-5738.3,48032
48.602,0,-3.0932,0.0018577,0.03773,-0.045657,-0.65255,0.036149,0.7555,619.18,473.2,-5732.4,48987
48.609,0,-2.9256,0.037885,-0.10238,-0.035313,-0.65195,0.04516,0.75609,597.85,472.75,-5719,46762
48.616,0,-2.972,0.22413,-0.034306,-0.024961,-0.65121,0.054167,0.75655,610.13,469.59,-5723.6,50773
48.623,0,-2.9528,-0.035984,-0.035494,-0.014601,-0.65035,0.063167,0.75686,618.54,450.81,-5723.9,49281
48.63,0,-2.9164,0.086055,-0.13223,-0.0042362,-0.64937,0.072159,0.75703,629.4,478.02,-5741.3,48132
48.637,0,-2.9794,0.10771,-0.028284,0.0061325,-0.64825,0.08114,0.75707,603.39,455.43,-5739.9,50303
48.644,0,-2.9551,-0.087741,-0.25612,0.016503,-0.64701,0.09011,0.75696,605.34,484.47,-5736.8,49113
48.651,0,-2.962,0.11996,-0.13264,0.026874,-0.64564,0.099065,0.75671,610.13,469.5,-5725,48444
48.658,0,-2.916,-0.020361,-0.19402,0.037243,-0.64415,0.108,0.75632,630.16,477.66,-5717.2,49530
48.665,0,-3.0579,0.029859,-0.16147,0.047609,-0.64253,0.11693,0.75579,619.18,473.4,-5706.5,50551
48.672,0,-2.8747,0.035588,-0.096946,0.057969,-0.64078,0.12583,0.75512,596.7,474.3,-5720.5,48900
48.679,0,-3.0737,0.17005,-0.20424,0.068323,-0.63891,0.13471,0.75431,614.08,485.46,-5714.4,48437
48.686,0,-3.1637,0.13661,-0.17245,0.078668,-0.63692,0.14356,0.75335,626.83,452.49,-5742.7,48123
48.693,0,-2.9826,0.14062,-0.32109,0.089002,-0.63479,0.15239,0.75226,619.23,462.4,-5715.2,50009
48.7,0,-3.2996,0.072163,-0.15443,0.099324,-0.63255,0.16119,0.75102,597.91,467.63,-5734.5,49071
48.707,0,-3.1006,0.17678,-0.27258,0.10963,-0.63018,0.16996,0.74964,604.41,465.84,-5724.1,48591
48.714,0,-3.2053,0.19933,-0.45023,0.11992,-0.62769,0.17871,0.74812,621.31,481.03,-5706.3,46674
48.721,0,-3.1335,0.070015,-0.27592,0.1302,-0.62508,0.18741,0.74646,624.29,486.94,-5713.4,49782
48.728,0,-3.1497,0.36333,-0.30361,0.14045,-0.62234,0.19609,0.74466,621.51,467.42,-5686.6,50592
48.735,0,-3.1197,0.20483,-0.23715,0.15068,-0.61948,0.20472,0.74271,601.18,465.84,-5718.1,50570
48.742,0,-3.1912,0.17494,-0.33098,0.16089,-0.61651,0.21332,0.74063,607.33,489.21,-5716.6,49491
48.749,0,-3.1756,0.18886,-0.33618,0.17108,-0.61341,0.22187,0.7384,625.87,475.52,-5695.7,48660
48.757,0,-3.2067,-0.00048011,-0.4462,0.18123,-0.61019,0.23039,0.73603,605.04,479.43,-5698.9,47838
48.764,0,-3.1332,0.13497,-0.42524,0.19136,-0.60686,0.23886,0.73352,628.84,479.68,-5713.6,50548
48.771,0,-3.1409,-0.041481,-0.5203,0.20146,-0.6034,0.24728,0.73087,613.52,486.89,-5693.5,48725
48.778,0,-3.1284,0.11074,-0.39099,0.21152,-0.59983,0.25566,0.72808,628.36,478.57,-5711.1,48462
48.785,0,-3.1336,0.23795,-0.61927,0.22155,-0.59615,0.26398,0.72515,608.55,457.65,-5706.9,49466
48.792,0,-3.0661,0.16639,-0.57423,0.23154,-0.59234,0.27226,0.72207,589.85,464.26,-5689.8,48923
48.799,0,-3.3308,0.081239,-0.44962,0.2415,-0.58843,0.28048,0.71886,624.4,483.54,-5688.7,49088
48.806,0,-2.9409,-0.16134,-0.54068,0.25141,-0.5844,0.28865,0.71551,625.15,481.97,-5708.9,49813
48.813,0,-3.0727,0.15819,-0.45921,0.26128,-0.58025,0.29676,0.71202,599.98,465.7,-5691.1,48050
48.82,0,-3.1944,0.056783,-0.72299,0.27111,-0.576,0.30482,0.70839,605.69,461,-5700.3,49537
48.827,0,-3.1431,-0.057477,-0.45136,0.28089,-0.57163,0.31281,0.70462,609.85,470.61,-5699.2,48509
48.834,0,-3.1142,-0.030757,-0.50254,0.29062,-0.56716,0.32075,0.70071,621.45,479.97,-5708.6,48543
48.841,0,-3.1077,-0.031096,-0.67581,0.3003,-0.56257,0.32862,0.69666,615.4,462.27,-5692.4,48673
48.848,0,-2.9579,-0.085829,-0.52731,0.30993,-0.55788,0.33643,0.69248,620.81,476.78,-5694.8,50225
48.855,0,-3.1662,-0.095749,-0.72706,0.31951,-0.55308,0.34417,0.68816,608.45,464.73,-5705.6,47758
48.862,0,-3.2141,-0.010903,-0.78938,0.32903,-0.54817,0.35185,0.6837,615.47,480.91,-5686.3,47743
48.869,0,-3.2142,-0.010959,-0.67639,0.33849,-0.54316,0.35946,0.67911,627.09,461.75,-5675,49993
48.876,0,-3.1325,-0.33323,-0.7619,0.3479,-0.53805,0.367,0.67438,616.86,472.62,-5691.9,49471
48.883,0,-3.0947,-0.24157,-0.65807,0.35724,-0.53283,0.37446,0.66952,618.32,467.82,-5668.5,51182
48.89,0,-2.9119,-0.2222,-0.6682,0.36651,-0.52751,0.38186,0.66452,625.8,478.72,-5690.1,49037
48.897,0,-3.1434,-0.30834,-0.80902,0.37572,-0.52209,0.38918,0.65939,603.71,478.48,-5678.5,48137
48.904,0,-3.1372,-0.34991,-0.66995,0.38487,-0.51657,0.39642,0.65413,608.63,487.03,-5671.8,51235
48.911,0,-2.9151,-0.16144,-0.97381,0.39394,-0.51095,0.40359,0.64873,618.16,468.77,-5684.1,50495
48.919,0,-3.0222,-0.28756,-0.58999,0.40294,-0.50523,0.41068,0.64321,623,476.37,-5676.9,49374
48.926,0,-2.9065,-0.36353,-0.69435,0.41187,-0.49942,0.41769,0.63755,610.34,477.57,-5690.5,50096
48.933,0,-2.9392,-0.3825,-0.83486,0.42072,-0.49352,0.42462,0.63177,621.36,483.01,-5687.6,50098
48.94,0,-3.0347,-0.47258,-0.68743,0.4295,-0.48751,0.43147,0.62585,638.37,474.43,-5686.6,49171
48.947,0,-3.0788,-0.34915,-0.78438,0.43819,-0.48142,0.43824,0.61981,615.67,473.57,-5676.9,50222
48.954,0,-3.0338,-0.44469,-0.53031,0.44681,-0.47524,0.44492,0.61365,619.92,459.06,-5664.9,49822
48.961,0,-3.0796,-0.39527,-0.73479,0.45534,-0.46896,0.45151,0.60735,605.97,491.81,-5676.4,49370
48.968,0,-3.0218,-0.52684,-0.53838,0.46378,-0.4626,0.45802,0.60094,623.83,466.92,-5675.6,48877
48.975,0,-3.0502,-0.38267,-0.64722,0.47214,-0.45614,0.46444,0.5944,608.52,475.33,-5657.3,48663
48.982,0,-3.1618,-0.38399,-0.80198,0.48041,-0.4496,0.47077,0.58773,614.46,488.21,-5668.5,49830
48.989,0,-3.112,-0.51669,-0.70539,0.48859,-0.44298,0.47702,0.58095,618.99,477.48,-5692.1,49259
48.996,0,-3.0431,-0.6131,-0.45757,0.49668,-0.43627,0.48317,0.57405,634.27,481.75,-5668.4,47666
49.003,0,-2.8371,-0.56445,-0.51954,0.50467,-0.42947,0.48922,0.56703,626.54,475.89,-5681.5,47246
49.01,0,-3.0845,-0.58852,-0.5005,0.51257,-0.4226,0.49519,0.55989,609.93,455.3,-5655.3,49787
49.017,0,-3.1856,-0.48581,-0.45324,0.52037,-0.41564,0.50106,0.55263,625.26,488.92,-5693.3,49128
49.024,0,-2.9407,-0.71539,-0.48527,0.52806,-0.40861,0.50683,0.54526,617.44,463.75,-5683.1,48771
49.031,0,-3.0607,-0.52575,-0.58308,0.53566,-0.40149,0.51251,0.53778,600.16,476.11,-5676.4,49113
49.038,0,-2.9689,-0.58237,-0.61006,0.54315,-0.3943,0.51809,0.53019,610.64,483.64,-5679,49532
49.045,0,-3.0993,-0.66935,-0.38777,0.55054,-0.38704,0.52357,0.52248,614.75,476.47,-5664.1,50881
49.052,0,-3.1297,-0.29826,-0.43251,0.55782,-0.37969,0.52895,0.51467,610.39,464.48,-5664,49088
49.059,0,-3.08,-0.55926,-0.38212,0.56499,-0.37228,0.53422,0.50675,627.81,462.3,-5669.7,50538
49.066,0,-3.1629,-0.68101,-0.50339,0.57206,-0.36479,0.5394,0.49872,616.51,482.12,-5670.6,49357
49.073,0,-2.9264,-0.73544,-0.50407,0.57901,-0.35723,0.54448,0.49059,622.02,478.83,-5695.1,49586
49.081,0,-3.0171,-0.55954,-0.30325,0.58584,-0.34961,0.54945,0.48236,610.09,458.42,-5652.3,48050
49.088,0,-3.099,-0.48475,-0.49388,0.59256,-0.34191,0.55431,0.47403,615.01,462.52,-5673,49368
49.095,0,-3.0405,-0.51291,-0.40156,0.59917,-0.33415,0.55907,0.46559,645.71,490.81,-5648.6,50411
49.102,0,-2.6908,-0.59223,-0.28213,0.60566,-0.32632,0.56373,0.45706,637.26,473.65,-5664.8,46824
49.109,0,-3.0791,-0.69293,-0.25284,0.61202,-0.31843,0.56827,0.44844,615.9,461.2,-5636.9,49038
49.116,0,-3.1198,-0.51803,-0.15665,0.61827,-0.31047,0.57271,0.43972,616.09,481.08,-5671.7,47582
49.123,0,-2.9115,-0.57669,-0.20754,0.62439,-0.30245,0.57704,0.4309,627.75,480.86,-5658.7,49869
49.13,0,-2.8871,-0.65384,-0.33956,0.63039,-0.29437,0.58126,0.422,606.35,476.29,-5631.9,49808
49.137,0,-3.0654,-0.57948,-0.25192,0.63627,-0.28624,0.58537,0.41301,626.83,467.59,-5645.3,49706
49.144,0,-2.9444,-0.85631,-0.13817,0.64202,-0.27804,0.58936,0.40393,626.05,492.81,-5652.1,49180
49.151,0,-2.9714,-0.55582,-0.04084,0.64764,-0.26979,0.59324,0.39477,618.78,478.62,-5632.6,50627
49.158,0,-3.209,-0.41847,-0.18194,0.65313,-0.26148,0.59701,0.38553,610.42,460.88,-5632.1,48449
49.165,0,-2.9181,-0.50068,-0.27443,0.65849,-0.25312,0.60067,0.3762,606.54,477.96,-5659,50512
49.172,0,-3.0589,-0.49062,-0.072634,0.66371,-0.24471,0.6042,0.36679,618.23,461.63,-5651,49575
49.179,0,-2.9055,-0.43758,-0.069213,0.66881,-0.23625,0.60763,0.35731,617.5,455.1,-5628.1,51296
49.186,0,-3.1508,-0.50088,-0.10348,0.67377,-0.22773,0.61093,0.34776,611.45,464.69,-5654,49241
49.193,0,-2.9781,-0.55633,0.028539,0.6786,-0.21917,0.61412,0.33813,626.81,477.4,-5641.8,49867
49.2,0,-2.9695,-0.50364,0.053384,0.68329,-0.21056,0.61719,0.32843,615.23,467.86,-5625.7,50015
49.207,0,-3.0571,-0.32649,0.06427,0.68784,-0.20191,0.62014,0.31866,634.82,479.24,-5660.1,49228
49.214,0,-3.1156,-0.49283,0.025309,0.69225,-0.19322,0.62296,0.30882,619.54,462.91,-5643.7,49396
49.221,0,-3.1798,-0.38442,-0.02437,0.69652,-0.18448,0.62567,0.29892,626.42,471.33,-5636.2,47208
49.228,0,-3.1301,-0.46883,-0.025213,0.70066,-0.1757,0.62826,0.28896,621.34,466.51,-5640.2,51027
49.235,0,-3.0523,-0.39989,-0.014734,0.70465,-0.16688,0.63072,0.27894,614.43,495.46,-5658.1,50622
49.243,0,-3.1003,-0.35335,0.098962,0.7085,-0.15802,0.63306,0.26886,618.23,444.78,-5610.1,49485
49.25,0,-2.9505,-0.36501,0.067022,0.71221,-0.14913,0.63528,0.25872,625.64,497.45,-5648.3,50901
49.257,0,-2.9791,-0.32118,-0.069895,0.71577,-0.14021,0.63737,0.24853,625.3,463.02,-5615.8,48745
49.264,0,-2.9994,-0.34968,-0.014605,0.71919,-0.13125,0.63934,0.23829,609.86,461.22,-5638.1,51526
49.271,0,-3.0142,-0.38031,0.058186,0.72247,-0.12226,0.64118,0.228,633.2,470.71,-5622.4,50844
49.278,0,-3.0171,-0.24093,0.17467,0.72559,-0.11324,0.6429,0.21766,628.59,480.11,-5638.5,48376
49.285,0,-3.2288,-0.29384,0.26318,0.72857,-0.10419,0.64449,0.20727,611.21,471.3,-5618.7,50145
49.292,0,-3.2771,-0.19895,0.16711,0.73141,-0.095113,0.64595,0.19685,611.01,475.78,-5620.7,49511
49.299,1,-3.2065,-0.17502,0.15425,0.73409,-0.086013,0.64728,0.18638,631.88,485.21,-5646.4,49673
49.306,0,-3.0411,-0.1295,0.099365,0.73663,-0.076891,0.64848,0.17587,612.03,477.62,-5614.7,49146
49.313,0,-3.1251,-0.043662,0.05026,0.73902,-0.067748,0.64956,0.16533,627.56,485.97,-5621.2,49038
49.32,0,-3.0922,-0.0639,0.070563,0.74126,-0.058584,0.6505,0.15475,617.62,476.16,-5614,50064
49.327,0,-3.2785,-0.20634,0.27498,0.74335,-0.049403,0.65132,0.14414,619.31,473.21,-5633.5,50150
49.334,0,-3.051,-0.069847,0.16575,0.74529,-0.040206,0.652,0.1335,622.07,485.99,-5612.9,50045
49.341,0,-3.107,-0.045611,0.17429,0.74708,-0.030995,0.65255,0.12283,616.24,477.91,-5629.5,48644
49.348,0,-3.3387,-0.063536,0.097002,0.74872,-0.021771,0.65297,0.11214,624.12,485.62,-5611.9,49409
49.355,0,-3.2147,-0.28118,0.15073,0.7502,-0.012537,0.65326,0.10143,624.24,482.86,-5622.2,49159
49.362,0,-3.2357,-0.1909,0.16204,0.75154,-0.0032932,0.65342,0.09069,627.99,469.89,-5606.2,49239
49.369,0,-3.201,-0.17259,0.10913,0.75272,0.0059573,0.65344,0.079935,619.9,478.41,-5620.8,49270
49.376,0,-3.2104,-0.12751,0.14944,0.75375,0.015213,0.65333,0.069163,637.85,466.28,-5616.6,49832
49.383,0,-3.1591,0.14738,0.12857,0.75463,0.024472,0.65309,0.058377,625.6,484.83,-5609.2,47926
49.39,0,-3.236,-0.033236,0.053989,0.75535,0.033732,0.65272,0.047579,624.69,485.32,-5620.4,48054
49.397,0,-3.0329,-0.10842,0.13726,0.75593,0.042992,0.65221,0.03677,616.42,485.21,-5610.3,49570
49.405,0,-3.1399,-0.12047,0.14089,0.75635,0.05225,0.65156,0.025954,624.15,492.5,-5618.1,48054
49.412,0,-3.1029,0.1355,-0.042357,0.75661,0.061503,0.65079,0.015132,614.13,483.36,-5609.1,49757
49.419,0,-3.0811,0.12532,0.27,0.75673,0.070749,0.64987,0.0043068,620.24,480.59,-5618.3,51262
49.426,0,-3.2412,-0.024274,0.15189,0.75669,0.079988,0.64883,-0.0065199,627,483.29,-5601.4,50067
49.433,0,-3.4521,-0.053661,-0.032142,0.7565,0.089217,0.64765,-0.017346,629.59,471.92,-5621.7,49568
49.44,0,-3.1353,-0.01677,-0.0012115,0.75615,0.098433,0.64633,-0.028169,595.15,447.79,-5615.1,50069
49.447,0,-3.0305,-0.083693,0.0404,0.75566,0.10763,0.64488,-0.038986,633.5,473.87,-5601.9,50296
49.454,0,-3.1521,0.05657,0.035068,0.75501,0.11682,0.6433,-0.049797,619.11,458.7,-5592.9,50321
49.461,0,-3.335,0.0039695,0.24986,0.7542,0.12599,0.64158,-0.060598,627.08,481.04,-5605.3,50434
49.468,0,-3.234,0.0016026,-0.043686,0.75325,0.13514,0.63973,-0.071387,620.14,470.74,-5589.5,50175
49.475,0,-3.2333,-0.050498,-0.064214,0.75214,0.14426,0.63775,-0.082163,608.09,471.08,-5624.5,49764
49.482,0,-3.0962,-0.098422,0.12349,0.75088,0.15336,0.63563,-0.092922,603.71,486.46,-5595.8,49880
49.489,0,-3.1594,0.013521,-0.019271,0.74947,0.16244,0.63337,-0.10366,632.69,481.01,-5610.7,51046
49.496,0,-3.2844,-0.10558,0.074345,0.74791,0.17149,0.63099,-0.11439,628.52,475.16,-5591.5,50194
49.503,0,-2.9766,0.040859,0.12585,0.74619,0.1805,0.62847,-0.12509,627.72,496.67,-5603.3,50270
49.51,0,-3.187,0.055909,0.20162,0.74432,0.18949,0.62582,-0.13576,620.87,459.76,-5607.7,51038
49.517,0,-3.3473,0.1173,0.23869,0.74231,0.19844,0.62303,-0.14641,620.42,458.77,-5589.7,51232
49.524,0,-3.2024,-0.17236,0.020138,0.74014,0.20735,0.62012,-0.15703,626.98,475.39,-5592.9,51258
49.531,0,-3.0058,0.17764,0.13807,0.73782,0.21623,0.61707,-0.16762,617.54,462.08,-5596.3,50441
49.538,0,-3.0918,-0.1018,0.072857,0.73535,0.22506,0.61389,-0.17818,604.36,500.18,-5604.7,50416
49.545,0,-3.0574,-0.051143,0.22165,0.73273,0.23385,0.61058,-0.1887,613.47,471.8,-5603.2,49101
49.552,0,-3.297,-0.0060293,0.034418,0.72996,0.2426,0.60714,-0.19919,606.85,480.68,-5579.4,49296
49.56,0,-3.2593,0.056717,0.12653,0.72705,0.2513,0.60358,-0.20964,632.2,466.34,-5593.8,49213
49.567,0,-3.3061,-0.057286,0.10909,0.72398,0.25995,0.59988,-0.22004,652.52,490.85,-5596.6,49092
49.574,0,-3.2416,0.045636,0.29308,0.72077,0.26856,0.59606,-0.23041,612.41,478.1,-5584.6,48369
49.581,0,-3.2425,-0.23205,0.14153,0.71741,0.27711,0.5921,-0.24072,619.49,469.68,-5582.1,49388
49.588,0,-2.9849,0.06377,0.29965,0.7139,0.2856,0.58803,-0.251,614.63,460.44,-5567.1,49849
49.595,0,-3.1203,0.15309,0.099132,0.71025,0.29404,0.58382,-0.26122,631.92,468.2,-5585.6,49249
49.602,0,-3.2556,0.03951,0.047822,0.70645,0.30242,0.5795,-0.27139,626.09,475.82,-5586.1,51026
49.609,0,-3.2084,0.20342,-0.14092,0.70251,0.31074,0.57504,-0.28151,613.83,476.43,-5589.5,50217
49.616,0,-3.1767,-0.045071,0.23211,0.69842,0.319,0.57047,-0.29157,617.89,485.54,-5580.9,49586
49.623,0,-3.2403,0.011304,0.20792,0.69418,0.3272,0.56577,-0.30158,606.75,478.01,-5575.8,47699
49.63,0,-3.1572,0.028757,0.20741,0.68981,0.33532,0.56095,-0.31153,626.74,486.32,-5585.9,50185
49.637,0,-3.1604,0.023743,0.22344,0.68529,0.34339,0.55602,-0.32142,620.25,472.39,-5562.3,51846
49.644,0,-3.2345,0.082138,0.22008,0.68063,0.35138,0.55096,-0.33124,639.31,483.34,-5582.5,52825
49.651,0,-3.0061,-0.010535,0.09334,0.67583,0.35929,0.54579,-0.341,625.69,480.94,-5571,49803
49.658,0,-3.1677,0.098329,0.20651,0.67089,0.36714,0.54049,-0.35069,599.32,474.28,-5577.3,51335
49.665,0,-3.2727,0.25705,0.23107,0.66581,0.37491,0.53509,-0.36031,619.14,470.34,-5573.1,52150
49.672,0,-3.1379,0.011318,0.21068,0.66059,0.3826,0.52956,-0.36987,608.15,485.66,-5557.5,49234
49.679,0,-3.1105,0.041663,-0.0076394,0.65523,0.39022,0.52393,-0.37935,633.06,483.62,-5564.3,50264
49.686,0,-3.1744,0.3132,0.32391,0.64973,0.39775,0.51818,-0.38875,622.99,472.99,-5554.5,50172
49.693,0,-3.2034,-0.023806,0.22226,0.6441,0.4052,0.51233,-0.39808,625.74,465.99,-5563.7,48796
49.7,0,-3.2266,0.069826,0.40969,0.63834,0.41257,0.50636,-0.40733,640.48,474.92,-5573.6,50706
49.707,0,-3.0823,0.018199,0.42214,0.63243,0.41985,0.50028,-0.41649,628.93,485.93,-5561.5,51360
49.714,0,-3.2408,0.066217,0.36971,0.6264,0.42705,0.4941,-0.42558,623.9,478.54,-5549.6,49322
49.722,0,-3.2461,0.20763,0.29245,0.62023,0.43415,0.48781,-0.43458,627.42,475.26,-5563.3,49953
49.729,0,-3.3365,0.046282,0.51852,0.61394,0.44117,0.48142,-0.44349,624.16,487.73,-5561.4,50141
49.736,0,-3.2567,0.11749,0.31839,0.60751,0.44809,0.47493,-0.45232,629.13,488.61,-5564.1,49535
49.743,0,-3.248,0.29588,0.46333,0.60095,0.45492,0.46833,-0.46105,632.3,461.24,-5559.8,49900
49.75,0,-3.2438,0.19354,0.38225,0.59426,0.46165,0.46164,-0.4697,633.76,471.53,-5546.5,50079
49.757,0,-3.47,0.28098,0.23529,0.58745,0.46829,0.45485,-0.47825,615.79,492.62,-5549.4,49227
49.764,0,-3.2599,0.36101,0.33737,0.58051,0.47483,0.44796,-0.4867,615.6,480.41,-5556.7,47776
49.771,0,-3.3001,0.35614,0.41219,0.57345,0.48127,0.44097,-0.49505,639.76,479.69,-5567.1,50223
49.778,0,-3.3023,0.40387,0.29217,0.56626,0.48761,0.43389,-0.50331,611.92,475.46,-5565.1,50595
49.785,0,-3.3015,0.44071,0.41254,0.55895,0.49385,0.42672,-0.51146,633.21,485.23,-5563.2,50533
49.792,0,-3.4681,0.42358,0.36237,0.55152,0.49998,0.41946,-0.51951,614.4,486.34,-5553.5,50789
49.799,0,-3.304,0.21526,0.31139,0.54397,0.50601,0.41211,-0.52746,627.05,494.37,-5535.1,49580
49.806,0,-3.305,0.46057,0.29602,0.53631,0.51193,0.40467,-0.53529,642.36,469.07,-5549.6,48631
49.813,0,-3.1837,0.46804,0.30435,0.52852,0.51775,0.39715,-0.54302,633.04,484.04,-5536.1,47807
49.82,0,-3.3682,0.4718,0.47461,0.52062,0.52346,0.38954,-0.55064,619.68,465.92,-5544.5,49961
49.827,0,-3.2776,0.27102,0.29628,0.51261,0.52905,0.38186,-0.55814,617.49,462.01,-5536.1,49641
49.834,0,-3.2872,0.51397,0.2775,0.50448,0.53454,0.37409,-0.56553,624.35,480.62,-5539.9,50814
49.841,0,-3.3198,0.36401,0.49519,0.49624,0.53991,0.36624,-0.57281,627.42,470.46,-5557.5,50482
49.848,0,-3.3471,0.4671,0.40577,0.4879,0.54517,0.35831,-0.57996,632.27,482.89,-5523,49761
49.855,0,-3.2398,0.6356,0.48673,0.47944,0.55032,0.35031,-0.587,631.26,485.32,-5535.9,48070
49.862,0,-3.1277,0.57431,0.23596,0.47088,0.55534,0.34224,-0.59392,631.74,481.07,-5559.5,49385
49.869,0,-3.3009,0.40366,0.35908,0.46222,0.56026,0.33409,-0.60071,625.94,489.2,-5554.4,50473
49.876,0,-3.401,0.66534,0.45271,0.45345,0.56505,0.32587,-0.60738,608.23,481.74,-5539.2,49295
49.884,0,-3.2973,0.56744,0.092219,0.44458,0.56973,0.31758,-0.61392,619.98,474.69,-5526.6,50189
49.891,0,-3.2787,0.46587,0.42467,0.43561,0.57429,0.30923,-0.62034,622.14,464.34,-5542.4,50762
49.898,0,-3.3922,0.7576,0.29375,0.42654,0.57872,0.30081,-0.62662,618.51,491.07,-5513.6,51140
49.905,0,-3.2608,0.5418,0.20052,0.41738,0.58304,0.29233,-0.63278,629.3,467.75,-5538.3,50596
49.912,0,-3.25,0.49195,0.22976,0.40812,0.58723,0.28379,-0.6388,622.03,469.26,-5534.2,49933
49.919,0,-3.1614,0.66199,0.2388,0.39877,0.5913,0.27518,-0.64468,617.42,482,-5530.1,50242
49.926,0,-3.4129,0.71551,0.079427,0.38934,0.59525,0.26652,-0.65044,621.26,480.69,-5528.6,50972
49.933,0,-3.1264,0.57863,-0.012291,0.37981,0.59907,0.2578,-0.65605,638.35,490.44,-5529.9,49082
49.94,0,-3.2936,0.84217,-0.018248,0.37019,0.60276,0.24903,-0.66153,634.76,483.44,-5522.2,49778
49.947,0,-3.4379,0.82814,-0.0034699,0.3605,0.60633,0.2402,-0.66687,636.03,476.05,-5529.2,47830
49.954,0,-3.5505,0.57603,0.018067,0.35072,0.60977,0.23133,-0.67206,620.14,468.97,-5539.2,52755
49.961,0,-3.2743,0.6421,0.044846,0.34086,0.61308,0.2224,-0.67711,638.81,476.91,-5528.8,48971
49.968,0,-3.1388,0.80581,-0.011949,0.33092,0.61627,0.21343,-0.68202,613.01,485.41,-5520,49735
49.975,0,-3.3248,0.56505,-0.16726,0.3209,0.61932,0.20441,-0.68679,632.57,479.15,-5522.6,50393
49.982,0,-3.2012,0.82481,0.0040833,0.31081,0.62225,0.19535,-0.69141,612.86,462.02,-5511,50279
49.989,0,-3.1493,0.50775,-0.14542,0.30065,0.62504,0.18624,-0.69588,616.09,490.21,-5530.2,51652
49.996,0,-3.354,0.55635,-0.026189,0.29042,0.62771,0.1771,-0.7002,626.82,484.17,-5530.6,50810
50.003,1,-3.2032,0.5893,-0.020254,0.28012,0.63024,0.16792,-0.70437,635.24,495,-5518.7,49435
50.01,0,-3.3004,0.63215,-0.020557,0.26976,0.63264,0.1587,-0.70839,621.15,482.86,-5513.6,49053
50.017,0,-3.1083,0.73769,-0.2343,0.25933,0.6349,0.14944,-0.71226,641.08,483.44,-5515.1,48287
50.024,0,-3.2507,0.64604,-0.11379,0.24885,0.63704,0.14016,-0.71597,617.19,474.02,-5524.5,49089
50.031,0,-3.0879,0.66594,-0.18793,0.2383,0.63903,0.13084,-0.71953,622.03,467.01,-5522.3,50362
50.038,0,-3.2227,0.54941,-0.15967,0.2277,0.6409,0.12149,-0.72294,628.28,484.07,-5509.9,50221
50.046,0,-3.3612,0.69899,-0.26492,0.21705,0.64263,0.11212,-0.72619,621.33,482.81,-5519.2,51205
50.053,0,-3.1843,0.68398,-0.24961,0.20634,0.64422,0.10272,-0.72928,627.52,490.8,-5499.9,49850
50.06,0,-3.2994,0.54748,-0.27433,0.19558,0.64568,0.093296,-0.73222,632.53,478.54,-5509.7,50992
50.067,0,-3.38,0.42121,-0.12219,0.18478,0.647,0.083851,-0.73499,622.28,480.16,-5496.9,49868
50.074,0,-3.4673,0.55672,-0.43232,0.17394,0.64819,0.074387,-0.73761,608.75,479.89,-5496.3,51667
50.081,0,-3.4486,0.66722,-0.091089,0.16305,0.64923,0.064904,-0.74007,635.32,477.77,-5498.6,50059
50.088,0,-3.3378,0.62024,-0.10969,0.15212,0.65014,0.055405,-0.74236,617.71,485.21,-5507.4,50667
50.095,0,-3.134,0.56009,-0.33993,0.14116,0.65092,0.045893,-0.7445,627.46,486.37,-5522.3,51772
50.102,0,-3.3219,0.56037,-0.29892,0.13016,0.65155,0.036367,-0.74647,638.01,501.11,-5515.8,50625
50.109,0,-3.4309,0.58456,-0.5319,0.11913,0.65205,0.026832,-0.74828,645.54,483.27,-5492.3,50889
50.116,0,-3.0836,0.47617,-0.39122,0.10807,0.65241,0.017288,-0.74992,624.6,475.96,-5519.7,52668
50.123,0,-3.3293,0.39536,-0.46582,0.096986,0.65263,0.0077369,-0.75141,635.07,490.24,-5499.2,50727
50.13,0,-3.0577,0.5032,-0.43578,0.085876,0.65271,-0.0018186,-0.75273,633.21,476.23,-5477.7,51646
50.137,0,-3.467,0.5378,-0.45344,0.074744,0.65265,-0.011377,-0.75388,628.88,493.58,-5514.6,50095
50.144,0,-3.292,0.31751,-0.22215,0.063593,0.65245,-0.020936,-0.75487,632.9,476.72,-5475.6,51071
50.151,0,-3.2668,0.53105,-0.50222,0.052425,0.65211,-0.030494,-0.75569,625.73,477.22,-5500.2,51350
50.158,0,-3.2521,0.38979,-0.45908,0.041242,0.65163,-0.040049,-0.75635,626.39,473.21,-5485.5,51800
50.165,0,-3.4223,0.23894,-0.11343,0.030049,0.65102,-0.049599,-0.75685,623.76,486.67,-5507.4,50663
50.172,0,-3.3652,0.27388,-0.44909,0.018846,0.65026,-0.059142,-0.75717,615.79,477.82,-5492.3,49798
50.179,0,-3.2745,0.29149,-0.29826,0.0076361,0.64936,-0.068676,-0.75733,615.11,474.47,-5506.6,50499
50.186,0,-3.3397,0.35044,-0.41309,-0.0035774,0.64832,-0.0782,-0.75733,623.18,470.88,-5488.4,49345
50.193,0,-3.3019,0.16525,-0.3367,-0.014792,0.64715,-0.08771,-0.75716,620.01,464.18,-5484.9,50017
50.2,0,-3.2826,0.22983,-0.54581,-0.026006,0.64583,-0.097206,-0.75682,633.75,493.94,-5499.1,50253
50.208,0,-3.567,0.10329,-0.48163,-0.037217,0.64437,-0.10668,-0.75632,617.36,473.91,-5484.4,50126
50.215,0,-3.4613,0.38766,-0.34011,-0.048421,0.64278,-0.11615,-0.75565,623.36,472.02,-5484.9,49449
50.222,0,-3.3793,0.23437,-0.26587,-0.059616,0.64104,-0.12558,-0.75481,619.26,485.74,-5498.2,51384
50.229,0,-3.3786,0.099208,-0.3221,-0.0708,0.63916,-0.135,-0.75381,626.27,475.28,-5483.8,51236
50.236,0,-3.3485,0.17147,-0.41043,-0.08197,0.63715,-0.14439,-0.75265,624.35,484.23,-5496.9,50658
50.243,0,-3.3692,0.18722,-0.092831,-0.093125,0.63499,-0.15376,-0.75131,636.91,484.48,-5483.6,50956
50.25,0,-3.5655,0.1969,-0.38357,-0.10426,0.6327,-0.16309,-0.74982,620.46,479.93,-5496.5,48990
50.257,0,-3.4101,0.27046,-0.21136,-0.11537,0.63026,-0.1724,-0.74815,638.28,478.27,-5480,49191
50.264,0,-3.3041,0.10277,-0.38579,-0.12646,0.62769,-0.18167,-0.74633,621.54,483.72,-5478.5,49862
50.271,0,-3.4215,0.089143,-0.30514,-0.13753,0.62498,-0.19091,-0.74434,613.56,474.59,-5502.8,50834
50.278,0,-3.4719,0.16822,-0.33266,-0.14856,0.62213,-0.20011,-0.74218,627.81,481.91,-5487.4,50123
50.285,0,-3.3065,-0.035513,-0.4476,-0.15957,0.61915,-0.20927,-0.73986,625.31,484.45,-5467.8,51424
50.292,0,-3.4518,0.097235,-0.16104,-0.17054,0.61603,-0.21839,-0.73738,629.81,493.39,-5480.8,48835
50.299,0,-3.442,0.092229,-0.19021,-0.18147,0.61277,-0.22747,-0.73474,634.55,498.32,-5489.6,50524
50.306,0,-3.4078,0.20889,-0.23085,-0.19237,0.60937,-0.2365,-0.73193,631.23,476.31,-5444,51037
50.313,0,-3.5282,0.17614,-0.47848,-0.20322,0.60584,-0.24549,-0.72897,620.94,471.26,-5463.5,50116
50.32,0,-3.4203,-0.028677,-0.21043,-0.21403,0.60217,-0.25442,-0.72584,613.74,475.95,-5467.3,51702
50.327,0,-3.5308,0.085061,0.0098386,-0.22479,0.59837,-0.26331,-0.72256,627.72,463.69,-5454.4,50629
50.334,0,-3.598,-0.1271,-0.38897,-0.23551,0.59444,-0.27214,-0.71911,632.98,469.46,-5492,50500
50.341,0,-3.5724,0.16476,-0.29886,-0.24618,0.59037,-0.28092,-0.71551,637.55,477.37,-5461.9,48660
50.348,0,-3.4591,0.012864,-0.35783,-0.25679,0.58617,-0.28963,-0.71175,627.64,480.2,-5498.8,50449
50.355,0,-3.5225,-0.0061234,-0.37427,-0.26735,0.58183,-0.29829,-0.70783,624.45,473.62,-5469.8,50405
50.362,0,-3.564,-0.11051,-0.17992,-0.27785,0.57737,-0.30689,-0.70375,633.36,490.69,-5469.4,49747
50.37,0,-3.5464,-0.16075,-0.22209,-0.28829,0.57277,-0.31542,-0.69952,634.83,463.92,-5458.4,50720
50.377,0,-3.6752,0.20375,-0.32297,-0.29867,0.56805,-0.32389,-0.69514,625.72,499.14,-5456.9,51048
50.384,0,-3.7085,-0.034828,-0.12733,-0.30898,0.56319,-0.33229,-0.6906,643.94,493.38,-5458.2,50256
50.391,0,-3.4529,0.12589,-0.28237,-0.31922,0.55821,-0.34063,-0.68591,627.72,478.87,-5467.7,50565
50.398,0,-3.3965,0.037337,-0.23536,-0.3294,0.5531,-0.34889,-0.68107,602.68,502.67,-5460.6,49974
50.405,0,-3.5151,-0.10686,-0.22295,-0.33951,0.54786,-0.35707,-0.67608,620.09,497.41,-5455.1,50637
50.412,0,-3.4674,0.0554,-0.19201,-0.34954,0.5425,-0.36518,-0.67094,618.84,475.32,-5456.1,52884
50.419,0,-3.5318,-0.18448,-0.516,-0.3595,0.53702,-0.37322,-0.66565,640.66,483.75,-5462.2,52106
50.426,0,-3.3963,-0.14817,-0.15657,-0.36937,0.53141,-0.38117,-0.66021,622.27,483.92,-5438.5,51101
50.433,0,-3.4305,-0.021639,-0.18872,-0.37917,0.52568,-0.38904,-0.65462,621.53,473.1,-5466.9,51045
50.44,0,-3.5439,-0.026307,-0.14138,-0.38889,0.51983,-0.39683,-0.6489,641.64,477.82,-5468.1,51758
50.447,0,-3.4435,0.018557,-0.29557,-0.39852,0.51386,-0.40453,-0.64302,630.21,480.34,-5445.4,52011
50.454,0,-3.4956,0.027736,-0.1526,-0.40806,0.50778,-0.41215,-0.63701,620.79,484.6,-5453.5,52092
50.461,0,-3.4954,-0.12697,-0.17829,-0.41752,0.50157,-0.41968,-0.63085,614.94,497.26,-5440.2,50624
50.468,0,-3.4597,-0.12084,-0.20077,-0.42689,0.49525,-0.42711,-0.62455,624.45,478.45,-5436.7,52177
50.475,0,-3.4123,-0.18991,-0.24556,-0.43616,0.48882,-0.43446,-0.61812,630.65,493.26,-5442.3,51907
50.482,0,-3.5911,-0.15427,-0.0081346,-0.44534,0.48227,-0.44171,-0.61154,649.7,474.03,-5446.9,52054
50.489,0,-3.5074,0.025051,-0.081473,-0.45442,0.47561,-0.44886,-0.60483,633.79,481.94,-5430.5,51729
50.496,0,-3.5372,-0.13626,-0.19192,-0.4634,0.46884,-0.45592,-0.59799,631.91,500.3,-5428,48804
50.503,0,-3.4053,-0.12647,-0.38861,-0.47228,0.46196,-0.46287,-0.59101,624.94,473.61,-5438.7,50655
50.51,0,-3.3736,0.058136,-0.097259,-0.48106,0.45498,-0.46972,-0.5839,616.5,490.36,-5436.9,51383
50.517,0,-3.553,-0.13491,-0.21068,-0.48973,0.44789,-0.47647,-0.57666,622.17,480.86,-5431.6,50831
50.524,0,-3.5405,-0.26482,-0.14906,-0.4983,0.44069,-0.48312,-0.56928,646.52,464.45,-5439.2,51567
50.532,0,-3.6937,-0.16871,-0.38837,-0.50676,0.4334,-0.48965,-0.56179,641.25,486.73,-5442.2,52134
50.539,0,-3.5385,-0.15836,-0.10575,-0.51511,0.426,-0.49608,-0.55416,619.58,465.55,-5428.9,50512
50.546,0,-3.5033,-0.26226,-0.14875,-0.52334,0.4185,-0.5024,-0.54641,620.42,471.14,-5434.4,50303
50.553,0,-3.4405,-0.061199,-0.13451,-0.53146,0.41091,-0.50861,-0.53854,627.82,489.71,-5449.7,51087
50.56,0,-3.5424,-0.27851,-0.28143,-0.53946,0.40322,-0.5147,-0.53054,628.83,473.88,-5428,51500
50.567,0,-3.4962,-0.21575,0.0237,-0.54735,0.39543,-0.52068,-0.52243,626.02,478.75,-5418.1,51460
50.574,0,-3.8181,-0.31276,-0.15718,-0.55512,0.38756,-0.52655,-0.51419,631.91,485.04,-5426.5,49695
50.581,0,-3.5041,-0.28825,-0.23382,-0.56276,0.37959,-0.53229,-0.50584,638.09,492.88,-5425.7,50680
50.588,0,-3.4738,-0.41741,-0.18741,-0.57028,0.37153,-0.53792,-0.49737,619.38,474.67,-5427.2,50950
50.595,0,-3.5647,-0.16683,-0.21313,-0.57768,0.36339,-0.54343,-0.4888,612.9,468.24,-5430.6,50745
50.602,0,-3.4066,-0.16135,-0.077211,-0.58495,0.35517,-0.54881,-0.4801,622.99,498.31,-5412.9,51821
50.609,0,-3.5569,-0.23814,-0.067866,-0.59209,0.34686,-0.55407,-0.4713,633.41,480.21,-5408.9,51473
50.616,0,-3.3979,-0.49126,-0.022359,-0.5991,0.33847,-0.55921,-0.46239,634.73,494.21,-5431.3,50617
50.623,0,-3.3896,-0.39617,-0.30906,-0.60597,0.33,-0.56422,-0.45338,611.72,467.9,-5410.4,50691
50.63,0,-3.4295,-0.53234,-0.014173,-0.61272,0.32145,-0.5691,-0.44426,615.79,481.37,-5424.5,53256
50.637,0,-3.5066,-0.30817,-0.19905,-0.61933,0.31283,-0.57386,-0.43504,632.02,486.98,-5401.2,50188
50.644,0,-3.4754,-0.21295,-0.16699,-0.6258,0.30414,-0.57849,-0.42571,650.13,477.96,-5423.1,50760
50.651,0,-3.4667,-0.39596,0.078667,-0.63213,0.29537,-0.58298,-0.41629,627.1,484.79,-5401.2,53994
50.658,0,-3.4878,-0.44413,-0.108,-0.63832,0.28654,-0.58735,-0.40677,615.64,480.04,-5403.4,48785
50.665,0,-3.5224,-0.2844,0.0032054,-0.64437,0.27764,-0.59158,-0.39716,613.35,507.54,-5411.5,50810
50.672,0,-3.4172,-0.46162,0.10379,-0.65028,0.26867,-0.59568,-0.38745,635.52,494.44,-5411.1,51399
50.679,0,-3.5219,-0.55801,0.043679,-0.65605,0.25964,-0.59964,-0.37765,633.35,485.68,-5419.4,51556
50.686,0,-3.4416,-0.51361,-0.14902,-0.66166,0.25056,-0.60347,-0.36776,624.99,499.49,-5384.7,51600
50.694,0,-3.4213,-0.41887,-0.049687,-0.66713,0.24141,-0.60716,-0.35779,642.97,468.03,-5407.8,52302
50.701,0,-3.4989,-0.52678,-0.12058,-0.67245,0.23221,-0.61071,-0.34773,627.06,492.1,-5402.8,51289
50.708,1,-3.491,-0.5487,0.037163,-0.67763,0.22295,-0.61413,-0.33759,636.42,487.64,-5399.8,52832
50.715,0,-3.3342,-0.50004,-0.014782,-0.68264,0.21364,-0.6174,-0.32737,627.3,486.46,-5404.3,51152
50.722,0,-3.5996,-0.55207,0.11965,-0.68751,0.20428,-0.62054,-0.31707,666.09,475.26,-5411.4,50708
50.729,0,-3.4274,-0.7192,0.13106,-0.69222,0.19487,-0.62353,-0.30669,639.7,485.09,-5392.5,50866
50.736,0,-3.5165,-0.63152,-0.073687,-0.69678,0.18542,-0.62639,-0.29624,622.92,487.64,-5395.7,51289
50.743,0,-3.5893,-0.49773,-0.073472,-0.70118,0.17592,-0.6291,-0.28572,645.2,487.27,-5421.4,52612
50.75,0,-3.5919,-0.71917,0.072195,-0.70542,0.16639,-0.63167,-0.27513,629.4,508.67,-5411.4,51421
50.757,0,-3.5436,-0.45394,0.08674,-0.7095,0.15681,-0.63409,-0.26447,627.57,480.87,-5398.9,49542
50.764,0,-3.6947,-0.47777,0.068896,-0.71342,0.1472,-0.63637,-0.25375,631.82,486.5,-5379.7,51615
50.771,0,-3.641,-0.49863,0.19147,-0.71718,0.13755,-0.63851,-0.24297,632.93,479.47,-5395,50582
50.778,0,-3.4789,-0.4228,0.091654,-0.72078,0.12787,-0.6405,-0.23212,632.24,472.84,-5400,51396
50.785,0,-3.5286,-0.45125,0.24141,-0.72421,0.11816,-0.64235,-0.22122,632.07,486.24,-5408.4,50506
50.792,0,-3.5575,-0.50664,0.17638,-0.72748,0.10843,-0.64405,-0.21026,647,483.97,-5404.5,49642
50.799,0,-3.6334,-0.5392,0.2272,-0.73059,0.098662,-0.6456,-0.19925,631.8,488,-5392.9,50825
50.806,0,-3.5502,-0.68794,0.22633,-0.73353,0.088876,-0.64701,-0.18819,627.08,475.39,-5401.9,50845
50.813,0,-3.6899,-0.57558,0.13348,-0.7363,0.079068,-0.64827,-0.17708,610.82,486.82,-5404,51199
50.82,0,-3.6272,-0.54353,0.35914,-0.7389,0.069241,-0.64939,-0.16593,631.11,462.67,-5374.4,51779
50.827,0,-3.6477,-0.52173,0.45832,-0.74133,0.059398,-0.65035,-0.15473,632.69,484.87,-5378.7,48778
50.834,0,-3.5843,-0.61366,0.23347,-0.74359,0.04954,-0.65117,-0.1435,644.07,489.42,-5397.6,52795
50.841,0,-3.5246,-0.47577,0.45623,-0.74569,0.03967,-0.65184,-0.13222,636.54,459.38,-5399.3,53936
50.849,0,-3.5707,-0.41131,0.34583,-0.74761,0.02979,-0.65236,-0.12091,625.22,484.66,-5400.9,53132
50.856,0,-3.74,-0.52474,0.41545,-0.74936,0.019901,-0.65273,-0.10957,631.58,471.28,-5376.5,50939
50.863,0,-3.589,-0.57008,0.35761,-0.75093,0.010008,-0.65296,-0.098201,624.2,469.94,-5363.9,52564
50.87,0,-3.7951,-0.53979,0.41635,-0.75234,0.00011028,-0.65303,-0.086802,621.76,478.41,-5393.7,52095
50.877,0,-3.6711,-0.48835,0.42975,-0.75357,-0.0097882,-0.65296,-0.075379,634.16,483.76,-5386.3,50962
50.884,0,-3.6621,-0.39974,0.50162,-0.75462,-0.019686,-0.65274,-0.063934,646.01,482.87,-5381.2,51405
50.891,0,-3.8026,-0.47347,0.54211,-0.7555,-0.02958,-0.65237,-0.052469,645.54,485.07,-5379,50079
50.898,0,-3.6267,-0.52673,0.64449,-0.75621,-0.039469,-0.65185,-0.040989,626.41,482.95,-5373.5,51200
50.905,0,-3.5229,-0.50789,0.47814,-0.75674,-0.04935,-0.65118,-0.029494,637.53,479.86,-5370.1,51297
50.912,0,-3.6585,-0.47518,0.32,-0.7571,-0.059221,-0.65036,-0.017988,640.6,475.86,-5394.1,52866
50.919,0,-3.4055,-0.53666,0.56464,-0.75728,-0.06908,-0.6494,-0.0064735,628.4,469.77,-5370.1,50329
50.926,0,-3.6858,-0.33674,0.49078,-0.75728,-0.078925,-0.64828,0.0050465,640.45,481.46,-5378.3,51408
50.933,0,-3.7192,-0.44693,0.58948,-0.75711,-0.088754,-0.64702,0.01657,629.14,462.93,-5379.3,52076
50.94,0,-3.6614,-0.47155,0.5675,-0.75676,-0.098564,-0.64561,0.028093,638.25,488.37,-5378.3,49935
50.947,0,-3.6621,-0.20765,0.55609,-0.75623,-0.10835,-0.64405,0.039613,626.51,487.18,-5368.6,50768
50.954,0,-3.5933,-0.24799,0.6129,-0.75553,-0.11812,-0.64235,0.051129,624.92,483.41,-5349.9,52354
50.961,0,-3.5253,-0.20612,0.45097,-0.75465,-0.12786,-0.6405,0.062636,625.76,489.06,-5355.8,52289
50.968,0,-3.5219,-0.14823,0.55506,-0.75359,-0.13757,-0.6385,0.074132,628.31,486.56,-5371.6,52643
50.975,0,-3.5888,-0.20321,0.44546,-0.75236,-0.14726,-0.63635,0.085615,650.16,480.63,-5360.5,51316
50.982,0,-3.6313,-0.24385,0.80287,-0.75095,-0.15691,-0.63406,0.097081,625.45,470.62,-5353.1,52409
50.989,0,-3.8564,-0.30533,0.51093,-0.74937,-0.16653,-0.63162,0.10853,631.31,490.94,-5372.5,51336
50.996,0,-3.5186,-0.16143,0.46061,-0.74761,-0.17611,-0.62903,0.11995,628.69,497.21,-5360.6,53213
51.003,0,-3.4935,-0.10277,0.559,-0.74567,-0.18566,-0.6263,0.13135,625.29,483.11,-5358.9,52231
51.011,0,-3.6355,-0.25695,0.50171,-0.74356,-0.19516,-0.62343,0.14273,640.31,461.5,-5362.2,49408
51.018,0,-3.6033,-0.092565,0.5435,-0.74127,-0.20462,-0.62041,0.15407,624.96,480.32,-5355.5,52144
51.025,0,-3.586,-0.23413,0.48243,-0.73881,-0.21404,-0.61725,0.16538,649.51,485.61,-5342.6,52195
51.032,0,-3.8382,-0.038422,0.52264,-0.73618,-0.22341,-0.61394,0.17666,614.67,479.05,-5356.6,51418
51.039,0,-3.6255,-0.14409,0.50499,-0.73337,-0.23273,-0.6105,0.18789,610.47,493.52,-5346.9,49976
51.046,0,-3.6576,-0.10427,0.48993,-0.73039,-0.242,-0.60691,0.19909,653.24,478.91,-5341.4,53267
51.053,0,-3.7716,-0.20518,0.50191,-0.72723,-0.25122,-0.60318,0.21024,630.56,488.75,-5341.4,49710
51.06,0,-3.7939,-0.1218,0.53257,-0.72391,-0.26038,-0.59931,0.22134,632.63,488.74,-5358.2,53385
51.067,0,-3.7057,0.1209,0.44643,-0.72041,-0.26948,-0.5953,0.2324,629.45,492.63,-5338.6,50986
51.074,0,-3.7327,0.1494,0.64579,-0.71674,-0.27853,-0.59115,0.2434,630.9,488.15,-5343.9,52327
51.081,0,-3.7883,0.023738,0.43844,-0.71291,-0.28751,-0.58686,0.25435,628.29,504.21,-5355,50881
51.088,0,-3.6151,0.020774,0.53581,-0.7089,-0.29643,-0.58244,0.26524,648.98,494.92,-5329.3,54374
51.095,0,-3.6835,0.10097,0.52788,-0.70473,-0.30528,-0.57787,0.27607,624.96,487.54,-5335.2,51733
51.102,0,-3.7821,0.087739,0.57613,-0.70039,-0.31407,-0.57318,0.28684,631.36,486.19,-5340.4,50766
51.109,0,-3.8047,0.041259,0.47023,-0.69589,-0.32279,-0.56834,0.29754,627.64,496.01,-5340.9,52799
51.116,0,-3.6743,0.15443,0.46471,-0.69122,-0.33143,-0.56338,0.30817,655.27,488.1,-5335.2,51832
51.123,0,-3.6289,0.15181,0.49645,-0.68639,-0.34,-0.55828,0.31874,631.7,501.99,-5338.1,51003
51.13,0,-3.7281,0.16388,0.51265,-0.68139,-0.3485,-0.55305,0.32923,639.31,471.22,-5331.1,49771
51.137,0,-3.6164,0.24277,0.50446,-0.67624,-0.35691,-0.54769,0.33965,635.22,491.98,-5345,53701
51.144,0,-3.7203,0.11375,0.26242,-0.67092,-0.36525,-0.54219,0.34998,620.8,483.82,-5343.4,50289
51.151,0,-3.6398,0.16244,0.32217,-0.66544,-0.3735,-0.53657,0.36024,646.74,492.34,-5328.1,51877
51.158,0,-3.7317,0.19434,0.46518,-0.65981,-0.38167,-0.53082,0.37041,629.98,473.27,-5344.4,50681
51.165,0,-3.6066,0.14163,0.30201,-0.65402,-0.38976,-0.52495,0.3805,635.94,497.6,-5326.5,52948
51.173,0,-3.7344,0.30146,0.40929,-0.64807,-0.39775,-0.51895,0.3905,627.34,501.71,-5331.1,51934
51.18,0,-3.7426,0.13735,0.2666,-0.64197,-0.40566,-0.51282,0.40041,638.23,491.87,-5329.7,51338
51.187,0,-3.6854,0.12295,0.45153,-0.63572,-0.41347,-0.50657,0.41023,646.43,487.16,-5338.1,53735
51.194,0,-3.8318,0.25786,0.43723,-0.62932,-0.42119,-0.5002,0.41995,634.97,467.89,-5336.3,52026
51.201,0,-3.5873,0.038812,0.24209,-0.62276,-0.42881,-0.49371,0.42957,640.48,491.81,-5312.9,52397
51.208,0,-3.6888,0.29515,0.34991,-0.61606,-0.43634,-0.4871,0.4391,640.98,477.31,-5332.7,51954
51.215,0,-3.6893,0.19582,0.3002,-0.60922,-0.44377,-0.48037,0.44852,635.5,492.92,-5327.7,50557
51.222,0,-3.4797,0.12818,0.24295,-0.60222,-0.45109,-0.47353,0.45783,636.44,486.35,-5299.7,51886
51.229,0,-3.7431,0.17203,0.38464,-0.59509,-0.45831,-0.46657,0.46704,650.77,491.5,-5335.8,52207
51.236,0,-3.6762,0.19632,0.41881,-0.58781,-0.46543,-0.4595,0.47615,637.42,496.19,-5327.3,50980
51.243,0,-3.6184,0.034208,0.3023,-0.58039,-0.47244,-0.45232,0.48513,626.58,498.02,-5324.9,51949
51.25,0,-3.7817,0.2123,0.15974,-0.57284,-0.47934,-0.44502,0.49401,620.29,482.32,-5319.2,52704
51.257,0,-3.684,0.25792,0.27278,-0.56515,-0.48612,-0.43762,0.50277,628.45,497.71,-5325.5,51645
51.264,0,-3.615,0.20929,0.24406,-0.55732,-0.4928,-0.43011,0.51142,642.75,486.89,-5309.7,50803
51.271,0,-3.7574,0.38852,0.25681,-0.54936,-0.49936,-0.4225,0.51994,621.14,484.41,-5315.4,52598
51.278,0,-3.7583,0.16841,0.24549,-0.54127,-0.50581,-0.41478,0.52834,625.43,505.01,-5298.2,52004
51.285,0,-3.7501,0.22366,0.19074,-0.53305,-0.51214,-0.40696,0.53662,635.89,501.49,-5305.1,50174
51.292,0,-3.795,0.21566,0.18493,-0.5247,-0.51835,-0.39903,0.54477,650.64,478.93,-5297.4,50837
51.299,0,-3.7106,0.32858,0.24339,-0.51623,-0.52444,-0.39102,0.55279,637.94,486.2,-5327.2,52693
51.306,0,-3.6987,0.30243,0.31987,-0.50763,-0.5304,-0.3829,0.56069,633.67,487.75,-5310.5,54268
51.313,0,-3.8505,0.19234,0.19636,-0.49891,-0.53624,-0.37469,0.56845,642.08,493.82,-5303.6,52224
51.32,0,-3.6659,0.21523,0.19365,-0.49008,-0.54196,-0.36638,0.57608,638.87,488.23,-5320.7,52578
51.327,0,-3.7551,0.31176,0.096602,-0.48112,-0.54755,-0.35799,0.58357,644.74,484.54,-5296.1,52007
51.335,0,-3.8677,0.32082,0.16371,-0.47205,-0.55301,-0.3495,0.59093,627.52,470.78,-5304.2,52636
51.342,0,-3.8384,0.32124,0.097829,-0.46287,-0.55833,-0.34093,0.59815,622.4,497.16,-5297.3,52178
51.349,0,-3.615,0.34607,0.10509,-0.45357,-0.56353,-0.33228,0.60523,640.52,494.71,-5312.8,51078
51.356,0,-3.7308,0.28417,0.11469,-0.44416,-0.5686,-0.32354,0.61216,636.81,480.09,-5304.6,51603
51.363,0,-3.7475,0.26221,0.091132,-0.43465,-0.57353,-0.31472,0.61895,654.67,496.84,-5308.5,51264
51.37,0,-3.7776,0.45897,0.15217,-0.42503,-0.57832,-0.30582,0.62559,631.54,488.65,-5303.4,51214
51.377,0,-3.9365,0.21963,0.21062,-0.41531,-0.58298,-0.29684,0.63209,631.76,491.82,-5298.4,52251
51.384,0,-3.9099,0.43862,0.088258,-0.40549,-0.5875,-0.28779,0.63844,623.8,481.51,-5294.8,52923
51.391,0,-4.1333,0.3679,-0.0066459,-0.39557,-0.59187,-0.27867,0.64463,653.09,484.54,-5289.4,51796
51.398,0,-4.2068,0.52536,0.31409,-0.38556,-0.59611,-0.26947,0.65068,624.62,498.43,-5285.1,51072
51.405,0,-4.1775,0.40675,0.0068612,-0.37545,-0.60021,-0.26021,0.65657,645.56,492.71,-5282.4,53200
51.412,1,-4.112,0.44231,0.14408,-0.36525,-0.60416,-0.25088,0.6623,640.53,468.33,-5290.9,54163
51.419,0,-4.2783,0.28926,-0.047358,-0.35496,-0.60797,-0.24149,0.66788,641.82,474.83,-5280.9,50881
51.426,0,-4.1168,0.41249,0.11703,-0.34458,-0.61163,-0.23204,0.6733,627.76,498.6,-5289.9,52089
51.433,0,-4.1633,0.26974,-0.11418,-0.33412,-0.61514,-0.22252,0.67856,632.24,495.72,-5287.6,50850
51.44,0,-4.1302,0.40086,-0.21301,-0.32358,-0.61851,-0.21295,0.68366,643.27,491.9,-5289.7,51202
51.447,0,-4.3641,0.35443,0.15057,-0.31296,-0.62173,-0.20333,0.6886,616.91,500.58,-5297.9,51327
51.454,0,-4.2758,0.2842,-0.11216,-0.30226,-0.6248,-0.19365,0.69337,637.95,473.42,-5291.2,50729
51.461,0,-4.0828,0.45661,-0.093597,-0.29148,-0.62772,-0.18393,0.69798,627.93,507.32,-5301.8,51408
51.468,0,-4.1407,0.35176,0.02493,-0.28063,-0.63049,-0.17416,0.70242,622.58,491.41,-5287.7,52496
51.475,0,-3.8309,0.5406,-0.040802,-0.26972,-0.63311,-0.16434,0.7067,642.48,475.61,-5272.8,53279
51.482,0,-4.1164,0.59209,-0.1132,-0.25873,-0.63557,-0.15448,0.7108,638.61,485.51,-5261.6,53005
51.489,0,-4.1694,0.45579,-0.19367,-0.24768,-0.63788,-0.14458,0.71474,654.95,489.12,-5287.4,52256
51.497,0,-4.1467,0.43473,-0.21258,-0.23657,-0.64004,-0.13464,0.71851,639.44,490.11,-5277.3,53704
51.504,0,-4.0991,0.3699,-0.15569,-0.2254,-0.64204,-0.12467,0.7221,628.63,477.67,-5295.3,52548
51.511,0,-4.2639,0.60294,-0.023923,-0.21417,-0.64389,-0.11466,0.72553,646.59,494.24,-5261.4,51501
51.518,0,-4.0542,0.44847,-0.27611,-0.20289,-0.64558,-0.10463,0.72878,637.94,501.74,-5253.3,54130
51.525,0,-4.1599,0.36167,-0.069149,-0.19155,-0.64712,-0.094563,0.73185,632.69,480.44,-5270.3,52502
51.532,0,-4.0853,0.41427,-0.20927,-0.18017,-0.6485,-0.084475,0.73475,644.82,486.31,-5271.6,53251
51.539,0,-4.0226,0.31294,-0.12101,-0.16874,-0.64972,-0.074364,0.73747,605.85,489.14,-5271.1,52098
51.546,0,-3.9117,0.27544,-0.16192,-0.15727,-0.65078,-0.064232,0.74002,639.1,476.27,-5269.7,53873
51.553,0,-4.1744,0.49808,-0.35638,-0.14575,-0.65169,-0.054083,0.74238,615.17,481.84,-5274.6,52975
51.56,0,-4.1452,0.38763,-0.44491,-0.13419,-0.65244,-0.043919,0.74457,651.49,490.3,-5279,50558
51.567,0,-4.1391,0.56342,-0.46154,-0.1226,-0.65303,-0.033742,0.74658,648.17,487.28,-5266.7,51655
51.574,0,-4.0875,0.31212,-0.45459,-0.11098,-0.65346,-0.023556,0.74841,647.58,493.72,-5270.5,50556
51.581,0,-3.9619,0.3464,-0.15096,-0.099327,-0.65373,-0.013361,0.75006,635.27,497.6,-5259.7,52587
51.588,0,-4.0043,0.32393,-0.48256,-0.087645,-0.65385,-0.0031618,0.75153,631.38,502.46,-5260.3,51115
51.595,0,-4.0269,0.50155,-0.26,-0.075939,-0.6538,0.0070401,0.75281,636.07,485.9,-5259.3,52663
51.602,0,-3.9363,0.30139,-0.39893,-0.06421,-0.6536,0.017242,0.75392,643.63,479.46,-5262,53402
51.609,0,-3.9955,0.34672,-0.29621,-0.052463,-0.65323,0.027441,0.75484,654.93,498.45,-5259.2,51574
51.616,0,-4.1742,0.25782,-0.30143,-0.040698,-0.65271,0.037636,0.75558,632.17,488.46,-5264.3,51307
51.623,0,-4.0435,0.4346,-0.47956,-0.02892,-0.65203,0.047822,0.75613,643.23,471,-5257,53196
51.63,0,-4.0934,0.3117,-0.45143,-0.017132,-0.65119,0.057999,0.7565,646.87,503.1,-5262.4,52240
51.637,0,-4.0427,0.385,-0.68233,-0.0053348,-0.65019,0.068163,0.75668,645.73,481.68,-5249.5,53222
51.644,0,-3.9944,0.31432,-0.28695,0.0064672,-0.64904,0.078312,0.75669,651.03,490.64,-5252.9,53570
51.651,0,-4.1372,0.19339,-0.46605,0.018271,-0.64772,0.088443,0.7565,634.03,506.75,-5279.8,51000
51.659,0,-4.0687,0.2401,-0.54995,0.030075,-0.64625,0.098554,0.75613,632.14,488.59,-5232,51922
51.666,0,-4.1584,0.35675,-0.48757,0.041875,-0.64462,0.10864,0.75558,628.86,488.15,-5232.6,51370
51.673,0,-4.1802,0.34788,-0.3145,0.053669,-0.64284,0.11871,0.75484,638.29,468.79,-5246.2,51732
51.68,0,-3.9782,0.22631,-0.44252,0.065454,-0.64089,0.12874,0.75392,639.73,484.4,-5240.4,52735
51.687,0,-4.1489,0.074246,-0.57884,0.077226,-0.63879,0.13875,0.75281,639.39,512.65,-5243.4,53058
51.694,0,-4.2469,0.35563,-0.50282,0.088983,-0.63654,0.14872,0.75152,633.18,486.75,-5252.7,52134
51.701,0,-4.1974,0.34273,-0.33875,0.10072,-0.63413,0.15866,0.75004,648.45,483.61,-5236.3,50920
51.708,0,-4.0278,0.32269,-0.54847,0.11244,-0.63156,0.16856,0.74838,653.53,489.13,-5241.2,51608
51.715,0,-4.0364,0.21264,-0.68123,0.12414,-0.62884,0.17842,0.74653,616.21,486.95,-5247.4,51414
51.722,0,-4.0662,0.17205,-0.6957,0.1358,-0.62597,0.18824,0.7445,651.85,491.03,-5233.8,52748
51.729,0,-4.1454,0.24958,-0.4215,0.14744,-0.62294,0.19802,0.74229,638.06,488.39,-5213.3,52770
51.736,0,-4.1441,0.26099,-0.70465,0.15905,-0.61976,0.20775,0.73989,635.11,490.9,-5240.4,53226
51.743,0,-4.0031,0.077433,-0.42619,0.17062,-0.61643,0.21742,0.73731,637.37,488.07,-5244.1,52808
51.75,0,-4.1081,0.08991,-0.56822,0.18215,-0.61295,0.22705,0.73455,650.72,490.31,-5244.5,52010
51.757,0,-3.9292,0.18388,-0.50889,0.19364,-0.60932,0.23662,0.7316,649.1,482.96,-5249.6,51542
51.764,0,-4.0327,0.20329,-0.54421,0.20509,-0.60554,0.24614,0.72847,652.38,472.72,-5220.4,53204
51.771,0,-4.2205,-0.020695,-0.69252,0.21649,-0.60161,0.2556,0.72517,642.25,488.67,-5224.8,54474
51.778,0,-4.0347,-0.036058,-0.73631,0.22784,-0.59753,0.265,0.72168,617.8,481.31,-5208.7,51170
51.785,0,-4.2479,0.054092,-0.50332,0.23914,-0.59331,0.27433,0.71801,633.24,490.38,-5230,53143
51.792,0,-4.2357,0.08171,-0.70969,0.25038,-0.58894,0.2836,0.71416,629.98,507.85,-5238.5,50569
51.799,0,-4.2358,0.034688,-0.55113,0.26156,-0.58443,0.2928,0.71014,630.67,484.12,-5232.1,51784
51.806,0,-4.0998,-0.022944,-0.55829,0.27268,-0.57977,0.30193,0.70594,650.16,492.83,-5205,51271
51.813,0,-4.181,-0.024009,-0.73695,0.28374,-0.57497,0.31099,0.70156,632.16,477.07,-5225.1,53081
51.821,0,-4.0248,-0.15524,-0.64342,0.29473,-0.57003,0.31997,0.69701,627.05,505.9,-5220.6,51430
51.828,0,-4.1239,-0.070222,-0.64924,0.30565,-0.56495,0.32888,0.69228,630.72,498.83,-5233.9,52804
51.835,0,-3.9424,-0.14067,-0.74019,0.3165,-0.55972,0.3377,0.68738,665.13,477.95,-5210.3,51892
51.842,0,-4.0119,-0.1861,-0.53915,0.32727,-0.55436,0.34645,0.68231,641.64,477.07,-5224,51428
51.849,0,-3.9797,0.016233,-0.4979,0.33796,-0.54887,0.35511,0.67707,646.22,480.15,-5208.8,50630
51.856,0,-3.7984,-0.24626,-0.62963,0.34858,-0.54323,0.36369,0.67165,633.99,505.33,-5220.5,53448
51.863,0,-3.9625,0.055997,-0.54004,0.35911,-0.53747,0.37218,0.66607,644.58,483.44,-5212.2,53101
51.87,0,-3.9113,-0.28759,-0.56952,0.36955,-0.53157,0.38058,0.66032,639.55,507.9,-5204.5,53582
51.877,0,-4.1412,-0.2466,-0.6413,0.3799,-0.52554,0.38889,0.65441,632.32,481.28,-5209.9,52758
51.884,0,-3.8582,-0.093622,-0.63678,0.39016,-0.51937,0.39711,0.64833,633.95,492.69,-5210.4,51195
51.891,0,-4.0796,-0.045185,-0.44586,0.40033,-0.51308,0.40523,0.64209,647.89,492.69,-5219.8,50348
51.898,0,-3.9071,-0.25396,-0.53752,0.4104,-0.50666,0.41325,0.63568,657.63,477.9,-5227.5,54339
51.905,0,-3.9725,-0.45578,-0.59065,0.42037,-0.50012,0.42117,0.62912,654.86,471.49,-5210.5,52355
51.912,0,-3.9891,-0.2619,-0.44069,0.43024,-0.49344,0.42899,0.6224,644.5,473.67,-5202,54000
51.919,0,-3.9232,-0.31887,-0.30013,0.44,-0.48665,0.43671,0.61552,626.09,492.62,-5192.8,52888
51.926,0,-3.8631,-0.25096,-0.43095,0.44965,-0.47973,0.44432,0.60848,645.12,492.79,-5212.2,52819
51.933,0,-4.0865,-0.29463,-0.46491,0.4592,-0.4727,0.45182,0.60129,639.56,499.32,-5224.1,52959
51.94,0,-3.9884,-0.30048,-0.46078,0.46863,-0.46554,0.45921,0.59395,623.52,474.65,-5208,51959
51.947,0,-4.0216,-0.34538,-0.38941,0.47794,-0.45827,0.4665,0.58646,639.85,484.69,-5191.5,53437
51.954,0,-3.8553,-0.36446,-0.3491,0.48714,-0.45088,0.47366,0.57882,640.95,494.71,-5194.2,52375
51.961,0,-4.1434,-0.29414,-0.42992,0.49622,-0.44338,0.48072,0.57104,649.89,497.83,-5190.9,52668
51.968,0,-4.1267,-0.3697,-0.45522,0.50518,-0.43577,0.48765,0.56311,654.88,484.32,-5191.7,54436
51.975,0,-4.1461,-0.31139,-0.45953,0.51401,-0.42805,0.49447,0.55504,638.54,476.37,-5189.1,52205
51.983,0,-3.9146,-0.44336,-0.59606,0.52272,-0.42021,0.50117,0.54683,633.28,476.81,-5189.8,53118
51.99,0,-3.9189,-0.25608,-0.26182,0.5313,-0.41228,0.50774,0.53847,645.52,491.19,-5204.1,51418
51.997,0,-4.2115,-0.43974,-0.22291,0.53974,-0.40423,0.51419,0.52999,637.23,482.04,-5183,53519
52.004,0,-4.1671,-0.49568,-0.3177,0.54805,-0.39609,0.52051,0.52136,648.21,498.12,-5195,50542
52.011,0,-4.1632,-0.48255,-0.46234,0.55623,-0.38784,0.52671,0.51261,641.13,491.22,-5204.8,53222
52.018,0,-4.2686,-0.46896,-0.12676,0.56427,-0.37949,0.53278,0.50373,646.15,509,-5197.2,52696
52.025,0,-4.4146,-0.53834,-0.20076,0.57216,-0.37105,0.53871,0.49471,638.81,483.08,-5188.3,51989
52.032,0,-4.5162,-0.41904,-0.36781,0.57992,-0.36251,0.54451,0.48558,629.31,501.57,-5199,52401
52.039,0,-4.4584,-0.51314,-0.29245,0.58753,-0.35387,0.55018,0.47631,662.5,483.55,-5167.5,52205
52.046,0,-4.3358,-0.46017,-0.29511,0.595,-0.34515,0.55572,0.46693,663.36,485.69,-5193.1,51294
52.053,0,-4.2858,-0.36617,-0.17042,0.60231,-0.33634,0.56112,0.45743,647.78,482.42,-5187.1,53713
52.06,0,-4.4664,-0.49812,-0.025554,0.60948,-0.32744,0.56637,0.44781,645.03,503.14,-5175.7,53995
52.067,0,-4.3634,-0.43466,-0.14346,0.6165,-0.31845,0.57149,0.43808,646.69,494.05,-5192.3,51801
52.074,0,-4.2441,-0.47456,0.18014,0.62336,-0.30938,0.57647,0.42824,639.63,479.96,-5172.8,51242
52.081,0,-4.339,-0.46669,-0.060181,0.63007,-0.30024,0.5813,0.41828,643.45,480.4,-5167.6,50968
52.088,0,-4.1643,-0.37149,-0.18784,0.63662,-0.29101,0.58599,0.40823,638.19,483.49,-5178.1,53723
52.095,0,-4.1868,-0.42535,-0.17761,0.64301,-0.2817,0.59054,0.39806,646.99,502.79,-5153,52893
52.102,0,-4.3855,-0.57622,-0.030483,0.64923,-0.27233,0.59493,0.3878,631.64,501.38,-5174.5,54021
52.109,0,-4.3741,-0.38783,-0.17944,0.6553,-0.26288,0.59918,0.37743,637.32,493.72,-5169.9,52686
52.116,1,-4.2649,-0.34858,-0.1569,0.6612,-0.25336,0.60328,0.36697,639.87,481.18,-5176,55100
52.123,0,-4.4011,-0.33681,-0.030457,0.66694,-0.24377,0.60723,0.35642,650.14,497.2,-5162.5,53047
52.13,0,-4.4256,-0.56674,-0.1334,0.67251,-0.23412,0.61103,0.34577,665.83,487.13,-5169.9,52432
52.137,0,-4.2449,-0.35574,-0.015653,0.67791,-0.22441,0.61467,0.33503,665.95,496.82,-5156.7,52169
52.145,0,-4.2898,-0.42286,0.079187,0.68315,-0.21464,0.61816,0.32421,644.2,497.76,-5175.1,53006
52.152,0,-4.3058,-0.4713,0.012753,0.68821,-0.20481,0.6215,0.31331,635.67,479.74,-5180.1,52445
52.159,0,-4.5012,-0.53032,0.10733,0.6931,-0.19492,0.62468,0.30232,633.64,495.27,-5165.2,53820
52.166,0,-4.272,-0.48758,-0.093926,0.69781,-0.18498,0.6277,0.29126,658.9,506.2,-5161.1,53930
52.173,0,-4.3232,-0.38275,0.28651,0.70235,-0.175,0.63057,0.28012,642.86,500.18,-5162,51279
52.18,0,-4.3069,-0.29406,-0.086926,0.70671,-0.16496,0.63327,0.26891,630.91,505.5,-5177.3,53079
52.187,0,-4.2641,-0.26829,0.096793,0.7109,-0.15488,0.63582,0.25763,661.18,491.69,-5152.4,51932
52.194,0,-4.2173,-0.67786,0.13773,0.7149,-0.14475,0.63821,0.24628,643.93,488.11,-5162.4,52038
52.201,0,-4.1371,-0.42755,0.011814,0.71873,-0.13459,0.64043,0.23487,635.56,480.5,-5155.2,51842
52.208,0,-4.2495,-0.25205,-0.013048,0.72237,-0.12439,0.64249,0.2234,646.15,511.22,-5173,52827
52.215,0,-4.2554,-0.29132,0.24451,0.72584,-0.11415,0.64439,0.21186,649.99,491.29,-5156.4,53046
52.222,0,-4.3518,-0.58349,0.12444,0.72912,-0.10389,0.64613,0.20028,650.87,505.57,-5177.6,53823
52.229,0,-4.3055,-0.44964,-0.014188,0.73221,-0.093587,0.64771,0.18864,626.06,489.56,-5154.4,52990
52.236,0,-4.1866,-0.36562,0.26917,0.73512,-0.083262,0.64911,0.17695,652.22,473.1,-5159,51612
52.243,0,-4.3794,-0.25899,0.29797,0.73785,-0.072913,0.65036,0.16521,642.16,480.13,-5150.5,52575
52.25,0,-4.196,-0.43597,0.29118,0.74039,-0.062542,0.65144,0.15343,637.52,474.99,-5144.4,52951
52.257,0,-4.2666,-0.55209,0.11372,0.74274,-0.052152,0.65235,0.14161,634.28,504.45,-5146.5,51981
52.264,0,-4.3021,-0.41347,0.3183,0.74491,-0.041745,0.6531,0.12975,656.68,502.25,-5147.2,53365
52.271,0,-4.3399,-0.39199,0.097886,0.74688,-0.031325,0.65368,0.11786,665.66,494.61,-5151.9,50294
52.278,0,-4.3446,-0.42163,0.2323,0.74867,-0.020893,0.65409,0.10593,629.64,497.46,-5144.1,54683
52.285,0,-4.4444,-0.34837,0.3595,0.75026,-0.010454,0.65434,0.093978,651.11,495.7,-5154.9,54515
52.292,0,-4.2345,-0.49428,0.33205,0.75167,-8.4686e-06,0.65442,0.081997,639.36,505.8,-5158.6,51991
52.3,0,-4.251,-0.36919,0.35452,0.75288,0.01044,0.65434,0.069992,646.32,502.94,-5143.5,55745
52.307,0,-4.307,-0.44332,0.16374,0.75391,0.020888,0.65408,0.057967,639.16,488.59,-5135.8,51440
52.314,0,-4.3433,-0.44527,0.29131,0.75474,0.031334,0.65367,0.045925,644.49,484.29,-5147.1,54170
52.321,0,-4.2646,-0.21199,0.38771,0.75538,0.041775,0.65308,0.033869,649.73,495.28,-5137.7,51976
52.328,0,-4.3821,-0.30026,0.4484,0.75583,0.052208,0.65232,0.021802,638.77,493.57,-5134.5,53546
52.335,0,-4.3022,-0.26704,0.53764,0.75608,0.06263,0.6514,0.0097264,643.19,512.84,-5149,53799
52.342,0,-4.3018,-0.34606,0.54751,0.75614,0.073039,0.65032,-0.0023539,631.11,512.56,-5143.4,53465
52.349,0,-4.3782,-0.20045,0.37097,0.75601,0.083432,0.64906,-0.014436,652.47,491.23,-5133.9,51979
52.356,0,-4.3054,-0.38986,0.46705,0.75568,0.093806,0.64764,-0.026517,656.31,480.7,-5120.3,53429
52.363,0,-4.4092,-0.18957,0.44586,0.75516,0.10416,0.64606,-0.038594,643.15,506.32,-5115.2,52054
52.37,0,-4.2689,-0.24332,0.47434,0.75445,0.11449,0.64431,-0.050664,658.14,508.61,-5131.1,51539
52.377,0,-4.1454,-0.15697,0.49143,0.75354,0.12479,0.64239,-0.062723,648.76,492.22,-5135.8,52602
52.384,0,-4.4028,-0.14137,0.61575,0.75244,0.13506,0.64031,-0.074768,644.94,503.89,-5116.6,52874
52.391,0,-4.2269,-0.1767,0.69614,0.75115,0.1453,0.63806,-0.086798,637.86,507.65,-5119.6,52593
52.398,0,-4.4525,-0.38124,0.32391,0.74966,0.15551,0.63565,-0.098807,632.85,484.29,-5103.2,52938
52.405,0,-4.1289,-0.076313,0.53304,0.74799,0.16568,0.63308,-0.11079,642.68,472.69,-5127,52906
52.412,0,-4.1379,-0.25891,0.82867,0.74611,0.17581,0.63035,-0.12275,641.72,487.61,-5120.5,51501
52.419,0,-4.4212,-0.20828,0.76995,0.74405,0.18589,0.62745,-0.13469,643.27,493.71,-5146.5,51645
52.426,0,-4.1666,-0.011511,0.4491,0.74179,0.19593,0.62439,-0.14659,642.76,480.31,-5124,54226
52.433,0,-4.3567,-0.10315,0.60389,0.73935,0.20592,0.62117,-0.15845,631.27,491.38,-5126.2,53847
52.44,0,-4.3343,0.15731,0.57372,0.73671,0.21587,0.61779,-0.17028,645.77,485.04,-5110.2,52647
52.447,0,-4.2929,-0.1269,0.64691,0.73388,0.22575,0.61425,-0.18207,667.97,499.75,-5116.1,53884
52.454,0,-4.2106,-0.061718,0.44776,0.73086,0.23559,0.61056,-0.19381,641.66,508.09,-5133.6,52611
52.462,0,-4.1173,-0.1907,0.43916,0.72765,0.24536,0.6067,-0.2055,654.48,491.93,-5123.1,55274
52.469,0,-4.1375,0.1268,0.58393,0.72426,0.25508,0.60269,-0.21714,656.52,473.93,-5119.5,52750
52.476,0,-4.3587,-0.16112,0.52216,0.72067,0.26473,0.59853,-0.22873,643.39,495.85,-5105.7,53996
52.483,0,-4.1504,-0.087341,0.52084,0.7169,0.27431,0.5942,-0.24027,644.82,493.34,-5111.6,53973
52.49,0,-4.1307,0.14496,0.66312,0.71294,0.28383,0.58973,-0.25174,660.11,498.48,-5098.4,52411
52.497,0,-4.2894,0.050822,0.63408,0.7088,0.29328,0.5851,-0.26315,650.19,499.1,-5120.4,51754
52.504,0,-4.1848,0.069595,0.65371,0.70447,0.30265,0.58032,-0.2745,650.58,477.12,-5096.4,52447
52.511,0,-4.0454,0.29445,0.51277,0.69996,0.31195,0.5754,-0.28578,639.75,498.69,-5114.2,53294
52.518,0,-4.4042,-0.094157,0.81309,0.69526,0.32117,0.57032,-0.29699,628.42,512.26,-5101.5,51344
52.525,0,-4.0762,0.27436,0.47906,0.69039,0.3303,0.56509,-0.30812,645.16,499.9,-5085.3,53299
52.532,0,-4.3098,0.086793,0.51357,0.68533,0.33936,0.55972,-0.31917,668.2,489.85,-5102.5,52426
52.539,0,-4.2428,0.24362,0.58443,0.6801,0.34833,0.5542,-0.33015,660.1,493.08,-5106.7,52785
52.546,0,-4.2428,0.2959,0.53891,0.67468,0.35721,0.54854,-0.34104,630.45,490.09,-5096,53125
52.553,0,-4.2365,0.21982,0.53139,0.66909,0.36601,0.54274,-0.35184,647.04,494.36,-5099.3,53401
52.56,0,-4.2432,0.18736,0.67082,0.66333,0.37471,0.53679,-0.36256,628.65,505.85,-5107.1,53636
52.567,0,-4.179,0.31502,0.67484,0.65739,0.38331,0.53071,-0.37318,632.72,498.85,-5089.8,50211
52.574,0,-4.4109,0.15335,0.69397,0.65128,0.39182,0.52448,-0.38371,659.05,490.5,-5091.5,53079
52.581,0,-4.3343,0.18343,0.45728,0.645,0.40023,0.51812,-0.39414,649.05,502.48,-5094.6,52730
52.588,0,-4.4531,0.30461,0.45316,0.63854,0.40854,0.51163,-0.40447,637.23,506.88,-5064.6,53924
52.595,0,-4.1956,0.26154,0.73319,0.63192,0.41674,0.505,-0.4147,647.01,509.41,-5104.1,53838
52.602,0,-4.255,0.51676,0.43931,0.62514,0.42484,0.49824,-0.42482,660.14,494.73,-5084,54009
52.609,0,-4.1988,0.20006,0.59493,0.61819,0.43283,0.49134,-0.43483,632.96,483.6,-5082,51806
52.616,0,-4.3622,0.43156,0.73353,0.61108,0.44071,0.48432,-0.44473,653.67,485.52,-5078.2,54917
52.624,0,-4.3198,0.33612,0.54063,0.6038,0.44848,0.47718,-0.45452,647.13,498.76,-5102.8,52996
52.631,0,-4.2328,0.4992,0.49327,0.59637,0.45614,0.4699,-0.46419,642.61,488.66,-5078.3,53981
52.638,0,-4.3499,0.39499,0.50147,0.58878,0.46367,0.46251,-0.47374,648.65,502.81,-5084.6,54133
52.645,0,-4.5384,0.51086,0.54314,0.58103,0.47109,0.45499,-0.48317,624.01,492.18,-5087.5,53010
52.652,0,-4.4983,0.36896,0.49682,0.57313,0.47839,0.44735,-0.49248,618,500.47,-5090.6,53301
52.659,0,-4.6113,0.52377,0.58375,0.56508,0.48557,0.43959,-0.50166,647.25,488.45,-5084.3,53184
52.666,0,-4.5384,0.47989,0.54243,0.55688,0.49262,0.43172,-0.51071,633.56,495.19,-5084.8,53129
52.673,0,-4.5548,0.22719,0.36455,0.54853,0.49955,0.42373,-0.51963,656.74,478.01,-5089.4,53702
52.68,0,-4.5809,0.56862,0.27106,0.54004,0.50635,0.41563,-0.52841,646.34,494.02,-5069.4,53457
52.687,0,-4.5824,0.45567,0.31278,0.53141,0.51302,0.40742,-0.53705,653.17,492.74,-5083.4,52500
52.694,0,-4.5105,0.40853,0.3107,0.52263,0.51955,0.3991,-0.54556,667.95,511.6,-5072,53766
52.701,0,-4.5083,0.69278,0.40758,0.51371,0.52596,0.39068,-0.55393,653.22,504.46,-5075.8,52201
52.708,0,-4.6857,0.54663,0.4525,0.50466,0.53223,0.38215,-0.56215,638.33,495.87,-5057.5,52112
52.715,0,-4.5037,0.5644,0.32861,0.49548,0.53836,0.37352,-0.57023,649.81,487.31,-5066.1,54333
52.722,0,-4.7081,0.36495,0.24601,0.48616,0.54435,0.36479,-0.57815,636.34,475.65,-5086,54134
52.729,0,-4.4986,0.45818,0.38538,0.47671,0.5502,0.35596,-0.58593,648.51,505.56,-5059.5,53954
52.736,0,-4.5702,0.514,0.22722,0.46714,0.55591,0.34704,-0.59356,659.08,493.12,-5082.4,54210
52.743,0,-4.6147,0.70032,0.24938,0.45744,0.56147,0.33802,-0.60103,657.62,503.19,-5070.3,53635
52.75,0,-4.535,0.38822,0.3437,0.44762,0.56689,0.32892,-0.60834,650.81,508.89,-5049.2,53943
52.757,0,-4.6117,0.57628,0.10907,0.43768,0.57217,0.31972,-0.6155,650.5,496.32,-5084.6,54257
52.764,0,-4.5086,0.61554,-0.12133,0.42763,0.57729,0.31044,-0.62249,640.62,488.88,-5054.5,52911
52.771,0,-4.5532,0.61252,0.16367,0.41746,0.58227,0.30107,-0.62933,642.87,489.3,-5071.7,52803
52.778,0,-4.6697,0.44673,0.2697,0.40717,0.58709,0.29162,-0.636,642.76,497.47,-5051.2,53247
52.786,0,-4.502,0.51941,0.097314,0.39678,0.59176,0.28209,-0.6425,628.46,485.5,-5067,54283
52.793,0,-4.4385,0.49126,0.1841,0.38629,0.59628,0.27249,-0.64883,649.29,481.24,-5075.9,54653
52.8,0,-4.7341,0.58789,0.14211,0.37569,0.60064,0.26281,-0.655,656.57,499.34,-5068.2,53593
52.807,0,-4.6146,0.49563,0.10722,0.36499,0.60485,0.25306,-0.66099,650.37,499.76,-5040.8,54036
52.814,0,-4.7597,0.49646,0.14081,0.35419,0.60889,0.24324,-0.66681,624.84,517.64,-5052.6,53639
52.821,1,-4.6145,0.61662,0.12462,0.3433,0.61278,0.23335,-0.67245,622.04,507.13,-5054.7,53909
52.828,0,-4.4755,0.57801,0.08406,0.33231,0.61651,0.2234,-0.67792,639.12,501.14,-5061.3,52859
52.835,0,-4.59,0.57818,0.028361,0.32124,0.62008,0.21338,-0.68321,645.4,502.25,-5050.5,53048
52.842,0,-4.4725,0.51338,0.069024,0.31008,0.62348,0.20331,-0.68832,647.28,493.49,-5044.7,53064
52.849,0,-4.6675,0.61081,-0.085831,0.29884,0.62672,0.19318,-0.69325,648.06,500.29,-5047.6,53275
52.856,0,-4.4731,0.5317,0.10921,0.28751,0.6298,0.18299,-0.698,643.92,475.05,-5031.3,55686
52.863,0,-4.683,0.41352,0.019699,0.27611,0.63271,0.17276,-0.70257,675.18,498.86,-5029.2,52471
52.87,0,-4.5298,0.51669,0.081915,0.26463,0.63545,0.16247,-0.70695,653.93,509.45,-5028.5,51482
52.877,0,-4.4748,0.38913,0.015166,0.25308,0.63803,0.15214,-0.71114,665.8,502.33,-5043,52415
52.884,0,-4.7039,0.6116,-0.16394,0.24147,0.64044,0.14177,-0.71515,655.91,490.73,-5037.1,53835
52.891,0,-4.3572,0.59255,0.015192,0.22979,0.64267,0.13135,-0.71897,640.77,484.78,-5052,53541
52.898,0,-4.542,0.40767,-0.14522,0.21804,0.64475,0.1209,-0.7226,649.81,489.1,-5030,54378
52.905,0,-4.5287,0.68386,0.034956,0.20624,0.64664,0.11041,-0.72603,637.51,500.09,-5043.6,51876
52.912,0,-4.6016,0.47951,-0.061722,0.19438,0.64837,0.099889,-0.72928,653.14,507.75,-5039.3,54981
52.919,0,-4.5148,0.39228,-0.10478,0.18246,0.64993,0.089338,-0.73234,667.87,516.56,-5025.3,53441
52.926,0,-4.6295,0.57868,-0.093623,0.1705,0.65132,0.07876,-0.7352,641.52,491.11,-5016.2,54413
52.933,0,-4.6444,0.43312,-0.21696,0.15849,0.65253,0.068158,-0.73786,660.71,497.47,-5038.8,53665
52.94,0,-4.6061,0.49638,-0.19001,0.14644,0.65357,0.057535,-0.74033,655.57,486.6,-5053.4,54321
52.948,0,-4.7135,0.25677,-0.22728,0.13434,0.65443,0.046893,-0.74261,643.35,507.16,-5034.4,53365
52.955,0,-4.4774,0.27881,-0.38017,0.12221,0.65513,0.036235,-0.74469,649.14,498.76,-5041.4,55891
52.962,0,-4.5704,0.63673,-0.36703,0.11004,0.65564,0.025564,-0.74657,661.18,496.72,-5036.1,53986
52.969,0,-4.571,0.61362,-0.26799,0.097847,0.65599,0.014884,-0.74825,668.8,500.26,-5013.2,54184
52.976,0,-4.612,0.23971,-0.40657,0.085622,0.65616,0.004196,-0.74974,646.44,488.6,-5020.6,53005
52.983,0,-4.7291,0.35377,-0.010449,0.073373,0.65615,-0.0064961,-0.75103,657.78,501.8,-5016.4,54041
52.99,0,-4.5156,0.42532,-0.29242,0.061102,0.65597,-0.01719,-0.75211,650.28,492.59,-5009.5,54490
52.997,0,-4.5854,0.39665,-0.37402,0.048814,0.65561,-0.027882,-0.753,653.53,497.9,-5015.7,53913
53.004,0,-4.6078,0.32657,-0.21788,0.03651,0.65508,-0.03857,-0.75369,658.69,524.14,-5019.6,51633
53.011,0,-4.4415,0.38426,-0.33426,0.024195,0.65438,-0.049251,-0.75418,647.66,507.91,-5016.7,53082
53.018,0,-4.4653,0.426,-0.24504,0.011872,0.65349,-0.059922,-0.75446,629.74,493.02,-5009.1,52627
53.025,0,-4.4521,0.089041,-0.50679,-0.00045674,0.65244,-0.07058,-0.75455,652.11,496.62,-5013.8,51758
53.032,0,-4.4538,0.18559,-0.49433,-0.012787,0.65121,-0.081222,-0.75443,641.7,497.69,-5008.7,53361
53.039,0,-4.4865,0.25794,-0.35442,-0.025116,0.6498,-0.091846,-0.75412,645.28,498.46,-5024.3,52454
53.046,0,-4.5139,0.22348,-0.37405,-0.03744,0.64822,-0.10245,-0.7536,651.6,497.98,-4991.4,54572
53.053,0,-4.7003,0.35717,-0.39066,-0.049756,0.64647,-0.11303,-0.75288,660.16,497.78,-4995,53914
53.06,0,-4.5182,0.1698,-0.52102,-0.06206,0.64454,-0.12358,-0.75196,653.18,505.06,-5022.1,53845
53.067,0,-4.5895,0.2522,-0.52487,-0.07435,0.64244,-0.1341,-0.75084,630.47,511.71,-5014.8,54186
53.074,0,-4.4062,0.11856,-0.57765,-0.086623,0.64017,-0.14458,-0.74952,643.43,517.85,-4999.4,53709
53.081,0,-4.6165,0.16892,-0.41585,-0.098874,0.63772,-0.15503,-0.74799,627.39,490.75,-5000.8,53088
53.088,0,-4.6249,0.028245,-0.32637,-0.1111,0.63511,-0.16545,-0.74627,635.88,512.51,-5000.2,54410
53.095,0,-4.4831,0.20034,-0.54441,-0.1233,0.63232,-0.17582,-0.74435,655.23,484.83,-5006.3,53992
53.102,0,-4.4422,0.056506,-0.38904,-0.13547,0.62936,-0.18614,-0.74223,660.46,504.8,-5011.2,53915
53.11,0,-4.552,0.10249,-0.31759,-0.1476,0.62623,-0.19642,-0.73991,651.99,493.16,-5010.3,53538
53.117,0,-4.5258,0.19721,-0.50794,-0.1597,0.62294,-0.20665,-0.73739,648.13,492.59,-4988.2,55075
53.124,0,-4.5628,-0.031976,-0.46786,-0.17175,0.61947,-0.21683,-0.73467,661.8,500.35,-5004.2,54465
53.131,0,-4.3144,0.167,-0.44312,-0.18377,0.61584,-0.22695,-0.73175,661.89,480.36,-4989.1,56370
53.138,0,-4.4469,-0.044652,-0.54079,-0.19573,0.61204,-0.23701,-0.72864,649.9,502.74,-4990.1,53560
53.145,0,-4.6039,0.15992,-0.43453,-0.20764,0.60808,-0.24702,-0.72533,652.4,500.5,-4988.7,54152
53.152,0,-4.5594,0.049732,-0.57513,-0.2195,0.60395,-0.25695,-0.72183,660.98,502.73,-5005.1,54015
53.159,0,-4.5035,0.07745,-0.5618,-0.23131,0.59966,-0.26683,-0.71813,651.96,501.34,-4996.2,53582
53.166,0,-4.6797,-0.058326,-0.45632,-0.24305,0.5952,-0.27663,-0.71424,647.06,482.42,-4989.7,54403
53.173,0,-4.5305,-0.27163,-0.53807,-0.25473,0.59059,-0.28636,-0.71015,646.72,512.4,-4972.7,53962
53.18,0,-4.4223,-0.091913,-0.47275,-0.26635,0.58581,-0.29601,-0.70587,645.05,502.85,-4998,53744
53.187,0,-4.7665,-0.17668,-0.73218,-0.27789,0.58088,-0.30559,-0.70141,657.03,486.51,-4988.7,54249
53.194,0,-4.5224,-0.096511,-0.71504,-0.28936,0.57579,-0.31509,-0.69675,646.61,501.44,-4983.7,56188
53.201,0,-4.5471,-0.18576,-0.63402,-0.30076,0.57054,-0.3245,-0.6919,644.7,511.96,-4977.6,54490
53.208,0,-4.4,-0.080621,-0.55428,-0.31208,0.56514,-0.33384,-0.68686,659.48,489.47,-4990.3,56507
53.215,0,-4.4632,-0.13815,-0.42099,-0.32331,0.55958,-0.34308,-0.68164,647.25,497.39,-4981.2,52559
53.222,0,-4.4971,-0.097492,-0.49365,-0.33446,0.55387,-0.35223,-0.67624,670.76,483.86,-4964.5,54133
53.229,0,-4.5252,-0.12042,-0.51237,-0.34552,0.54801,-0.36129,-0.67065,655.66,484.69,-4983.3,52431
53.236,0,-4.4698,-0.18575,-0.49005,-0.35649,0.542,-0.37025,-0.66487,650.3,512.59,-4978.3,53359
53.243,0,-4.6718,-0.2469,-0.57187,-0.36737,0.53585,-0.37912,-0.65892,648.85,493.26,-4986.4,54503
53.25,0,-4.4792,-0.31034,-0.50704,-0.37815,0.52955,-0.38789,-0.65279,640.25,504.01,-4972,53055
53.257,0,-4.3922,-0.3237,-0.51544,-0.38882,0.5231,-0.39655,-0.64648,668.14,498.39,-4968.7,54033
53.264,0,-4.7538,-0.37106,-0.41238,-0.3994,0.51651,-0.40511,-0.63999,644.41,512,-4976.9,55503
53.272,0,-4.5,-0.1366,-0.63418,-0.40987,0.50978,-0.41356,-0.63332,640.18,501.01,-4967.4,54816
53.279,0,-4.5607,-0.30721,-0.4657,-0.42023,0.50291,-0.4219,-0.62649,660.68,499.44,-4968.8,53090
53.286,0,-4.4091,-0.32186,-0.5978,-0.43048,0.4959,-0.43013,-0.61948,661.11,503.46,-4974.1,54161
53.293,0,-4.394,-0.35965,-0.4617,-0.44061,0.48876,-0.43824,-0.6123,653.92,502.54,-4961.3,55865
53.3,0,-4.3613,-0.37741,-0.4321,-0.45062,0.48149,-0.44624,-0.60496,665.94,507.2,-4972.3,54090
53.307,0,-4.4071,-0.46701,-0.70787,-0.46052,0.47408,-0.45412,-0.59745,633.77,493.94,-4984.5,54776
53.314,0,-4.4914,-0.47143,-0.44794,-0.47029,0.46654,-0.46188,-0.58977,675.87,513.43,-4971.8,54860
53.321,0,-4.3516,-0.58286,-0.5361,-0.47994,0.45887,-0.46951,-0.58194,658.12,501.57,-4963.7,54720
53.328,0,-4.4927,-0.37109,-0.47275,-0.48945,0.45108,-0.47702,-0.57394,647.99,501.53,-4953.9,55703
53.335,0,-4.5148,-0.4022,-0.2985,-0.49884,0.44317,-0.4844,-0.56579,663.64,501.09,-4975.4,54558
53.342,0,-4.6411,-0.35031,-0.41794,-0.50809,0.43513,-0.49166,-0.55748,660.31,508.3,-4955.4,53134
53.349,0,-4.5535,-0.60019,-0.61422,-0.51721,0.42697,-0.49878,-0.54901,644.64,505.91,-4961.3,54246
53.356,0,-4.6652,-0.56809,-0.50292,-0.52618,0.4187,-0.50576,-0.5404,652.78,511.92,-4966,54383
53.363,0,-4.8002,-0.6121,-0.50001,-0.53501,0.41031,-0.51262,-0.53163,639.85,498.69,-4963.5,54747
53.37,0,-4.8709,-0.55208,-0.61346,-0.5437,0.4018,-0.51933,-0.52272,637.9,499.58,-4954.8,54002
53.377,0,-4.8593,-0.68466,-0.20362,-0.55225,0.39319,-0.5259,-0.51367,658.08,499.55,-4971.5,54057
53.384,0,-4.8103,-0.49474,-0.1637,-0.56064,0.38446,-0.53234,-0.50447,641.19,506.01,-4961.1,54657
53.391,0,-4.7538,-0.60169,-0.42671,-0.56888,0.37563,-0.53863,-0.49513,648.02,489.86,-4954.5,53591
53.398,0,-4.6433,-0.48748,-0.32749,-0.57697,0.3667,-0.54477,-0.48566,664.96,510.16,-4943.5,53782
53.405,0,-4.7152,-0.59151,-0.32728,-0.5849,0.35766,-0.55077,-0.47605,646.17,505.61,-4961.7,54744
53.412,0,-4.9083,-0.73884,-0.33331,-0.59268,0.34853,-0.55662,-0.4663,640.36,512.47,-4940.9,54955
53.419,0,-4.6763,-0.57328,-0.10044,-0.60029,0.3393,-0.56232,-0.45643,665.25,517.3,-4908.1,54514
53.426,0,-4.7421,-0.6457,-0.20815,-0.60774,0.32997,-0.56787,-0.44644,654.64,489.07,-4935.6,53985
53.434,0,-4.7571,-0.80961,-0.18694,-0.61502,0.32055,-0.57326,-0.43631,664.54,506.55,-4928.1,55828
53.441,0,-5.0044,-0.49187,-0.20996,-0.62214,0.31104,-0.5785,-0.42607,643.91,491.74,-4949.4,54994
53.448,0,-4.7702,-0.68634,-0.2091,-0.62909,0.30145,-0.58358,-0.41571,638.03,489.82,-4933.4,52783
53.455,0,-4.5939,-0.75079,-0.24396,-0.63586,0.29177,-0.58851,-0.40523,660.46,488.25,-4940.8,56988
53.462,0,-4.5965,-0.6818,-0.21663,-0.64247,0.28201,-0.59327,-0.39464,638.42,495.72,-4978.3,55460
53.469,0,-4.9262,-0.64296,-0.27177,-0.64889,0.27216,-0.59788,-0.38394,642.92,501.68,-4934.9,54397
53.476,0,-4.8178,-0.6026,-0.059241,-0.65515,0.26225,-0.60232,-0.37313,654.6,485.84,-4917.7,54665
53.483,0,-4.7884,-0.65056,-0.022329,-0.66122,0.25225,-0.6066,-0.36221,648.15,497.62,-4931.1,54516
53.49,0,-4.8727,-0.62084,-0.035901,-0.66711,0.24219,-0.61071,-0.3512,654.5,514.17,-4931.3,53712
53.497,0,-4.7489,-0.51918,-0.052353,-0.67282,0.23206,-0.61466,-0.34008,672.93,500.52,-4948.7,54748
53.504,0,-4.9559,-0.62968,-0.078244,-0.67834,0.22186,-0.61844,-0.32888,664.83,502.83,-4931.4,56690
53.511,0,-4.6365,-0.66529,-0.10419,-0.68368,0.2116,-0.62205,-0.31758,632.5,508.73,-4939.1,53662
53.518,0,-4.7583,-0.59769,0.031177,-0.68884,0.20128,-0.62549,-0.30618,657.51,521.92,-4935.2,55230
53.525,1,-4.6306,-0.59716,-0.031832,-0.6938,0.1909,-0.62877,-0.29471,661.93,509.78,-4924,54103
53.532,0,-4.8351,-0.65901,0.060037,-0.69857,0.18047,-0.63187,-0.28315,642.88,494.98,-4925.9,54964
53.539,0,-4.7481,-0.50391,0.2929,-0.70315,0.16998,-0.63479,-0.27151,654.26,501.68,-4922.6,56036
53.546,0,-4.7677,-0.53574,0.22318,-0.70754,0.15944,-0.63755,-0.25979,667.94,509.52,-4933,53645
53.553,0,-4.8881,-0.59787,0.033998,-0.71174,0.14886,-0.64013,-0.248,643.26,486.28,-4912.1,55506
53.56,0,-4.8292,-0.63964,0.13965,-0.71574,0.13823,-0.64253,-0.23614,653.7,512.64,-4927,54350
53.567,0,-5.0526,-0.60611,0.0050911,-0.71954,0.12757,-0.64476,-0.22422,640.89,490.29,-4912.4,53954
53.574,0,-4.7261,-0.59733,0.14691,-0.72314,0.11686,-0.64681,-0.21222,634.61,517.02,-4912.8,54470
53.581,0,-4.8702,-0.51153,0.32669,-0.72655,0.10612,-0.64869,-0.20017,637.96,495.68,-4920.7,54731
53.589,0,-4.8144,-0.34586,0.2597,-0.72975,0.095353,-0.65038,-0.18807,646.02,515.31,-4922.2,55409
53.596,0,-4.7527,-0.45754,0.30993,-0.73276,0.084552,-0.6519,-0.1759,662.16,486.3,-4920.3,54082
53.603,0,-4.7208,-0.57071,0.21487,-0.73556,0.073725,-0.65324,-0.16369,637.03,483.54,-4933.7,54596
53.61,0,-4.8306,-0.7291,0.25685,-0.73816,0.062875,-0.6544,-0.15143,640.97,509.92,-4909.7,54785
53.617,0,-4.8694,-0.48483,0.27976,-0.74056,0.052005,-0.65537,-0.13913,645.85,514.67,-4925.3,54684
53.624,0,-4.717,-0.46313,0.33874,-0.74275,0.041118,-0.65617,-0.12678,678.15,489.32,-4909.7,54033
53.631,0,-4.5529,-0.4394,0.24432,-0.74474,0.030216,-0.65679,-0.1144,668.26,525.36,-4905.1,53486
53.638,0,-4.7617,-0.49585,0.1613,-0.74652,0.019303,-0.65722,-0.10199,643.15,513.36,-4908.9,55215
53.645,0,-4.5975,-0.38837,0.28247,-0.74809,0.0083816,-0.65747,-0.089545,661.85,514.38,-4925.6,55771
53.652,0,-4.795,-0.43881,0.33138,-0.74946,-0.002545,-0.65754,-0.077075,666.33,485.62,-4905.8,54362
53.659,0,-4.9088,-0.26406,0.49941,-0.75062,-0.013474,-0.65743,-0.064581,651.68,504.93,-4915.3,55022
53.666,0,-4.7854,-0.54443,0.45894,-0.75157,-0.024402,-0.65714,-0.052067,643.01,512.27,-4893.5,54167
53.673,0,-4.5536,-0.24202,0.39522,-0.75232,-0.035326,-0.65667,-0.039537,655.26,506.59,-4907.5,54744
53.68,0,-4.792,-0.54327,0.28959,-0.75285,-0.046244,-0.65601,-0.026995,664.76,503.22,-4893.7,53650
53.687,0,-4.7672,-0.41369,0.38906,-0.75318,-0.057151,-0.65517,-0.014443,655.35,509.97,-4899.9,55872
53.694,0,-4.7738,-0.45681,0.35437,-0.7533,-0.068046,-0.65415,-0.0018853,640.02,506.75,-4912.2,55781
53.701,0,-4.862,-0.282,0.55685,-0.75321,-0.078925,-0.65294,0.010675,648.78,486.87,-4912.2,55662
53.708,0,-4.9945,-0.20973,0.40919,-0.75291,-0.089785,-0.65156,0.023233,672.64,498.76,-4895.7,52928
53.715,0,-4.702,-0.4689,0.56227,-0.7524,-0.10062,-0.64999,0.035787,644.93,493.7,-4920,52441
53.722,0,-4.7938,-0.362,0.36168,-0.75168,-0.11144,-0.64824,0.048333,660.58,501.67,-4901.8,55074
53.729,0,-4.8231,-0.26148,0.52237,-0.75076,-0.12222,-0.64632,0.060868,659.83,485.05,-4897.9,53721
53.736,0,-4.7148,-0.13264,0.41078,-0.74962,-0.13297,-0.64421,0.073387,649.68,496.7,-4897.9,55925
53.743,0,-4.9032,-0.17269,0.22863,-0.74828,-0.14369,-0.64192,0.085887,651.24,494.81,-4884,55378
53.751,0,-4.7703,-0.2911,0.53586,-0.74672,-0.15438,-0.63945,0.098366,655.2,475.1,-4897,54069
53.758,0,-4.7987,-0.2066,0.33118,-0.74496,-0.16502,-0.6368,0.11082,666.22,493.88,-4882.8,54867
53.765,0,-4.7549,-0.41222,0.25533,-0.743,-0.17562,-0.63398,0.12324,657.79,505.73,-4880.2,53785
53.772,0,-4.9756,-0.08277,0.4253,-0.74082,-0.18617,-0.63097,0.13563,664.67,499.51,-4886.7,54682
53.779,0,-4.7597,-0.098632,0.49379,-0.73844,-0.19668,-0.62779,0.14799,646.52,499.96,-4861.9,54335
53.786,0,-4.8162,-0.065999,0.48111,-0.73585,-0.20713,-0.62444,0.1603,643.75,481.15,-4864.8,54413
53.793,0,-4.7482,-0.091434,0.46756,-0.73306,-0.21753,-0.62091,0.17258,654.41,503.68,-4887.1,55861
53.8,0,-4.7274,-0.070985,0.67136,-0.73006,-0.22786,-0.6172,0.1848,665.2,512.95,-4871.8,56177
53.807,0,-4.6637,-0.017116,0.46067,-0.72686,-0.23814,-0.61332,0.19698,664.65,495.13,-4881,55952
53.814,0,-4.6407,-0.11949,0.53378,-0.72345,-0.24836,-0.60927,0.2091,659.7,499.75,-4875.1,54090
53.821,0,-4.5537,0.091752,0.31933,-0.71985,-0.25851,-0.60505,0.22117,652.8,530.14,-4872.8,55777
53.828,0,-4.8827,-0.13632,0.58057,-0.71604,-0.26858,-0.60065,0.23318,644.87,493.46,-4861.7,55470
53.835,0,-4.8198,-0.04523,0.5555,-0.71203,-0.27859,-0.59609,0.24512,662.97,510.42,-4858.7,56576
53.842,0,-5.0319,0.15171,0.38911,-0.70782,-0.28852,-0.59136,0.257,644.19,501.36,-4877.1,54166
53.849,0,-4.7964,0.080637,0.48814,-0.70341,-0.29837,-0.58646,0.26881,649.26,500.23,-4871.3,54795
53.856,0,-4.8571,-0.077547,0.71031,-0.6988,-0.30814,-0.5814,0.28054,656.87,495.13,-4889.5,56329
53.863,0,-4.8576,0.070525,0.51885,-0.694,-0.31783,-0.57617,0.2922,662.53,491.95,-4874.4,53377
53.87,0,-4.722,0.34847,0.56256,-0.689,-0.32743,-0.57078,0.30377,653.24,496.59,-4875.1,55969
53.877,0,-4.889,0.1285,0.67152,-0.68381,-0.33694,-0.56523,0.31527,644.65,505.87,-4891.4,57126
53.884,0,-4.7877,0.030437,0.54232,-0.67843,-0.34636,-0.55951,0.32667,666.67,500.89,-4856,55775
53.891,0,-4.8487,0.12493,0.5022,-0.67285,-0.35568,-0.55364,0.33799,671.7,489.44,-4869.6,54880
53.898,0,-4.8847,0.14363,0.48652,-0.66709,-0.36491,-0.54762,0.34921,661.66,492.8,-4857.1,54739
53.905,0,-4.7361,0.12443,0.44617,-0.66114,-0.37404,-0.54143,0.36034,650.3,512.88,-4845.7,54402
53.913,0,-4.944,-0.053016,0.70351,-0.655,-0.38306,-0.5351,0.37137,673.51,508.92,-4861.1,54102
53.92,0,-4.6584,0.11568,0.60125,-0.64868,-0.39198,-0.52861,0.38229,646.24,485.34,-4860.5,55184
53.927,0,-4.9102,0.17285,0.61116,-0.64217,-0.40079,-0.52197,0.39311,650.85,512.83,-4859,55885
53.934,0,-4.6569,0.32014,0.50469,-0.63548,-0.40949,-0.51518,0.40383,647.16,510.7,-4870.5,54679
53.941,0,-4.7824,0.32726,0.49791,-0.62861,-0.41807,-0.50825,0.41443,670.41,504.77,-4850,53524
53.948,0,-4.8343,0.39262,0.42474,-0.62156,-0.42654,-0.50117,0.42491,669.76,517.62,-4857.4,54958
53.955,0,-4.7632,0.23417,0.43312,-0.61434,-0.4349,-0.49395,0.43528,661.8,512.48,-4837.8,56169
53.962,0,-4.7296,0.31538,0.26386,-0.60694,-0.44313,-0.48659,0.44552,661.8,494.54,-4843.4,54782
53.969,0,-4.6487,0.3862,0.32396,-0.59938,-0.45124,-0.47908,0.45564,652.89,501.4,-4844.1,54952
53.976,0,-4.7629,0.56193,0.39632,-0.59164,-0.45922,-0.47145,0.46564,641.71,486.93,-4858.1,54196
53.983,0,-4.7426,0.449,0.5271,-0.58373,-0.46708,-0.46368,0.4755,659.29,497.28,-4833.9,53777
53.99,0,-4.6906,0.24915,0.38499,-0.57565,-0.47481,-0.45577,0.48524,661.1,499.39,-4853.4,56273
53.997,0,-4.7995,0.40594,0.35561,-0.56742,-0.4824,-0.44774,0.49484,658.03,531.3,-4852,54972
54.004,0,-4.8804,0.34992,0.3449,-0.55902,-0.48986,-0.43957,0.50429,662.04,512.01,-4858.1,54131
54.011,0,-4.5315,0.59593,0.36139,-0.55046,-0.49718,-0.43128,0.51361,669.78,481.42,-4838.9,55252
54.018,0,-4.6914,0.4811,0.36137,-0.54174,-0.50437,-0.42287,0.52279,641.66,521.62,-4840,55551
54.025,0,-4.5661,0.61562,0.28799,-0.53287,-0.51141,-0.41434,0.53182,647.5,497.61,-4849.4,55046
54.032,0,-4.8801,0.52235,0.39046,-0.52385,-0.51832,-0.40568,0.5407,683.72,513.46,-4814.8,56914
54.039,0,-4.866,0.46753,0.3806,-0.51467,-0.52507,-0.39691,0.54942,661.08,504.61,-4813.4,54129
54.046,0,-4.8974,0.45741,0.19453,-0.50535,-0.53168,-0.38803,0.558,646.3,486.07,-4840.1,54804
54.053,0,-5.0616,0.43507,0.21197,-0.49589,-0.53814,-0.37903,0.56642,661.1,498.38,-4818,54523
54.06,0,-5.1494,0.72927,0.4213,-0.48628,-0.54445,-0.36993,0.57467,652.21,511.47,-4835.8,57142
54.067,0,-5.1516,0.83298,0.26924,-0.47653,-0.55061,-0.36072,0.58277,670.12,508.39,-4812.9,55627
54.075,0,-5.1595,0.58068,0.32203,-0.46665,-0.55662,-0.3514,0.5907,656.1,500.8,-4813.5,55622
54.082,0,-4.998,0.70161,0.12867,-0.45663,-0.56246,-0.34199,0.59847,656.76,489.28,-4835.1,57095
54.089,0,-5.2654,0.62447,0.32201,-0.44648,-0.56815,-0.33247,0.60607,645.76,495.62,-4826.6,56028
54.096,0,-5.026,0.83927,0.066887,-0.4362,-0.57368,-0.32286,0.6135,638.79,506.01,-4815.3,55305
54.103,0,-4.9282,0.6043,0.25837,-0.4258,-0.57905,-0.31315,0.62075,647.99,512.44,-4831.8,52921
54.11,0,-5.0265,0.76103,0.19345,-0.41527,-0.58426,-0.30336,0.62783,653.27,506.46,-4803.8,55584
54.117,0,-5.1542,0.69213,0.10258,-0.40462,-0.5893,-0.29347,0.63473,658.88,519.63,-4825.7,55479
54.124,0,-4.9131,0.57486,0.21708,-0.39386,-0.59417,-0.2835,0.64145,664.18,517.39,-4836.9,55711
54.131,0,-5.1173,0.6955,-0.036284,-0.38298,-0.59888,-0.27345,0.64799,653.14,493.05,-4805.7,55184
54.138,0,-5.2067,0.50639,-0.073759,-0.37199,-0.60342,-0.26332,0.65435,669.03,513.91,-4821.4,54710
54.145,0,-5.0533,0.75691,0.046164,-0.36089,-0.60779,-0.25311,0.66052,653.37,518.11,-4828.1,54093
54.152,0,-4.9537,0.71072,-0.065385,-0.34969,-0.61198,-0.24283,0.6665,654.74,508.28,-4803.9,54869
54.159,0,-5.2509,0.68932,0.13063,-0.33839,-0.61601,-0.23247,0.6723,644.28,513.71,-4810.3,53986
54.166,0,-5.1359,0.55179,0.048346,-0.32699,-0.61986,-0.22205,0.6779,654.97,504.1,-4805,54494
54.173,0,-4.9593,0.60399,-0.079514,-0.31549,-0.62353,-0.21156,0.68332,661.96,514.7,-4815.2,55450
54.18,0,-5.0779,0.74549,-0.12948,-0.3039,-0.62703,-0.20101,0.68853,651.03,512.78,-4828.2,55270
54.187,0,-5.1615,0.55005,-0.14777,-0.29222,-0.63035,-0.1904,0.69355,675.37,504.78,-4815.1,54411
54.194,0,-4.9276,0.64203,-0.18588,-0.28046,-0.63349,-0.17973,0.69838,655.09,485.03,-4803.2,55863
54.201,0,-5.1067,0.46769,-0.024183,-0.26861,-0.63645,-0.16901,0.703,651.83,530.04,-4805.7,56285
54.208,0,-4.964,0.70129,-0.039348,-0.25669,-0.63923,-0.15824,0.70743,663.82,510.32,-4800.4,53355
54.215,0,-4.9468,0.47635,-0.13571,-0.24469,-0.64183,-0.14743,0.71165,676.48,504.75,-4803.4,54298
54.222,0,-5.043,0.65305,-0.13946,-0.23261,-0.64425,-0.13656,0.71567,669.45,504.91,-4795.8,54835
54.229,1,-5.0369,0.66582,-0.32057,-0.22047,-0.64648,-0.12566,0.71949,659.81,525.93,-4791.3,55159
54.237,0,-5.1296,0.67328,-0.20953,-0.20827,-0.64853,-0.11472,0.7231,657.76,490.44,-4820.4,55791
54.244,0,-4.9279,0.65778,-0.31336,-0.196,-0.65039,-0.10374,0.7265,645.36,491.79,-4782.7,56519
54.251,0,-4.8952,0.69719,-0.2435,-0.18367,-0.65207,-0.092732,0.7297,654.01,517.7,-4801.6,56001
54.258,0,-4.9992,0.69442,-0.30619,-0.17129,-0.65357,-0.081694,0.73269,670.31,500.2,-4790.1,55760
54.265,0,-5.0545,0.55824,-0.34121,-0.15886,-0.65488,-0.070631,0.73547,650.3,497.79,-4794.6,55243
54.272,0,-5.0428,0.49262,-0.59865,-0.14638,-0.656,-0.059544,0.73803,661.98,512.61,-4806,56089
54.279,0,-5.0869,0.6241,-0.33505,-0.13386,-0.65693,-0.048438,0.74039,652.32,512.03,-4785.7,53416
54.286,0,-4.9897,0.5553,-0.22077,-0.1213,-0.65768,-0.037316,0.74253,649.05,511.07,-4793,53796
54.293,0,-4.9962,0.75391,-0.38195,-0.1087,-0.65823,-0.02618,0.74447,652.79,518.65,-4778.4,55368
54.3,0,-4.9862,0.43595,-0.37336,-0.096062,-0.6586,-0.015035,0.74618,666.62,513.55,-4795.3,54949
54.307,0,-4.8773,0.51693,-0.41659,-0.083399,-0.65878,-0.0038824,0.74769,642.55,515.81,-4776.6,56246
54.314,0,-5.0274,0.5081,-0.47987,-0.07071,-0.65878,0.0072737,0.74897,666.43,494.63,-4797.9,56055
54.321,0,-5.0426,0.57875,-0.40061,-0.057998,-0.65858,0.01843,0.75005,655.18,516.61,-4791.7,55282
54.328,0,-4.8392,0.42833,-0.51753,-0.045268,-0.65819,0.029584,0.75091,667.45,502.4,-4787,55957
54.335,0,-4.9073,0.40388,-0.35932,-0.032523,-0.65762,0.040732,0.75155,644.76,516.58,-4789.6,56973
54.342,0,-4.9774,0.50184,-0.36657,-0.019767,-0.65685,0.051871,0.75197,659.56,510.19,-4793.8,54557
54.349,0,-5.1249,0.35784,-0.43956,-0.0070034,-0.6559,0.062998,0.75218,661.25,500.79,-4796.6,55960
54.356,0,-5.0009,0.40947,-0.41312,0.0057643,-0.65476,0.074109,0.75217,656.89,494.57,-4775.2,56175
54.363,0,-4.9024,0.49512,-0.47439,0.018532,-0.65343,0.085201,0.75195,663.3,482.73,-4775.8,54267
54.37,0,-4.9118,0.44839,-0.63983,0.031297,-0.65191,0.096272,0.75151,665.73,498.11,-4780.6,55875
54.377,0,-4.9839,0.1748,-0.46419,0.044054,-0.6502,0.10732,0.75085,655.59,518.01,-4764.1,55951
54.384,0,-4.9154,0.50133,-0.58028,0.0568,-0.64831,0.11833,0.74998,657.97,492.25,-4758.3,56456
54.391,0,-4.9473,0.201,-0.40955,0.069532,-0.64623,0.12932,0.74888,652.8,509.49,-4787,55853
54.399,0,-4.9699,0.31363,-0.44723,0.082246,-0.64396,0.14027,0.74758,652.86,511.85,-4765.8,56471
54.406,0,-4.9115,0.45949,-0.64212,0.094938,-0.64151,0.15119,0.74605,669.3,512.87,-4781.5,54028
54.413,0,-4.9909,0.29884,-0.61517,0.1076,-0.63887,0.16206,0.74431,660.15,503.79,-4746.4,57180
54.42,0,-5.0134,0.35777,-0.43308,0.12024,-0.63605,0.17289,0.74236,666.67,498.36,-4773.7,55671
54.427,0,-4.8459,0.026311,-0.511,0.13284,-0.63304,0.18367,0.74019,653.38,500.68,-4776.4,54068
54.434,0,-5.088,0.40915,-0.58213,0.14541,-0.62984,0.1944,0.73781,674.51,514.74,-4752.7,55782
54.441,0,-5.1429,0.22999,-0.58699,0.15794,-0.62647,0.20507,0.73521,639.97,511.21,-4786,56429
54.448,0,-5.1974,0.14175,-0.57166,0.17042,-0.62291,0.2157,0.7324,661.06,496.17,-4757.4,56225
54.455,0,-4.9995,0.16611,-0.57229,0.18286,-0.61917,0.22626,0.72938,636.73,523.91,-4771.9,56464
54.462,0,-4.9536,0.12693,-0.64488,0.19524,-0.61526,0.23675,0.72615,655.29,509.06,-4763.7,57292
54.469,0,-4.9615,0.37803,-0.67949,0.20757,-0.61116,0.24719,0.7227,666.7,512.32,-4757.9,57019
54.476,0,-5.0158,0.069685,-0.60793,0.21984,-0.60688,0.25755,0.71905,668.04,511.11,-4765.6,55424
54.483,0,-4.9774,0.055778,-0.33004,0.23205,-0.60243,0.26784,0.71518,664.94,506.07,-4752,55587
54.49,0,-5.1484,0.0023717,-0.61918,0.2442,-0.59781,0.27806,0.71111,652.48,516.43,-4767.7,57060
54.497,0,-5.0609,-0.10086,-0.65846,0.25627,-0.593,0.28819,0.70684,666.67,521.63,-4750.7,56767
54.504,0,-4.9797,-0.036438,-0.56554,0.26827,-0.58803,0.29825,0.70235,667.2,512.87,-4757.7,56209
54.511,0,-4.8904,-0.10524,-0.65876,0.2802,-0.58288,0.30822,0.69767,644.26,495.8,-4743.5,53617
54.518,0,-4.9768,-0.0041686,-0.54906,0.29204,-0.57756,0.31811,0.69277,665.64,485.05,-4758,55724
54.525,0,-4.8216,-0.11098,-0.58728,0.30381,-0.57208,0.3279,0.68768,653.49,543.86,-4758.8,55503
54.532,0,-4.9168,-0.14523,-0.61954,0.31548,-0.56642,0.33761,0.68239,677.74,501.26,-4743.9,57675
54.539,0,-4.9672,0.04159,-0.57927,0.32707,-0.5606,0.34721,0.6769,641.7,510.32,-4736.1,55106
54.546,0,-5.0013,-0.20842,-0.68091,0.33856,-0.55462,0.35672,0.67121,661.6,514.72,-4733.5,56880
54.553,0,-4.939,-0.27081,-0.62297,0.34996,-0.54847,0.36613,0.66532,668.79,494.92,-4734.9,55499
54.561,0,-4.8693,-0.20013,-0.42281,0.36125,-0.54216,0.37543,0.65925,672.17,523.46,-4753.6,56346
54.568,0,-4.956,-0.24157,-0.53512,0.37245,-0.5357,0.38463,0.65297,661.17,525.71,-4740.3,54538
54.575,0,-5.0049,-0.28504,-0.47006,0.38353,-0.52907,0.39372,0.64651,661.19,519.67,-4752.5,55491
54.582,0,-4.928,-0.10534,-0.5031,0.39451,-0.52229,0.40269,0.63986,652.65,506.17,-4740.3,56455
54.589,0,-4.8852,-0.22493,-0.46448,0.40537,-0.51536,0.41155,0.63302,652.58,513.99,-4744.4,56644
54.596,0,-5.0189,-0.18537,-0.64447,0.41611,-0.50827,0.42029,0.62599,660.4,479.24,-4725.5,55540
54.603,0,-5.0593,-0.47563,-0.45063,0.42674,-0.50103,0.42891,0.61879,646.79,512.36,-4735.5,54990
54.61,0,-4.937,-0.31059,-0.29274,0.43724,-0.49365,0.43741,0.6114,678.11,511.52,-4736.4,56368
54.617,0,-4.8141,-0.32972,-0.45166,0.44762,-0.48612,0.44578,0.60383,678.05,514.42,-4735.9,56443
54.624,0,-4.9838,-0.26602,-0.38707,0.45787,-0.47844,0.45402,0.59608,663.81,519.67,-4740.4,56124
54.631,0,-4.9087,-0.33915,-0.35137,0.46798,-0.47063,0.46213,0.58816,662.96,529.31,-4720.2,55988
54.638,0,-5.0674,-0.27492,-0.41794,0.47796,-0.46267,0.47011,0.58007,661.59,504.99,-4737.8,54429
54.645,0,-4.9847,-0.48252,-0.45071,0.48781,-0.45458,0.47796,0.5718,643.8,520.86,-4751.2,55590
54.652,0,-4.8206,-0.44678,-0.57944,0.49751,-0.44635,0.48567,0.56337,668.04,504.19,-4730.7,55255
54.659,0,-4.8278,-0.4537,-0.56556,0.50706,-0.43799,0.49323,0.55477,662.16,490.49,-4726.1,56823
54.666,0,-5.0002,-0.56014,-0.24738,0.51647,-0.4295,0.50066,0.54601,672.27,510.94,-4725.6,53938
54.673,0,-5.0034,-0.43342,-0.4919,0.52574,-0.42089,0.50793,0.53708,659.12,493.66,-4722.7,54658
54.68,0,-4.8888,-0.56412,-0.3556,0.53484,-0.41214,0.51507,0.528,667.48,513.24,-4728,56469
54.687,0,-4.7422,-0.50335,-0.41344,0.5438,-0.40328,0.52205,0.51876,673.55,515.06,-4723.1,56295
54.694,0,-4.7993,-0.45761,-0.27565,0.55259,-0.39429,0.52888,0.50937,673.89,510.28,-4719,55680
54.701,0,-4.778,-0.475,-0.2988,0.56122,-0.38519,0.53556,0.49983,653.41,514.03,-4709,56737
54.708,0,-4.9883,-0.75021,-0.36847,0.5697,-0.37597,0.54208,0.49014,660.07,506.57,-4712.5,55860
54.715,0,-4.9076,-0.48097,-0.25889,0.578,-0.36664,0.54845,0.48031,674.48,514.4,-4706.6,57063
54.723,0,-4.9235,-0.48744,-0.28647,0.58614,-0.3572,0.55465,0.47033,676.82,517.05,-4705.3,56793
54.73,0,-4.7283,-0.66512,-0.039519,0.5941,-0.34765,0.5607,0.46021,660.81,510.86,-4719.8,55655
54.737,0,-4.8048,-0.5433,-0.29155,0.6019,-0.338,0.56658,0.44996,647.44,512.39,-4702.4,57017
54.744,0,-5.0614,-0.54468,-0.072989,0.60951,-0.32825,0.5723,0.43957,670.68,495.57,-4709.3,54619
54.751,0,-4.9361,-0.6459,-0.073442,0.61695,-0.3184,0.57785,0.42905,674.74,512.7,-4711.7,57668
54.758,0,-4.9995,-0.57909,-0.45415,0.62421,-0.30845,0.58323,0.4184,648.01,507.36,-4710.1,57048
54.765,0,-4.8936,-0.66036,-0.040896,0.63129,-0.29841,0.58844,0.40763,644.4,509.15,-4704.3,54447
54.772,0,-4.8933,-0.63008,-0.083129,0.63818,-0.28828,0.59348,0.39674,641.24,534.82,-4704.6,57844
54.779,0,-4.9018,-0.63387,-0.027026,0.64488,-0.27807,0.59835,0.38573,675.27,511.71,-4699.5,57832
54.786,0,-4.8943,-0.69856,-0.25034,0.6514,-0.26776,0.60304,0.3746,658.37,532.9,-4696.8,55988
54.793,0,-5.0588,-0.55174,-0.12169,0.65773,-0.25738,0.60755,0.36336,661.29,513.02,-4709.8,55674
54.8,0,-4.8554,-0.7012,-0.20513,0.66386,-0.24692,0.61189,0.35201,674.12,499.68,-4707.6,56109
54.807,0,-4.7824,-0.47913,-0.21619,0.6698,-0.23639,0.61605,0.34056,674.72,513.64,-4700.2,55145
54.814,0,-4.8501,-0.73963,-0.09521,0.67554,-0.22578,0.62002,0.329,675.94,512.81,-4705.4,56522
54.821,0,-4.8019,-0.66122,-0.1387,0.68108,-0.2151,0.62382,0.31735,652.55,500.71,-4699.2,54492
54.828,0,-4.9428,-0.69573,-0.10381,0.68642,-0.20436,0.62743,0.3056,668.09,508.93,-4709.4,57074
54.835,0,-4.9094,-0.70192,0.091057,0.69156,-0.19356,0.63086,0.29376,666.12,515.12,-4684,57068
54.842,0,-4.6813,-0.54346,0.14686,0.6965,-0.1827,0.6341,0.28182,668.64,507.9,-4665.7,56004
54.849,0,-4.9014,-0.78412,0.092796,0.70123,-0.17178,0.63716,0.26981,666.54,511.2,-4682.3,57696
54.856,0,-4.9082,-0.58384,0.045808,0.70576,-0.1608,0.64003,0.25771,667.47,507.13,-4693.9,57593
54.863,0,-4.8509,-0.69784,0.17214,0.71007,-0.14978,0.64271,0.24553,655.56,517.4,-4689.7,53891
54.87,0,-4.9166,-0.58307,0.14599,0.71418,-0.13871,0.6452,0.23328,679.88,506.89,-4693.1,57769
54.878,0,-4.904,-0.57873,0.37327,0.71808,-0.1276,0.6475,0.22096,661.94,508.53,-4677.1,57725
54.885,0,-5.1517,-0.66514,0.2354,0.72176,-0.11645,0.64962,0.20857,677.31,522.5,-4681.8,56208
54.892,0,-5.064,-0.51924,0.2695,0.72523,-0.10526,0.65154,0.19612,669.88,492.55,-4681.1,57424
54.899,0,-5.103,-0.61975,0.24709,0.72849,-0.094033,0.65326,0.1836,668.32,533.62,-4688.2,55741
54.906,0,-4.971,-0.4242,0.42993,0.73153,-0.082779,0.6548,0.17103,656.83,504.42,-4686.9,56084
54.913,0,-5.0774,-0.55221,0.32843,0.73435,-0.071499,0.65614,0.15841,658.35,523.69,-4680.2,56875
54.92,0,-5.0864,-0.65192,0.34871,0.73696,-0.060195,0.65729,0.14574,656.02,505.9,-4687,56932
54.927,0,-5.1908,-0.62332,0.2832,0.73935,-0.048871,0.65824,0.13302,681.32,504.2,-4688,56458
54.934,1,-5.0254,-0.67369,0.41214,0.74152,-0.03753,0.659,0.12026,679.49,536.78,-4676.3,55606
54.941,0,-4.994,-0.51957,0.22792,0.74347,-0.026175,0.65956,0.10746,665.49,504.5,-4666.6,57901
54.948,0,-5.207,-0.54548,0.32771,0.7452,-0.014811,0.65993,0.094632,668.21,490.71,-4681,57540
54.955,0,-4.7279,-0.38129,0.33569,0.74671,-0.0034388,0.6601,0.08177,658.32,514.36,-4662,56361
54.962,0,-5.0961,-0.51362,0.25864,0.74799,0.0079363,0.66008,0.068883,659.94,504.07,-4649.8,57241
54.969,0,-4.9388,-0.44315,0.38682,0.74905,0.019312,0.65986,0.055973,653.44,525.64,-4668.4,56669
54.976,0,-5.0401,-0.56005,0.64002,0.74989,0.030684,0.65944,0.043044,670.02,527.68,-4661,56426
54.983,0,-5.0522,-0.40015,0.63228,0.75051,0.042049,0.65883,0.030101,660.84,514.77,-4670,55145
54.99,0,-5.2007,-0.35821,0.60359,0.75091,0.053404,0.65802,0.017146,657.06,504.38,-4660.8,57422
54.997,0,-5.0968,-0.30344,0.4655,0.75108,0.064746,0.65702,0.0041848,670.54,526.71,-4656.2,54887
55.004,0,-5.1508,-0.25854,0.61505,0.75102,0.076071,0.65582,-0.0087801,660.68,501.8,-4652.8,56875
55.011,0,-5.2061,-0.2558,0.49022,0.75074,0.087376,0.65443,-0.021744,661.12,504.69,-4677,55779
55.018,0,-5.1001,-0.33969,0.57951,0.75024,0.098657,0.65284,-0.034704,655.7,506.31,-4665.6,57355
55.025,0,-5.1902,-0.31035,0.72514,0.74952,0.10991,0.65106,-0.047656,661.81,510.34,-4670.5,56454
55.032,0,-5.1612,-0.39511,0.65696,0.74857,0.12114,0.64908,-0.060595,663.3,517.95,-4660.5,54470
55.04,0,-5.0734,-0.25128,0.56391,0.74739,0.13233,0.64691,-0.073518,671.19,528.5,-4655,56781
55.047,0,-5.1892,-0.45693,0.68568,0.74599,0.14348,0.64454,-0.086421,677.8,500.59,-4640.7,57365
55.054,0,-5.1151,-0.25818,0.46496,0.74437,0.15459,0.64199,-0.0993,682.6,485.4,-4656.4,58085
55.061,0,-5.2477,-0.43059,0.46918,0.74253,0.16566,0.63924,-0.11215,667.27,513.78,-4633.3,57394
55.068,0,-5.2488,-0.1082,0.65407,0.74047,0.17669,0.6363,-0.12497,665.06,511.19,-4648,57734
55.075,0,-5.1434,-0.091283,0.59876,0.73818,0.18766,0.63317,-0.13776,674.96,529.95,-4649.3,56511
55.082,0,-5.1584,-0.15765,0.74655,0.73567,0.19858,0.62985,-0.1505,660.13,487.98,-4641.9,55585
55.089,0,-5.1471,-0.19124,0.65181,0.73294,0.20944,0.62634,-0.1632,670.31,526.84,-4642.8,56999
55.096,0,-5.2485,-0.11198,0.58475,0.72999,0.22024,0.62264,-0.17586,652.09,529.7,-4633.1,58054
55.103,0,-5.1009,-0.17942,0.66922,0.72682,0.23098,0.61876,-0.18846,660.62,515.04,-4646.5,55855
55.11,0,-5.1207,0.079323,0.71685,0.72344,0.24165,0.61469,-0.20101,660.7,511.4,-4640.9,56413
55.117,0,-5.1741,-0.20846,0.67759,0.71983,0.25225,0.61043,-0.2135,663.57,502.95,-4645.5,56850
55.124,0,-5.1102,-0.005038,0.61843,0.71601,0.26278,0.60599,-0.22593,664.77,496.15,-4632.1,55633
55.131,0,-5.3071,-0.04074,0.71742,0.71198,0.27323,0.60137,-0.23829,669.79,506.18,-4641.2,54681
55.138,0,-5.0717,-0.021666,0.65165,0.70773,0.28361,0.59657,-0.25059,671.38,506.73,-4638.3,56340
55.145,0,-5.325,-0.010589,0.70646,0.70327,0.2939,0.59159,-0.2628,679.8,505.87,-4629.7,55474
55.152,0,-5.2259,0.14175,0.61559,0.69859,0.3041,0.58643,-0.27495,658.17,500.23,-4624.2,56239
55.159,0,-5.2481,-0.037826,0.7164,0.69371,0.31421,0.58109,-0.28701,686.13,516.15,-4623.5,57155
55.166,0,-5.3205,0.065096,0.592,0.68861,0.32424,0.57558,-0.29899,658.57,499.14,-4646.4,57754
55.173,0,-5.3369,0.00055674,0.75047,0.68331,0.33417,0.56989,-0.31087,660.81,507.06,-4621,57873
55.18,0,-5.2295,0.10383,0.6524,0.6778,0.344,0.56403,-0.32267,666.51,505.03,-4626.6,55918
55.187,0,-5.3166,0.24779,0.58903,0.67209,0.35373,0.558,-0.33437,658.75,518.65,-4609.4,56778
55.194,0,-5.2919,0.12902,0.66039,0.66618,0.36335,0.5518,-0.34597,664.33,513.95,-4622,57102
55.202,0,-5.2899,0.030468,0.668,0.66006,0.37287,0.54544,-0.35747,654,508,-4652,56852
55.209,0,-5.4571,0.28466,0.61762,0.65375,0.38228,0.5389,-0.36887,660.85,499.25,-4604.8,57011
55.216,0,-5.2893,0.13326,0.66423,0.64723,0.39157,0.53221,-0.38015,678,511.33,-4625.7,58268
55.223,0,-5.2991,0.26225,0.66871,0.64052,0.40075,0.52535,-0.39132,671.36,512.3,-4613.9,55706
55.23,0,-5.1636,0.3409,0.49456,0.63362,0.40981,0.51833,-0.40238,660.07,496.9,-4616.5,57824
55.237,0,-5.1756,0.25244,0.62301,0.62652,0.41875,0.51116,-0.41331,679.26,499.17,-4609.6,57245
55.244,0,-5.3232,0.25093,0.49069,0.61924,0.42757,0.50383,-0.42413,656.66,508.5,-4592.9,57033
55.251,0,-5.5362,0.17052,0.60461,0.61177,0.43626,0.49635,-0.43481,660.87,500.1,-4619.8,57647
55.258,0,-5.4411,0.38236,0.54791,0.60411,0.44482,0.48871,-0.44537,670.06,511.85,-4627.5,58585
55.265,0,-5.2166,0.37768,0.52125,0.59627,0.45324,0.48093,-0.45579,663.86,514.65,-4620.4,57175
55.272,0,-5.6159,0.27737,0.40601,0.58824,0.46153,0.473,-0.46608,665.02,518.71,-4625,57700
55.279,0,-5.2056,0.33439,0.46103,0.58004,0.46969,0.46492,-0.47623,687.96,516.88,-4612.4,58451
55.286,0,-5.3395,0.61038,0.6417,0.57167,0.4777,0.4567,-0.48623,676.78,517.92,-4597.1,56680
55.293,0,-5.387,0.43492,0.4403,0.56311,0.48557,0.44835,-0.49609,668.41,511.28,-4625.3,56645
55.3,0,-5.3266,0.53256,0.49325,0.55439,0.4933,0.43985,-0.5058,671.15,513.38,-4607.6,54897
55.307,0,-5.5038,0.43773,0.45371,0.5455,0.50088,0.43122,-0.51536,649.26,503.42,-4614.2,58118
55.314,0,-5.4729,0.47883,0.37091,0.53644,0.50831,0.42246,-0.52476,664.14,515.83,-4600.6,57096
55.321,0,-5.6687,0.58508,0.52933,0.52722,0.51559,0.41357,-0.53401,679.19,496.85,-4597.1,56634
55.328,0,-5.4971,0.42278,0.39863,0.51784,0.52271,0.40455,-0.5431,659.57,516.05,-4584.6,56332
55.335,0,-5.2686,0.56476,0.41287,0.5083,0.52968,0.39541,-0.55202,655.7,510.43,-4588.3,58167
55.342,0,-5.2559,0.55445,0.27394,0.49861,0.53649,0.38614,-0.56078,650.88,523.84,-4603.8,57205
55.349,0,-5.2771,0.57303,0.29845,0.48876,0.54313,0.37676,-0.56936,656.78,507.57,-4593.6,57466
55.356,0,-5.4064,0.65094,0.17126,0.47876,0.54962,0.36726,-0.57778,672.48,521.71,-4593,56958
55.364,0,-5.4036,0.66553,0.22574,0.46862,0.55593,0.35764,-0.58602,679.63,505.26,-4584.8,58075
55.371,0,-5.3935,0.5163,0.24255,0.45833,0.56209,0.34792,-0.59409,664.54,517.81,-4590.8,57318
55.378,0,-5.5255,0.6253,0.21664,0.44791,0.56807,0.33809,-0.60198,689.96,524.05,-4595.2,57113
55.385,0,-5.5157,0.72328,0.0063913,0.43734,0.57388,0.32815,-0.60968,662.08,499.69,-4596.5,56797
55.392,0,-5.5451,0.58876,0.25794,0.42664,0.57952,0.31811,-0.6172,664.52,521.27,-4580.8,59450
55.399,0,-5.6441,0.66651,0.24825,0.41581,0.58498,0.30797,-0.62454,671.1,495.66,-4598.9,55752
55.406,0,-5.4833,0.54728,0.1791,0.40486,0.59027,0.29774,-0.63168,677.49,527.93,-4580.1,58949
55.413,0,-5.4432,0.28136,0.31787,0.39378,0.59538,0.28742,-0.63864,678.54,500.1,-4587.1,59483
55.42,0,-5.4738,0.49229,0.061015,0.38257,0.6003,0.277,-0.6454,662.54,519.38,-4590.6,55013
55.427,0,-5.595,0.82929,-0.11191,0.37125,0.60505,0.2665,-0.65197,655.25,522.25,-4571.5,58286
55.434,0,-5.6362,0.78969,0.069628,0.35982,0.60962,0.25591,-0.65834,678.64,508.25,-4571.6,57071
55.441,0,-5.5953,0.78837,0.10591,0.34827,0.614,0.24525,-0.66451,655.86,510.73,-4583.4,55504
55.448,0,-5.5736,0.6296,0.057443,0.33662,0.61819,0.23451,-0.67047,678.25,527.63,-4591.6,57624
55.455,0,-5.726,0.66056,-0.090905,0.32486,0.6222,0.22369,-0.67624,659.44,494.8,-4574,54460
55.462,0,-5.6256,0.70682,-0.18439,0.313,0.62601,0.21281,-0.6818,654.89,514.22,-4593.7,59016
55.469,0,-5.359,0.60853,-0.070147,0.30105,0.62964,0.20185,-0.68715,672.14,504.66,-4569.1,57093
55.476,0,-5.6262,0.58065,-0.16498,0.289,0.63308,0.19084,-0.69229,659.47,510.53,-4597.9,58296
55.483,0,-5.4752,0.69625,-0.0095031,0.27686,0.63633,0.17976,-0.69723,668.17,522.84,-4567.4,57345
55.49,0,-5.5614,0.75047,-0.22638,0.26464,0.63938,0.16862,-0.70195,673.09,511.18,-4554,57340
55.497,0,-5.6566,0.73955,-0.050747,0.25233,0.64223,0.15744,-0.70646,662.83,523.47,-4572.6,57977
55.504,0,-5.5491,0.69753,-0.20701,0.23994,0.6449,0.1462,-0.71075,665.77,520.58,-4560.3,57613
55.511,0,-5.5897,0.74601,-0.25364,0.22748,0.64736,0.13491,-0.71482,674.21,502.33,-4587.2,57567
55.518,0,-5.5894,0.53559,-0.31284,0.21495,0.64963,0.12359,-0.71868,665.96,515.02,-4568.7,58129
55.526,0,-5.604,0.70469,-0.28086,0.20235,0.6517,0.11222,-0.72232,666.69,526.46,-4564.3,57304
55.533,0,-5.5449,0.67977,-0.31554,0.18969,0.65357,0.10081,-0.72574,669.23,518.31,-4573.2,57238
55.54,0,-5.6733,0.65689,-0.30315,0.17697,0.65525,0.089373,-0.72893,666.84,510.01,-4565.1,57541
55.547,0,-5.5035,0.77033,-0.21259,0.16419,0.65672,0.077906,-0.73191,679.19,510.32,-4555.9,57655
55.554,0,-5.7764,0.68617,-0.31829,0.15136,0.65799,0.066412,-0.73466,659.02,508.98,-4550.7,58395
55.561,0,-5.6625,0.48492,-0.40731,0.13848,0.65906,0.054895,-0.73719,670.05,502.1,-4578.1,58898
55.568,0,-5.4921,0.6599,-0.35523,0.12556,0.65994,0.04336,-0.73949,654.01,505.04,-4555,56899
55.575,0,-5.6486,0.62708,-0.3359,0.1126,0.6606,0.031809,-0.74156,693.66,505.43,-4571.8,57517
55.582,0,-5.5939,0.62597,-0.4844,0.099599,0.66107,0.020246,-0.74341,638.32,507.88,-4556.2,57018
55.589,0,-5.5535,0.60678,-0.47035,0.086568,0.66134,0.0086743,-0.74503,671.83,503.09,-4548.8,56037
55.596,0,-5.744,0.37397,-0.54545,0.073509,0.6614,-0.0029021,-0.74642,659.96,512.15,-4564.6,56749
55.603,0,-5.6773,0.60585,-0.47714,0.060426,0.66126,-0.01448,-0.74758,685.13,513.55,-4556.7,57037
55.61,0,-5.5677,0.40627,-0.64219,0.047322,0.66091,-0.026056,-0.74851,675.6,517.29,-4555.7,57958
55.617,0,-5.8166,0.43686,-0.46643,0.034202,0.66037,-0.037625,-0.74922,662.89,498.61,-4553,56042
55.624,0,-5.5308,0.48145,-0.46274,0.021069,0.65962,-0.049186,-0.74969,661.72,508.05,-4539.1,57853
55.631,0,-5.6524,0.36539,-0.52816,0.0079284,0.65867,-0.060734,-0.74993,662.05,524.36,-4556,57016
55.638,1,-5.5523,0.42106,-0.52053,-0.0052164,0.65752,-0.072265,-0.74995,662.73,502.61,-4556.8,55892
55.645,0,-5.4745,0.36847,-0.54089,-0.018361,0.65616,-0.083776,-0.74973,668.89,543.67,-4541.3,55981
55.652,0,-5.6944,0.3906,-0.63402,-0.031503,0.65461,-0.095264,-0.74928,657.41,500.32,-4556.4,57424
55.659,0,-5.4065,0.49425,-0.45282,-0.044636,0.65285,-0.10673,-0.7486,666.88,517.88,-4535.5,57063
55.666,0,-5.0097,0.42139,-0.81118,-0.057757,0.65089,-0.11816,-0.74769,659.68,509.17,-4556.3,56203
55.673,0,-5.0862,0.4101,-0.70045,-0.070862,0.64873,-0.12955,-0.74655,664.46,502.33,-4532.5,59469
55.68,0,-5.102,0.31807,-0.72201,-0.083947,0.64637,-0.14091,-0.74518,659.76,505.41,-4530.5,57893
55.688,0,-5.0517,0.29828,-0.58857,-0.097008,0.64382,-0.15223,-0.74358,660.35,501.84,-4534.7,54937
55.695,0,-5.0949,0.14858,-0.57147,-0.11004,0.64106,-0.1635,-0.74175,650.91,520.82,-4532.1,56786
55.702,0,-5.1719,0.25578,-0.62147,-0.12304,0.63811,-0.17473,-0.7397,659.31,510.47,-4527.3,58052
55.709,0,-5.0886,0.19317,-0.65507,-0.13601,0.63496,-0.1859,-0.73741,667.88,520.09,-4524.7,58022
55.716,0,-5.2057,0.23802,-0.63533,-0.14893,0.63161,-0.19702,-0.7349,666.17,508.09,-4533.8,58705
55.723,0,-5.1665,0.26698,-0.66416,-0.16181,0.62807,-0.20808,-0.73215,662.84,494.6,-4526.3,57247
55.73,0,-4.9988,0.21975,-0.73814,-0.17464,0.62433,-0.21907,-0.72919,671.03,506.34,-4537.4,56503
55.737,0,-5.1466,0.13137,-0.74225,-0.18742,0.6204,-0.23001,-0.72599,672.84,516.6,-4543.8,57813
55.744,0,-5.1749,0.21608,-0.65033,-0.20015,0.61628,-0.24087,-0.72258,662.34,505.95,-4524.7,58727
55.751,0,-5.1958,0.23046,-0.64804,-0.21281,0.61197,-0.25166,-0.71894,653.63,531.29,-4528.8,58250
55.758,0,-5.3561,0.035895,-0.72509,-0.22541,0.60747,-0.26238,-0.71507,647.63,509.77,-4514.3,59698
55.765,0,-5.2444,0.0042368,-0.6968,-0.23794,0.60278,-0.27302,-0.71099,670.67,520.72,-4512.5,58887
55.772,0,-5.1407,-0.16307,-0.61241,-0.2504,0.5979,-0.28357,-0.70668,661.57,521.47,-4523.4,56996
55.779,0,-5.2493,-0.014931,-0.68215,-0.26279,0.59284,-0.29404,-0.70215,670.71,538.56,-4518.7,58998
55.786,0,-5.2952,-0.19884,-0.66586,-0.27509,0.5876,-0.30442,-0.69741,676.83,535.92,-4536.6,58217
55.793,0,-5.0994,-0.095287,-0.64648,-0.28731,0.58217,-0.31471,-0.69245,672.21,519.49,-4514.6,56457
55.8,0,-5.2107,-0.24151,-0.65782,-0.29944,0.57656,-0.32491,-0.68728,665.58,506.44,-4522.5,56963
55.807,0,-5.4485,-0.16041,-0.64888,-0.31149,0.57077,-0.335,-0.68189,682.64,504.64,-4515.7,58590
55.814,0,-5.1946,-0.076668,-0.74098,-0.32343,0.5648,-0.345,-0.67629,663.33,495.62,-4505.1,57958
55.821,0,-5.435,-0.21811,-0.80482,-0.33528,0.55866,-0.35489,-0.67048,688.38,497.89,-4507.8,57044
55.828,0,-5.2146,-0.25092,-0.73046,-0.34703,0.55234,-0.36467,-0.66446,694.24,517.68,-4514.7,58946
55.835,0,-5.4419,-0.016357,-0.57842,-0.35867,0.54585,-0.37434,-0.65823,701.48,490.89,-4493.4,56671
55.842,0,-5.2424,-0.31871,-0.62575,-0.3702,0.53919,-0.3839,-0.6518,656.65,539.18,-4484.1,57426
55.85,0,-5.1441,-0.22519,-0.51538,-0.38162,0.53237,-0.39334,-0.64516,670.51,516.45,-4499.4,57160
55.857,0,-5.4067,-0.21805,-0.77146,-0.39292,0.52537,-0.40266,-0.63833,678.73,503.53,-4506.3,58638
55.864,0,-5.2504,-0.36944,-0.56888,-0.4041,0.51821,-0.41186,-0.63129,658.57,524.98,-4506.2,57550
55.871,0,-5.4099,-0.32171,-0.61161,-0.41516,0.51089,-0.42093,-0.62406,649.4,509.73,-4506.7,58983
55.878,0,-5.5082,-0.41084,-0.50216,-0.42609,0.50341,-0.42987,-0.61663,668.16,517.3,-4497.8,55607
55.885,0,-5.5607,-0.3617,-0.57936,-0.43688,0.49577,-0.43868,-0.60901,675.4,500.71,-4506.9,56729
55.892,0,-5.4984,-0.17609,-0.67787,-0.44755,0.48798,-0.44736,-0.6012,663.79,520.1,-4490,57340
55.899,0,-5.2301,-0.19965,-0.45118,-0.45807,0.48003,-0.4559,-0.59321,654.37,506.13,-4471.1,57244
55.906,0,-5.3457,-0.37347,-0.53549,-0.46846,0.47193,-0.4643,-0.58502,679.3,525.47,-4500.3,58144
55.913,0,-5.3908,-0.56115,-0.50934,-0.4787,0.46369,-0.47256,-0.57666,661.8,528.75,-4490.3,57487
55.92,0,-5.3592,-0.39391,-0.54623,-0.48879,0.4553,-0.48067,-0.56811,672.49,536.27,-4469.5,58397
55.927,0,-5.4127,-0.53888,-0.49558,-0.49873,0.44676,-0.48863,-0.55938,670.71,502.21,-4491.2,57953
55.934,0,-5.5604,-0.61741,-0.38033,-0.50852,0.43808,-0.49645,-0.55048,675.24,501.6,-4479.6,58197
55.941,0,-5.3927,-0.5429,-0.5163,-0.51815,0.42927,-0.50411,-0.54141,680.82,506.11,-4491.4,58794
55.948,0,-5.4856,-0.61228,-0.40299,-0.52762,0.42032,-0.51162,-0.53217,681.33,511.04,-4483.9,56192
55.955,0,-5.5604,-0.4251,-0.47415,-0.53693,0.41123,-0.51896,-0.52276,668.3,533.1,-4477.6,59656
55.962,0,-5.5462,-0.40064,-0.52911,-0.54607,0.40202,-0.52615,-0.51318,669.95,541.25,-4476.5,57806
55.969,0,-5.3914,-0.52005,-0.30931,-0.55504,0.39268,-0.53318,-0.50344,654.91,502.61,-4487.4,58752
55.976,0,-5.3168,-0.5597,-0.31646,-0.56384,0.38322,-0.54004,-0.49355,666.06,523.91,-4483.2,57759
55.983,0,-5.4665,-0.4345,-0.20189,-0.57246,0.37363,-0.54673,-0.4835,658.04,508.66,-4470.6,58114
55.99,0,-5.5212,-0.6289,-0.46874,-0.58091,0.36392,-0.55326,-0.4733,696.69,504.84,-4482.6,56743
55.997,0,-5.4195,-0.57487,-0.32923,-0.58917,0.3541,-0.55961,-0.46295,654.67,499.83,-4459.5,59594
56.004,0,-5.5061,-0.68995,-0.20869,-0.59726,0.34417,-0.56579,-0.45245,679.54,512.58,-4470,57138
56.012,0,-5.3049,-0.66933,-0.41151,-0.60515,0.33413,-0.5718,-0.44181,678.95,510.46,-4458.6,57842
56.019,0,-5.4207,-0.61156,-0.31483,-0.61286,0.32398,-0.57762,-0.43103,666.89,515.28,-4483.7,59497
56.026,0,-5.4801,-0.59229,-0.30328,-0.62038,0.31373,-0.58327,-0.42011,662.15,516.59,-4462.1,54886
56.033,0,-5.5658,-0.63117,-0.34022,-0.62771,0.30337,-0.58874,-0.40907,679.13,511.07,-4498.1,56525
56.04,0,-5.4591,-0.77199,-0.11324,-0.63484,0.29292,-0.59402,-0.39789,669.89,525.18,-4472.2,58604
56.047,0,-5.4823,-0.6221,-0.083998,-0.64177,0.28238,-0.59912,-0.38658,680.58,517.73,-4478.9,58164
56.054,0,-5.4632,-0.6557,-0.10117,-0.6485,0.27175,-0.60403,-0.37516,675.78,511.45,-4453,58546
56.061,0,-5.7565,-0.66608,-0.16688,-0.65503,0.26102,-0.60876,-0.36361,671.43,527.67,-4475.7,57840
56.068,0,-5.5377,-0.60247,-0.034795,-0.66136,0.25022,-0.61329,-0.35195,682.6,515.27,-4478.7,57558
56.075,0,-5.4637,-0.63427,-0.16043,-0.66748,0.23933,-0.61764,-0.34018,666.72,524.07,-4456.5,56027
56.082,0,-5.5473,-0.52272,0.073586,-0.67339,0.22837,-0.62179,-0.3283,663.76,521.26,-4468,58484
56.089,0,-5.6521,-0.8762,0.06804,-0.67909,0.21733,-0.62574,-0.31631,659.15,519.49,-4463.3,57468
56.096,0,-5.4951,-0.65216,-0.042051,-0.68457,0.20622,-0.6295,-0.30423,673.1,521.78,-4451.1,57659
56.103,0,-5.5919,-0.68598,-0.011378,-0.68985,0.19505,-0.63307,-0.29205,670.62,522.6,-4463.5,57682
56.11,0,-5.5884,-0.67222,0.12328,-0.6949,0.18381,-0.63644,-0.27977,679.9,520.91,-4452,57406
56.117,0,-5.5013,-0.65048,-0.026938,-0.69974,0.17251,-0.6396,-0.2674,670.81,520.3,-4438.2,56497
56.124,0,-5.555,-0.79806,0.086449,-0.70437,0.16116,-0.64257,-0.25495,674.92,523.75,-4447.1,56908
56.131,0,-5.7097,-0.56392,0.1472,-0.70876,0.14975,-0.64534,-0.24242,685.87,514.85,-4453.8,57383
56.138,0,-5.6142,-0.64496,0.16036,-0.71294,0.13829,-0.6479,-0.22981,679.15,512.25,-4451.1,58487
56.145,0,-5.6239,-0.76202,0.20965,-0.7169,0.12679,-0.65026,-0.21712,683.65,522.49,-4448.9,58057
56.152,0,-5.4501,-0.71612,0.18083,-0.72063,0.11524,-0.65242,-0.20437,669.75,503.08,-4438.2,58916
56.159,0,-5.6022,-0.54841,0.28404,-0.72413,0.10366,-0.65437,-0.19155,684.9,518.46,-4442.7,57900
56.166,0,-5.6256,-0.71074,0.24997,-0.7274,0.09204,-0.65612,-0.17867,681.28,524.71,-4451.3,58788
56.174,0,-5.6935,-0.49352,0.37998,-0.73045,0.08039,-0.65766,-0.16573,659.74,528.47,-4457,58629
56.181,0,-5.7166,-0.54226,0.47238,-0.73327,0.068712,-0.65899,-0.15273,680.15,521.02,-4431.8,58033
56.188,0,-5.7958,-0.46915,0.52759,-0.73585,0.05701,-0.66012,-0.13969,659.86,500.04,-4430.5,56639
56.195,0,-5.5708,-0.57555,0.44283,-0.73821,0.045287,-0.66104,-0.1266,669.33,517.86,-4430.2,58162
56.202,0,-5.5101,-0.64945,0.39483,-0.74033,0.033548,-0.66175,-0.11347,662.49,530.77,-4453.5,59185
56.209,0,-5.5816,-0.6359,0.39719,-0.74222,0.021796,-0.66225,-0.1003,670.96,512.5,-4439.3,58182
56.216,0,-5.6063,-0.46605,0.36439,-0.74387,0.010034,-0.66255,-0.087104,680.11,506.29,-4456.8,57661
56.223,0,-5.749,-0.54485,0.55351,-0.74529,-0.0017331,-0.66263,-0.073874,682.94,518.55,-4428.7,58971
56.23,0,-5.6994,-0.39548,0.39463,-0.74647,-0.013502,-0.66251,-0.060619,677.71,499.43,-4418.5,57160
56.237,0,-5.6643,-0.14313,0.38662,-0.74742,-0.02527,-0.66218,-0.047344,666.89,515.88,-4446.9,58982
56.244,0,-5.731,-0.40819,0.64238,-0.74814,-0.037032,-0.66164,-0.034053,670.71,512.82,-4416,54005
56.251,0,-5.8203,-0.63724,0.48306,-0.74861,-0.048786,-0.66088,-0.020749,663.47,509.48,-4435.9,57814
56.258,0,-5.9436,-0.37959,0.53681,-0.74885,-0.060526,-0.65992,-0.0074377,669.52,505.19,-4416.5,57402
56.265,0,-5.7397,-0.42212,0.5655,-0.74886,-0.07225,-0.65876,0.0058776,664.01,511.96,-4435,57221
56.272,0,-5.5665,-0.36804,0.69662,-0.74862,-0.083954,-0.65738,0.019192,685.6,516.82,-4449.5,57145
56.279,0,-5.6071,-0.32858,0.43299,-0.74815,-0.095633,-0.65579,0.032502,675.83,526.9,-4427.5,57577
56.286,0,-5.5754,-0.32385,0.40104,-0.74744,-0.10729,-0.654,0.045803,683.65,506.39,-4422.6,58121
56.293,0,-5.7713,-0.24538,0.74921,-0.7465,-0.11891,-0.652,0.059091,666.75,516.66,-4431.5,56632
56.3,0,-5.8722,-0.33222,0.69891,-0.74532,-0.13049,-0.6498,0.072362,673.28,522.58,-4414,57577
56.307,0,-5.774,-0.34829,0.75974,-0.7439,-0.14204,-0.64738,0.085611,666.82,529.66,-4405.1,57690
56.314,0,-5.8396,-0.23072,0.59839,-0.74225,-0.15354,-0.64476,0.098833,672.43,516.35,-4405,58502
56.321,0,-5.7887,-0.43038,0.68672,-0.74036,-0.165,-0.64194,0.11203,680.96,530.88,-4414.4,58106
56.329,0,-5.7352,-0.19371,0.73508,-0.73824,-0.17641,-0.63891,0.12518,667.73,518.58,-4428.6,58460
56.336,0,-5.7759,-0.20257,0.67784,-0.73588,-0.18777,-0.63568,0.1383,654.7,517.6,-4406.9,56336
56.343,1,-5.7893,-0.038356,0.66608,-0.73329,-0.19907,-0.63225,0.15138,686.27,521.87,-4418.7,58315
56.35,0,-6.0608,-0.19267,0.63165,-0.73047,-0.21031,-0.62862,0.16441,678.97,510.83,-4424.4,58285
56.357,0,-5.7693,0.11536,0.77602,-0.72741,-0.22148,-0.62478,0.17739,681.44,518.84,-4410.4,57596
56.364,0,-5.7531,-0.046546,0.77026,-0.72412,-0.23259,-0.62075,0.19032,669.53,511.37,-4403.7,58700
56.371,0,-5.8966,0.080066,0.76483,-0.72061,-0.24362,-0.61652,0.20318,680.76,526.53,-4405.2,59071
56.378,0,-5.8987,0.032754,0.64741,-0.71686,-0.25458,-0.61209,0.21598,657.2,523.17,-4394.2,59380
56.385,0,-5.8465,0.022597,0.63468,-0.71289,-0.26546,-0.60746,0.22872,685.75,502.1,-4396.1,58415
56.392,0,-5.8799,-0.1195,0.69737,-0.70868,-0.27626,-0.60264,0.24138,690.62,532.24,-4397.1,56989
56.399,0,-5.706,-0.047335,0.79692,-0.70426,-0.28698,-0.59763,0.25397,673.22,523.35,-4405.5,57555
56.406,0,-5.7463,-0.035908,0.64327,-0.69961,-0.2976,-0.59243,0.26648,656.54,512.11,-4398.7,57680
56.413,0,-6.0226,0.17641,0.70851,-0.69473,-0.30813,-0.58704,0.2789,677.08,513.8,-4385.6,57448
56.42,0,-5.9745,0.10299,0.8876,-0.68964,-0.31857,-0.58146,0.29124,686.13,518.83,-4408.8,59561
56.427,0,-5.7669,-0.058866,0.7691,-0.68432,-0.32891,-0.57569,0.30349,668.11,528.35,-4404.9,59345
56.434,0,-5.8912,0.22359,0.76734,-0.67879,-0.33914,-0.56974,0.31564,663.02,511.81,-4389.1,59060
56.441,0,-5.7604,0.23193,0.98795,-0.67303,-0.34927,-0.56361,0.32769,681.05,529.11,-4386.9,57605
56.448,0,-5.8311,0.066976,0.94231,-0.66707,-0.35929,-0.55729,0.33964,677.2,489.88,-4394.4,57680
56.455,0,-6.0043,0.13784,0.65226,-0.66089,-0.3692,-0.5508,0.35148,667.34,498.45,-4409.5,57233
56.462,0,-5.7457,0.24094,0.75855,-0.6545,-0.37899,-0.54413,0.36321,668.79,514.33,-4399.5,58787
56.469,0,-6.0103,0.22217,0.66186,-0.6479,-0.38866,-0.53728,0.37482,686.59,525.78,-4391.5,59235
56.476,0,-6.0841,0.23217,0.59419,-0.6411,-0.39821,-0.53026,0.38632,681.8,518.4,-4378.3,58979
56.483,0,-5.848,0.24146,0.67763,-0.63408,-0.40764,-0.52307,0.39769,687.42,525.13,-4385.2,59964
56.491,0,-6.0497,0.36759,0.52888,-0.62687,-0.41694,-0.51572,0.40894,678.3,520.82,-4369.9,56780
56.498,0,-5.7902,0.33759,0.58071,-0.61946,-0.4261,-0.50819,0.42006,645.91,528.47,-4379.7,59570
56.505,0,-5.9975,0.45737,0.58245,-0.61184,-0.43513,-0.5005,0.43105,675.1,511.13,-4377.6,58592
56.512,0,-6.0093,0.41031,0.68282,-0.60403,-0.44403,-0.49265,0.4419,684.52,521.72,-4378,59729
56.519,0,-6.0009,0.32146,0.59459,-0.59603,-0.45278,-0.48464,0.45261,678.42,520.19,-4382.2,58146
56.526,0,-6.0932,0.63892,0.69019,-0.58784,-0.46139,-0.47648,0.46318,665.37,528.99,-4388.1,59970
56.533,0,-6.0931,0.50022,0.70835,-0.57945,-0.46985,-0.46816,0.4736,675.18,507.7,-4362.5,61119
56.54,0,-5.7731,0.52704,0.63465,-0.57088,-0.47817,-0.45969,0.48387,680.92,518,-4373.6,58859
56.547,0,-5.814,0.44539,0.547,-0.56213,-0.48633,-0.45106,0.49399,678.01,524.31,-4363.5,60336
56.554,0,-5.4854,0.50802,0.47975,-0.5532,-0.49434,-0.4423,0.50395,690.59,512.48,-4357.7,58523
56.561,0,-5.5846,0.41325,0.49174,-0.54409,-0.50219,-0.43339,0.51375,671.41,512.33,-4360.7,60075
56.568,0,-5.532,0.52546,0.51888,-0.5348,-0.50989,-0.42434,0.52339,684.26,503.83,-4370.2,59664
56.575,0,-5.3547,0.81408,0.48156,-0.52534,-0.51742,-0.41515,0.53286,686.36,509.69,-4367.2,59374
56.582,0,-5.5135,0.63129,0.40548,-0.51572,-0.52478,-0.40583,0.54217,685.81,526.24,-4379.8,58380
56.589,0,-5.534,0.65319,0.54346,-0.50592,-0.53198,-0.39637,0.55129,671.27,543.7,-4351.8,56327
56.596,0,-5.5587,0.60577,0.29619,-0.49597,-0.53901,-0.38679,0.56025,670.41,518.29,-4350.6,58818
56.603,0,-5.3657,0.65285,0.49767,-0.48585,-0.54587,-0.37708,0.56902,678.53,521.26,-4368.9,59690
56.61,0,-5.6208,0.70385,0.31803,-0.47558,-0.55255,-0.36725,0.57762,684.5,529.16,-4360.4,58105
56.617,0,-5.542,0.45233,0.3981,-0.46515,-0.55906,-0.35729,0.58603,680.76,512.96,-4363.2,58088
56.624,0,-5.5372,0.7302,0.33029,-0.45457,-0.56539,-0.34723,0.59425,672.37,507.46,-4355.9,60101
56.631,0,-5.6623,0.53607,0.37246,-0.44384,-0.57154,-0.33704,0.60229,674.05,517.02,-4367,57894
56.638,0,-5.509,0.76107,0.14575,-0.43298,-0.5775,-0.32675,0.61013,686.55,517.17,-4342.5,58889
56.645,0,-5.5334,0.63854,0.28798,-0.42197,-0.58328,-0.31635,0.61778,673.74,510.81,-4363.6,59583
56.653,0,-5.5241,0.70849,0.075009,-0.41082,-0.58887,-0.30585,0.62523,677.7,511.52,-4346.9,59132
56.66,0,-5.5926,0.58304,0.27088,-0.39954,-0.59428,-0.29525,0.63248,665.9,512.89,-4349.6,60711
56.667,0,-5.5339,0.74568,0.24788,-0.38813,-0.59949,-0.28455,0.63953,684.08,522.71,-4350.4,57746
56.674,0,-5.5109,0.60429,0.09777,-0.3766,-0.60452,-0.27375,0.64637,671.38,510.97,-4339.7,60094
56.681,0,-5.4564,0.77399,-0.040418,-0.36494,-0.60934,-0.26287,0.65301,672.49,514.02,-4340.2,58694
56.688,0,-5.5503,0.72118,0.021517,-0.35316,-0.61398,-0.2519,0.65944,654.21,504.06,-4345,59104
56.695,0,-5.7209,0.65855,0.10744,-0.34127,-0.61841,-0.24085,0.66565,682.58,513.22,-4342.9,60544
56.702,0,-5.6444,0.67421,0.084096,-0.32926,-0.62265,-0.22971,0.67166,659.02,522.66,-4343.9,58860
56.709,0,-5.6259,0.86461,-0.054064,-0.31715,-0.62669,-0.2185,0.67745,671.23,533.03,-4345.1,58025
56.716,0,-5.4447,0.62019,-0.078927,-0.30494,-0.63052,-0.20722,0.68302,671.36,507.96,-4329.2,58944
56.723,0,-5.5131,0.81375,0.11235,-0.29262,-0.63416,-0.19587,0.68837,675.76,519.94,-4326.3,58146
56.73,0,-5.6573,0.68733,-0.11891,-0.28021,-0.63759,-0.18446,0.6935,671.64,532.52,-4322.4,58121
56.737,0,-5.52,0.72403,-0.09674,-0.26771,-0.64081,-0.17298,0.69841,666.31,525.07,-4341.4,57746
56.744,0,-5.7271,0.60304,-0.059581,-0.25512,-0.64383,-0.16145,0.70309,667.82,504.03,-4327.5,58593
56.751,0,-5.5672,0.67592,-0.13753,-0.24244,-0.64664,-0.14986,0.70755,677.06,527.96,-4333.1,60117
56.758,0,-5.654,0.45981,-0.064157,-0.22969,-0.64924,-0.13822,0.71178,688.11,512.73,-4337.1,57278
56.765,0,-5.6504,0.58994,-0.13454,-0.21686,-0.65163,-0.12653,0.71578,666.16,530.17,-4343.2,57158
56.772,0,-5.4548,0.79921,-0.18403,-0.20395,-0.65382,-0.1148,0.71955,674.26,525.41,-4351.9,57462
56.779,0,-5.671,0.78948,-0.17363,-0.19098,-0.65579,-0.10304,0.72309,674.71,525.45,-4316.7,60727
56.786,0,-5.6161,0.54291,-0.21772,-0.17795,-0.65755,-0.091233,0.72639,671.52,522.13,-4317.7,59161
56.793,0,-5.7303,0.61021,-0.17646,-0.16486,-0.65909,-0.079398,0.72946,665.02,516.53,-4328.7,57267
56.8,0,-5.7529,0.63412,-0.33776,-0.15171,-0.66043,-0.067536,0.7323,664.34,515.98,-4329,59334
56.807,0,-5.7516,0.41897,-0.40612,-0.13851,-0.66155,-0.055649,0.73489,687.13,518.86,-4321.2,60455
56.815,0,-5.6845,0.74244,-0.29109,-0.12527,-0.66246,-0.043742,0.73726,683.76,522.79,-4310.9,59603
56.822,0,-5.6674,0.31374,-0.40329,-0.11198,-0.66315,-0.031819,0.73938,670.01,513.37,-4312.9,58629
56.829,0,-5.5666,0.69791,-0.58406,-0.098656,-0.66363,-0.019883,0.74126,681.12,525.51,-4328.2,60672
56.836,0,-5.6118,0.55319,-0.48811,-0.085297,-0.66389,-0.0079386,0.74291,692.64,510.55,-4318.2,59408
56.843,0,-5.7193,0.48708,-0.59273,-0.071909,-0.66394,0.0040105,0.74431,651.33,522.01,-4327.5,58959
56.85,0,-5.6056,0.42865,-0.59801,-0.058496,-0.66377,0.015961,0.74547,686.3,512.7,-4322,58848
56.857,0,-5.6301,0.43019,-0.39036,-0.045063,-0.66339,0.027908,0.7464,668.21,524.99,-4304,59007
56.864,0,-5.7965,0.5738,-0.47551,-0.031613,-0.66279,0.039848,0.74708,672.37,519.23,-4311,60817
56.871,0,-5.8361,0.35468,-0.44306,-0.018151,-0.66198,0.051778,0.74751,679.14,509.97,-4321.7,59874
56.878,0,-5.5515,0.45329,-0.45326,-0.0046821,-0.66095,0.063693,0.74771,678.12,523.02,-4316.3,61202
56.885,0,-5.8238,0.45953,-0.57321,0.0087901,-0.65971,0.07559,0.74766,676.42,519.72,-4309,58939
56.892,0,-5.8064,0.2754,-0.50039,0.022261,-0.65825,0.087464,0.74737,673.07,534.35,-4301.5,58387
56.899,0,-5.6803,0.43737,-0.59864,0.035726,-0.65658,0.099313,0.74684,676.96,530.48,-4302.5,58599
56.906,0,-5.7315,0.42829,-0.46679,0.049181,-0.6547,0.11113,0.74606,661.11,522.62,-4287.6,60708
56.913,0,-5.8499,0.4735,-0.65714,0.062622,-0.6526,0.12292,0.74504,667.02,514.56,-4304.1,59603
56.92,0,-5.7248,0.35232,-0.50427,0.076044,-0.65029,0.13466,0.74378,682.86,513.87,-4305.3,59469
56.927,0,-5.8893,0.33273,-0.72557,0.089443,-0.64777,0.14637,0.74228,680.66,515.45,-4302.6,60278
56.934,0,-6.0192,0.35137,-0.71029,0.10281,-0.64503,0.15803,0.74053,684.99,516.3,-4304.7,59531
56.941,0,-5.6165,0.24643,-0.64153,0.11615,-0.64209,0.16964,0.73855,693.3,535.06,-4300.6,59620
56.948,0,-5.9159,0.062242,-0.72708,0.12946,-0.63894,0.1812,0.73632,694.71,538.15,-4285.6,60424
56.955,0,-5.804,0.20039,-0.73057,0.14272,-0.63558,0.1927,0.73385,664.49,521.03,-4286.8,58836
56.962,0,-5.6924,0.22291,-0.56812,0.15593,-0.63201,0.20414,0.73115,670.81,535.46,-4287.7,58053
56.969,0,-5.8021,0.16612,-0.81018,0.1691,-0.62823,0.21552,0.7282,687.7,509.27,-4285,59987
56.977,0,-5.8534,0.217,-0.83431,0.18221,-0.62425,0.22683,0.72502,687.52,532.94,-4292.5,58400
56.984,0,-5.7081,0.0099068,-0.74061,0.19527,-0.62006,0.23807,0.72161,667.92,513.08,-4279.7,59075
56.991,0,-5.7833,0.041585,-0.82613,0.20826,-0.61568,0.24923,0.71795,674.14,506.63,-4298.5,59519
56.998,0,-5.8075,-0.098954,-0.60492,0.22119,-0.61109,0.26031,0.71406,678.35,533.06,-4284,58349
57.005,0,-5.956,-0.059321,-0.64296,0.23405,-0.6063,0.27131,0.70994,690.27,534.78,-4294.4,58382
57.012,0,-5.9207,-0.00568,-0.7262,0.24683,-0.60131,0.28223,0.70559,670.61,530.07,-4303.9,59885
57.019,0,-5.9699,0.047575,-0.76726,0.25953,-0.59612,0.29305,0.701,689.68,517.73,-4267.9,60077
57.026,0,-5.8551,-0.084343,-0.89331,0.27215,-0.59074,0.30378,0.69619,678.3,506.79,-4270.9,58283
57.033,0,-5.9777,-0.060204,-0.90368,0.28468,-0.58516,0.31442,0.69115,678.62,527.38,-4279.9,58747
57.04,0,-6.002,-0.10408,-0.81846,0.29712,-0.57939,0.32495,0.68588,690.62,530.22,-4289.8,58898
57.047,1,-5.8955,-0.15693,-0.81953,0.30946,-0.57344,0.33538,0.68039,659.07,512.56,-4272.2,59553
57.054,0,-5.9279,-0.17809,-0.8162,0.3217,-0.56729,0.34571,0.67467,674.54,519.47,-4279.1,58710
57.061,0,-5.8049,-0.27995,-0.62393,0.33384,-0.56095,0.35592,0.66873,664.06,520.15,-4263.9,59171
57.068,0,-5.782,-0.039694,-0.90034,0.34587,-0.55443,0.36601,0.66258,674.27,515.09,-4283,59502
57.075,0,-5.8238,-0.074049,-0.76474,0.35779,-0.54773,0.37599,0.65621,674.34,516.4,-4283.6,60475
57.082,0,-5.9971,-0.36298,-0.66255,0.36959,-0.54085,0.38585,0.64962,687.97,543.2,-4260.9,59162
57.089,0,-5.9336,-0.017598,-0.59219,0.38127,-0.53379,0.39559,0.64282,683.08,506.21,-4284.8,60083
57.096,0,-5.8689,-0.44776,-0.72585,0.39283,-0.52655,0.40519,0.6358,665.64,521.48,-4265.8,59369
57.103,0,-5.9331,-0.38075,-0.69773,0.40427,-0.51914,0.41467,0.62858,677.56,517.61,-4283,59210
57.11,0,-5.8293,-0.37981,-0.5375,0.41557,-0.51156,0.42401,0.62115,680.15,515.04,-4263.1,59180
57.117,0,-5.8407,-0.29026,-0.6154,0.42673,-0.5038,0.43321,0.61352,683.01,527.26,-4266,58597
57.124,0,-5.897,-0.49581,-0.54717,0.43776,-0.49589,0.44228,0.60568,708.81,501.75,-4244.8,58669
57.131,0,-6.1512,-0.43086,-0.64518,0.44864,-0.4878,0.4512,0.59765,684.22,524.21,-4262.9,59722
57.139,0,-6.1395,-0.56653,-0.77714,0.45938,-0.47956,0.45997,0.58942,673.38,515.87,-4265.2,59716
57.146,0,-5.8673,-0.41891,-0.61954,0.46997,-0.47115,0.4686,0.581,690.71,537.2,-4258.8,59003
57.153,0,-5.9664,-0.42547,-0.67442,0.48041,-0.46259,0.47707,0.57238,688.51,519.9,-4249.2,58591
57.16,0,-6.0724,-0.72204,-0.43744,0.49068,-0.45388,0.48539,0.56358,665.06,514.84,-4249,59946
57.167,0,-6.0592,-0.40242,-0.71329,0.5008,-0.44501,0.49355,0.55459,693.29,539.76,-4254.5,59733
57.174,0,-6.0746,-0.43565,-0.65667,0.51076,-0.436,0.50155,0.54541,666.04,523.56,-4265.6,60209
57.181,0,-6.0479,-0.57377,-0.50791,0.52055,-0.42684,0.50939,0.53606,684.01,529.85,-4251.8,61094
57.188,0,-6.0661,-0.59362,-0.46615,0.53017,-0.41754,0.51706,0.52653,679.26,538.4,-4244.7,59975
57.195,0,-6.0467,-0.68507,-0.52778,0.53961,-0.4081,0.52456,0.51682,678.83,537.94,-4240.8,60878
57.202,0,-5.9851,-0.71709,-0.30846,0.54888,-0.39853,0.53189,0.50695,669.8,529.15,-4258.8,60456
57.209,0,-6.1606,-0.8278,-0.34734,0.55797,-0.38882,0.53905,0.49691,675.6,510.1,-4256.6,59581
57.216,0,-5.9378,-0.74612,-0.29734,0.56688,-0.37898,0.54603,0.4867,672.7,521.91,-4247,58947
57.223,0,-5.9545,-0.56542,-0.4055,0.5756,-0.36902,0.55283,0.47633,674.27,518.9,-4242.3,59585
57.23,0,-6.1185,-0.67827,-0.3081,0.58413,-0.35893,0.55945,0.4658,671.86,537.99,-4237.1,62025
57.237,0,-6.126,-0.84544,-0.34178,0.59247,-0.34872,0.56589,0.45512,689.1,527.24,-4239,60699
57.244,0,-6.0329,-0.7695,-0.3194,0.60062,-0.3384,0.57214,0.44429,669.24,525.93,-4235.7,60106
57.251,0,-6.2171,-0.61837,-0.21118,0.60857,-0.32796,0.57821,0.43331,686.18,517.29,-4243.2,60095
57.258,0,-6.1086,-0.76742,-0.26,0.61632,-0.31741,0.58408,0.42219,653.06,517.23,-4221.4,59608
57.265,0,-6.2264,-0.70829,-0.12056,0.62387,-0.30675,0.58977,0.41093,675.54,514.07,-4238.3,61130
57.272,0,-5.9286,-0.84533,-0.14793,0.63122,-0.29599,0.59526,0.39953,670.19,517.24,-4238.4,58961
57.279,0,-6.0255,-0.69524,0.058421,0.63835,-0.28514,0.60055,0.388,690.35,538.52,-4219.4,60469
57.286,0,-6.2351,-0.87542,-0.15688,0.64528,-0.27418,0.60565,0.37633,676.83,517.76,-4221.7,59654
57.293,0,-6.0837,-0.74009,-0.1471,0.652,-0.26313,0.61055,0.36455,676.56,529.85,-4236.8,59983
57.301,0,-6.1294,-0.71604,-0.23856,0.6585,-0.252,0.61524,0.35264,674.38,527.56,-4238.1,59680
57.308,0,-6.1166,-0.5735,-0.019522,0.66478,-0.24078,0.61974,0.34061,664.05,521.28,-4227.9,59858
57.315,0,-6.2222,-0.7261,0.243,0.67085,-0.22948,0.62403,0.32847,689.4,526.37,-4206,60610
57.322,0,-6.1379,-0.81316,-0.082833,0.67669,-0.2181,0.62811,0.31622,689.66,507.41,-4234.6,59509
57.329,0,-6.2876,-0.69637,-0.044898,0.68232,-0.20664,0.63199,0.30387,679.32,521.39,-4219.9,59634
57.336,0,-6.134,-0.74703,-0.050441,0.68771,-0.19512,0.63566,0.29141,674.43,524.73,-4224.6,60240
57.343,0,-6.0797,-0.93178,0.11472,0.69288,-0.18353,0.63912,0.27886,685.07,527.9,-4215.7,60459
57.35,0,-6.2164,-0.81943,0.076298,0.69783,-0.17187,0.64236,0.26621,668.22,525.59,-4217.1,60540
57.357,0,-6.0047,-0.66987,0.17487,0.70254,-0.16016,0.6454,0.25347,660.21,536.08,-4238,59567
57.364,0,-6.1309,-0.77635,0.22318,0.70702,-0.14839,0.64822,0.24065,672.89,522.86,-4209.3,61349
57.371,0,-6.2139,-0.7212,0.17048,0.71127,-0.13657,0.65083,0.22774,687.8,518.66,-4220.1,60148
57.378,0,-6.1611,-0.66507,0.22235,0.71528,-0.12471,0.65322,0.21476,706.02,544.92,-4211.9,61184
57.385,0,-6.1571,-0.64835,0.17118,0.71906,-0.1128,0.6554,0.20171,667.85,510.7,-4216.9,59254
57.392,0,-6.4307,-0.61747,0.45186,0.7226,-0.10085,0.65736,0.18859,671.44,510.15,-4209,60445
57.399,0,-6.3797,-0.80659,0.50382,0.72589,-0.088868,0.6591,0.1754,685.41,526.8,-4213.3,61063
57.406,0,-6.2298,-0.67261,0.35341,0.72895,-0.076854,0.66062,0.16216,685.2,541.18,-4201.1,59828
57.413,0,-6.2077,-0.67787,0.43461,0.73177,-0.064811,0.66193,0.14886,673.42,521.2,-4216.9,60085
57.42,0,-6.341,-0.66879,0.37521,0.73435,-0.052745,0.66301,0.13551,676.35,527.44,-4198.3,59895
57.427,0,-6.145,-0.81842,0.33123,0.73668,-0.04066,0.66388,0.12211,690.31,508.23,-4221.6,59366
57.434,0,-6.1777,-0.64012,0.52623,0.73877,-0.028559,0.66452,0.10867,674.01,510.54,-4205,60709
57.441,0,-6.2192,-0.55109,0.50987,0.74062,-0.016447,0.66495,0.095192,680.81,539.08,-4195.2,60086
57.448,0,-6.331,-0.63308,0.35873,0.74221,-0.0043279,0.66515,0.081682,693.68,526.89,-4210.2,58972
57.455,0,-6.5696,-0.64152,0.59097,0.74357,0.0077949,0.66513,0.068143,676.29,519.93,-4202.2,60022
57.463,0,-6.3197,-0.52614,0.70571,0.74467,0.019917,0.6649,0.054581,661.14,538.4,-4189,60982
57.47,0,-6.2793,-0.5038,0.59438,0.74553,0.032035,0.66444,0.040999,676.49,523.91,-4205.3,59994
57.477,0,-6.1806,-0.47692,0.65863,0.74614,0.044143,0.66375,0.027401,687.19,517.51,-4216.4,59621
57.484,0,-6.2684,-0.48276,0.80465,0.74651,0.056239,0.66285,0.013794,677.64,530.76,-4175.6,62173
57.491,0,-6.4059,-0.42089,0.74791,0.74662,0.068318,0.66173,0.00017986,678.67,537.06,-4182.6,60030
57.498,0,-6.208,-0.69278,0.92022,0.74649,0.080377,0.66039,-0.013435,685.16,529.64,-4190.1,60128
57.505,0,-6.3068,-0.42158,0.73226,0.74611,0.09241,0.65883,-0.027048,676.95,528.18,-4188.9,59244
57.512,0,-6.4547,-0.418,0.79148,0.74548,0.10442,0.65704,-0.040652,686.62,522.57,-4200.6,61029
57.519,0,-6.263,-0.34004,0.69275,0.7446,0.11639,0.65504,-0.054245,672.73,532.03,-4177,60200
57.526,0,-6.4355,-0.30035,0.61208,0.74348,0.12832,0.65282,-0.067821,681.24,530.85,-4205.3,59574
57.533,0,-5.8161,-0.33235,0.67907,0.7421,0.14022,0.65038,-0.081375,687.45,521.58,-4188.6,59038
57.54,0,-5.6923,-0.15526,0.77516,0.74048,0.15207,0.64773,-0.094904,677.07,518.6,-4172.7,58795
57.547,0,-5.6789,-0.31743,0.71959,0.73862,0.16387,0.64486,-0.1084,676.26,545.52,-4181.4,61259
57.554,0,-5.7329,-0.18903,0.57968,0.7365,0.17561,0.64177,-0.12187,672.41,517.69,-4201.4,61477
57.561,0,-5.8603,-0.30284,0.83451,0.73414,0.18731,0.63847,-0.13529,681.28,520.82,-4191.4,60571
57.568,0,-5.7742,-0.26685,0.7108,0.73154,0.19894,0.63496,-0.14867,680.76,542.14,-4166.5,60009
57.575,0,-5.6709,-0.2257,0.88807,0.72869,0.2105,0.63123,-0.16201,668.9,500.97,-4168.6,60270
57.582,0,-5.8037,-0.2268,0.63065,0.7256,0.222,0.62729,-0.17529,668.31,517.61,-4192.2,60175
57.589,0,-5.7244,-0.26816,0.69362,0.72227,0.23343,0.62314,-0.18851,675.54,532.87,-4171.5,62125
57.596,0,-5.8535,-0.039938,0.60345,0.71869,0.24478,0.61879,-0.20167,673.86,527.2,-4173.2,61697
57.603,0,-5.775,-0.034771,0.80666,0.71488,0.25605,0.61422,-0.21476,701.69,528.78,-4165,61965
57.61,0,-5.7103,-0.03516,0.76285,0.71082,0.26724,0.60945,-0.22779,676.79,515.9,-4171.9,60367
57.618,0,-5.8672,0.085915,0.68516,0.70653,0.27834,0.60448,-0.24074,682.13,528.85,-4173.1,60098
57.625,0,-5.8393,-0.047728,0.71297,0.702,0.28934,0.5993,-0.25361,676.55,527.68,-4145.9,59088
57.632,0,-5.7897,0.17533,0.85212,0.69724,0.30026,0.59392,-0.2664,694,513.07,-4169.7,60468
57.639,0,-5.8012,-0.050499,0.82097,0.69224,0.31107,0.58834,-0.2791,683,525.42,-4141.3,62233
57.646,0,-5.7331,0.089027,0.76967,0.68701,0.32179,0.58256,-0.29171,675.7,525.74,-4173.4,61298
57.653,0,-5.9051,0.15975,0.57324,0.68155,0.3324,0.57659,-0.30422,672.95,524.23,-4146.1,59441
57.66,0,-5.8151,0.16971,0.86549,0.67586,0.34289,0.57042,-0.31663,687.48,500.86,-4159.5,61400
57.667,0,-5.9544,0.19227,0.84944,0.66994,0.35328,0.56407,-0.32893,678.27,519.45,-4172,61102
57.674,0,-5.8853,0.31462,0.52993,0.6638,0.36355,0.55752,-0.34113,690.98,522.78,-4146.7,61230
57.681,0,-6.0059,0.16688,0.76285,0.65744,0.3737,0.55078,-0.35321,682.32,534.35,-4139.3,60245
57.688,0,-5.7912,0.24484,0.70239,0.65086,0.38372,0.54386,-0.36518,676.63,531.43,-4144,60039
57.695,0,-5.8714,0.41239,0.57601,0.64405,0.39362,0.53675,-0.37703,690.46,522.81,-4154.1,61207
57.702,0,-5.8481,0.43405,0.58965,0.63704,0.40339,0.52947,-0.38875,681.02,525.68,-4158.3,60363
57.709,0,-5.9036,0.29365,0.71417,0.6298,0.41303,0.522,-0.40034,686.25,525.64,-4156.4,59649
57.716,0,-5.9751,0.13435,0.68309,0.62236,0.42253,0.51436,-0.4118,683.08,517.91,-4146.9,61753
57.723,0,-5.9311,0.32095,0.67048,0.6147,0.43189,0.50654,-0.42312,695.89,510.05,-4142.2,61527
57.73,0,-5.7863,0.44169,0.64245,0.60684,0.4411,0.49855,-0.4343,674.63,520.28,-4144.9,59275
57.737,0,-5.78,0.52343,0.70694,0.59878,0.45017,0.4904,-0.44534,681.78,522.65,-4143.6,61388
57.744,0,-6.0429,0.45228,0.53615,0.59051,0.45909,0.48207,-0.45622,687.14,533.8,-4153.6,59937
57.751,1,-5.9691,0.27664,0.45218,0.58204,0.46786,0.47359,-0.46696,694.66,517.64,-4153.6,60878
57.758,0,-5.8754,0.5282,0.31615,0.57338,0.47648,0.46494,-0.47754,684.94,549.96,-4138.9,60388
57.765,0,-5.9811,0.49277,0.53897,0.56452,0.48493,0.45613,-0.48796,681.72,524.71,-4130.3,62490
57.772,0,-6.0568,0.5135,0.42602,0.55547,0.49322,0.44717,-0.49821,675.69,514.77,-4150.4,59571
57.78,0,-5.9507,0.68895,0.46378,0.54624,0.50135,0.43806,-0.50831,656.26,531.93,-4116.7,59581
57.787,0,-5.8743,0.84279,0.604,0.53682,0.50931,0.4288,-0.51823,687.73,536.2,-4134.4,59991
57.794,0,-6.0046,0.60554,0.45671,0.52722,0.5171,0.41939,-0.52797,678.95,528.64,-4139.4,59994
57.801,0,-6.0273,0.43475,0.43739,0.51744,0.52472,0.40984,-0.53754,679.33,533.86,-4114.9,60067
57.808,0,-6.1313,0.68049,0.38598,0.50749,0.53216,0.40015,-0.54693,692.37,512.05,-4132.8,59680
57.815,0,-5.8669,0.6788,0.32402,0.49736,0.53943,0.39033,-0.55614,683.65,529.04,-4117.7,61010
57.822,0,-6.0212,0.57962,0.23664,0.48707,0.54651,0.38037,-0.56516,683.97,529.6,-4126.3,61364
57.829,0,-6.0396,0.69281,0.4234,0.47661,0.55342,0.37028,-0.574,692.04,536.05,-4141.6,59836
57.836,0,-5.9612,0.6616,0.34497,0.46599,0.56013,0.36006,-0.58264,678.63,530.72,-4116.8,60620
57.843,0,-6.139,0.6349,0.22551,0.45521,0.56666,0.34972,-0.59108,683.77,531.28,-4128.2,60224
57.85,0,-6.0243,0.70183,0.35479,0.44428,0.573,0.33926,-0.59932,689.52,523.07,-4112.8,60991
57.857,0,-5.9518,0.6841,0.22824,0.43319,0.57915,0.32868,-0.60737,690.02,527.5,-4131,61878
57.864,0,-6.0514,0.86883,0.15047,0.42196,0.5851,0.31799,-0.61521,685.42,513.28,-4116,61985
57.871,0,-6.0405,0.64346,0.11159,0.41059,0.59086,0.30719,-0.62284,691.4,531.96,-4111.9,60305
57.878,0,-6.1028,0.57768,0.062266,0.39907,0.59642,0.29629,-0.63027,670.02,510.12,-4110.2,61677
57.885,0,-5.8632,0.6653,0.063479,0.38742,0.60178,0.28528,-0.63748,694.33,523.69,-4111.2,61607
57.892,0,-6.239,0.73625,0.056724,0.37564,0.60693,0.27418,-0.64448,656.97,526.78,-4115.9,59520
57.899,0,-6.154,0.94133,0.11274,0.36373,0.61188,0.26298,-0.65126,679.84,525.3,-4099.3,60387
57.906,0,-6.153,0.85072,0.14715,0.3517,0.61663,0.25169,-0.65782,674.39,529.74,-4107.3,60744
57.913,0,-5.7693,0.78561,0.13453,0.33954,0.62117,0.24031,-0.66416,681.58,536.23,-4122.4,60317
57.92,0,-6.0197,0.73727,-0.034288,0.32727,0.62549,0.22885,-0.67028,691.26,532.13,-4134.6,61003
57.927,0,-6.11,0.67894,0.023788,0.31489,0.62961,0.21731,-0.67617,662.71,518.53,-4107.6,60346
57.934,0,-6.0275,0.69876,-0.098596,0.3024,0.63352,0.2057,-0.68183,679.68,545.86,-4106.4,60743
57.942,0,-6.1165,0.68783,-0.065977,0.28981,0.63721,0.19401,-0.68727,675.37,538.23,-4096,60355
57.949,0,-6.2565,0.58951,0.044608,0.27712,0.64068,0.18225,-0.69247,682.11,507.21,-4103.5,59754
57.956,0,-6.0677,0.81495,-0.13261,0.26433,0.64394,0.17044,-0.69744,673.8,511.8,-4104.1,61806
57.963,0,-6.0862,0.76397,-0.17046,0.25145,0.64699,0.15856,-0.70217,678.21,524.12,-4104.5,61948
57.97,0,-6.1543,0.69485,-0.29809,0.23849,0.64981,0.14662,-0.70666,671.12,530,-4103.1,59607
57.977,0,-6.0929,0.69976,-0.057523,0.22544,0.65241,0.13464,-0.71092,685.5,529.04,-4096.4,61024
57.984,0,-6.1652,0.75937,-0.18489,0.21232,0.6548,0.1226,-0.71493,674.82,529.64,-4090.6,60569
57.991,0,-5.8753,0.64821,-0.20115,0.19912,0.65696,0.11052,-0.71871,683.5,511.65,-4104.5,60540
57.998,0,-6.0731,0.77202,-0.17895,0.18586,0.6589,0.098408,-0.72224,701.2,509.81,-4088.3,61517
58.005,0,-6.1726,0.65364,-0.34725,0.17253,0.66061,0.086255,-0.72553,677.52,532.27,-4088,60889
58.012,0,-6.1786,0.66838,-0.33818,0.15914,0.6621,0.074072,-0.72857,688.08,521.98,-4079.8,61300
58.019,0,-6.2294,0.87107,-0.48837,0.14569,0.66337,0.061861,-0.73136,680.41,528.92,-4084.7,60047
58.026,0,-6.3328,0.70501,-0.35142,0.1322,0.66441,0.049627,-0.73391,678.3,536.11,-4077.3,61558
58.033,0,-6.2273,0.72157,-0.44466,0.11865,0.66523,0.037374,-0.73621,684.5,533.21,-4098.5,60919
58.04,0,-6.2209,0.62075,-0.53438,0.10507,0.66582,0.025106,-0.73825,706.37,523.76,-4088.2,60398
58.047,0,-6.1703,0.54812,-0.52722,0.091447,0.66618,0.012828,-0.74005,687.48,534.6,-4076.4,60344
58.054,0,-6.3949,0.58254,-0.23887,0.077793,0.66632,0.00054358,-0.7416,688.27,535.28,-4071.8,61033
58.061,0,-6.2504,0.59302,-0.39872,0.064112,0.66623,-0.011743,-0.74289,689.86,523.68,-4068,60937
58.068,0,-6.2987,0.70995,-0.59605,0.050407,0.66591,-0.024028,-0.74394,679.19,501.05,-4077.2,60647
58.075,0,-6.2349,0.38859,-0.60213,0.036683,0.66537,-0.036306,-0.74473,683.82,522.6,-4055.4,61860
58.082,0,-6.2704,0.63865,-0.70166,0.022946,0.6646,-0.048575,-0.74526,686.85,537.78,-4053.7,61682
58.089,0,-6.2386,0.64311,-0.4921,0.009199,0.66361,-0.060828,-0.74555,697.26,500.14,-4068.1,60235
58.096,0,-6.2017,0.56607,-0.81742,-0.0045522,0.66238,-0.073063,-0.74558,690.71,545.51,-4069,62652
58.104,0,-6.2339,0.40339,-0.64259,-0.018303,0.66094,-0.085275,-0.74536,701.66,526.26,-4075.5,63468
58.111,0,-6.3094,0.29364,-0.65614,-0.03205,0.65926,-0.09746,-0.74488,701.53,521.16,-4065,60503
58.118,0,-6.3119,0.3605,-0.82508,-0.045786,0.65737,-0.10961,-0.74415,681.52,531.74,-4083.4,62424
58.125,0,-6.2899,0.40409,-0.71357,-0.059509,0.65524,-0.12173,-0.74317,667.2,541.92,-4064.7,60709
58.132,0,-6.1795,0.44665,-0.59046,-0.073213,0.6529,-0.13381,-0.74193,687.25,511.87,-4077.1,61920
58.139,0,-6.2451,0.35918,-0.59023,-0.086893,0.65033,-0.14584,-0.74044,698.35,540.77,-4075.6,61495
58.146,0,-6.1594,0.27979,-0.89476,-0.10055,0.64754,-0.15783,-0.7387,677.02,526.88,-4059.6,63157
58.153,0,-6.2909,0.32468,-0.82594,-0.11416,0.64453,-0.16977,-0.7367,683.67,549.62,-4056.5,60126
58.16,0,-6.3354,0.41144,-0.69065,-0.12775,0.64129,-0.18165,-0.73446,690.71,517.63,-4062.9,61996
58.167,0,-6.2242,0.19349,-0.91672,-0.14129,0.63784,-0.19346,-0.73196,693.92,528.59,-4070.2,61353
58.174,0,-6.283,0.28512,-0.88642,-0.15478,0.63417,-0.20522,-0.72922,679.57,525.95,-4079.2,60862
58.181,0,-6.3785,0.57038,-0.97671,-0.16822,0.63028,-0.21691,-0.72622,688.18,538.19,-4050.3,62626
58.188,0,-6.3265,0.19374,-0.75237,-0.1816,0.62618,-0.22852,-0.72298,676.98,532.84,-4057.1,60055
58.195,0,-6.3964,0.13743,-0.69772,-0.19493,0.62186,-0.24006,-0.71949,688.06,520.99,-4032.2,61399
58.202,0,-6.3019,0.3037,-0.79252,-0.20819,0.61733,-0.25152,-0.71575,688.24,526.81,-4051.9,59815
58.209,0,-6.3707,0.1298,-0.79982,-0.22138,0.61259,-0.26289,-0.71177,659.33,530.5,-4047.4,60839
58.216,0,-6.3678,0.088965,-0.73524,-0.23449,0.60763,-0.27418,-0.70755,688.06,539.76,-4045.2,60972
58.223,0,-6.5258,-0.031224,-0.84139,-0.24753,0.60247,-0.28537,-0.70308,700.02,516.37,-4049.1,61128
58.23,0,-6.5352,-0.10027,-0.73332,-0.26048,0.5971,-0.29647,-0.69837,682.39,524.15,-4045.6,61279
58.237,0,-6.3021,0.066072,-0.82218,-0.27335,0.59153,-0.30747,-0.69343,710.09,528.14,-4057.9,62348
58.244,0,-6.3846,-0.083382,-0.6626,-0.28612,0.58575,-0.31836,-0.68824,657.84,522.3,-4037.9,59951
58.251,0,-6.3215,0.075907,-0.65141,-0.2988,0.57977,-0.32915,-0.68282,677.74,517.41,-4053.5,61853
58.258,0,-6.4175,-0.056767,-0.89652,-0.31137,0.5736,-0.33982,-0.67717,685.03,522.37,-4031.6,59756
58.266,0,-6.4919,-0.08125,-0.67958,-0.32384,0.56722,-0.35039,-0.67128,695.49,514.62,-4047.4,60834
58.273,0,-6.2954,-0.34902,-0.83969,-0.3362,0.56065,-0.36083,-0.66516,695.06,527.86,-4030.7,62201
58.28,0,-6.5423,-0.3007,-0.9147,-0.34845,0.55389,-0.37115,-0.65882,689.71,506.04,-4036.1,62974
58.287,0,-6.2395,-0.09615,-0.78681,-0.36058,0.54693,-0.38135,-0.65225,699.34,539.43,-4040.7,61122
58.294,0,-6.3907,-0.47024,-0.87923,-0.37258,0.53979,-0.39142,-0.64545,689.4,509.09,-4019.1,60475
58.301,0,-6.556,-0.48335,-0.67965,-0.38446,0.53246,-0.40135,-0.63843,683.09,520.08,-4019.1,60510
58.308,0,-6.5407,-0.46315,-0.76145,-0.39621,0.52494,-0.41115,-0.6312,697.8,527.3,-4021.8,61951
58.315,0,-6.475,-0.36958,-0.66487,-0.40782,0.51725,-0.42081,-0.62374,686.52,530.98,-4022.2,61486
58.322,0,-6.3691,-0.36348,-0.61536,-0.4193,0.50938,-0.43032,-0.61607,679.68,523.34,-4023.5,62459
58.329,0,-6.7097,-0.34903,-0.65486,-0.43063,0.50133,-0.43969,-0.60819,688,533.71,-4032.2,62457
58.336,0,-6.3714,-0.54017,-0.64007,-0.44181,0.4931,-0.44892,-0.6001,674.71,536.76,-4026,59844
58.343,0,-6.6425,-0.6175,-0.78541,-0.45285,0.48471,-0.45798,-0.59181,682.95,520.42,-4016.1,62128
58.35,0,-6.3395,-0.52892,-0.62881,-0.46373,0.47615,-0.4669,-0.58331,677.31,518.69,-4009.4,61411
58.357,0,-6.6399,-0.51273,-0.66163,-0.47445,0.46742,-0.47565,-0.57461,687.56,520.99,-4010.7,60037
58.364,0,-6.5684,-0.61037,-0.79705,-0.48501,0.45853,-0.48424,-0.56571,683.34,515.46,-4011.1,61353
58.371,0,-6.6529,-0.7711,-0.46711,-0.4954,0.44949,-0.49267,-0.55661,691.79,528.12,-4018,64216
58.378,0,-6.5144,-0.53725,-0.49051,-0.50563,0.44028,-0.50093,-0.54733,702,528.6,-4029.7,60238
58.385,0,-6.6841,-0.77351,-0.78788,-0.51568,0.43093,-0.50901,-0.53785,683.3,528.14,-4027.3,62959
58.392,0,-6.5202,-0.55961,-0.33919,-0.52555,0.42142,-0.51693,-0.52819,676.29,534.63,-4012.3,62588
58.399,0,-6.4363,-0.59082,-0.49291,-0.53525,0.41177,-0.52467,-0.51835,691.12,544.29,-4005.9,60490
58.406,0,-6.4681,-0.86246,-0.4824,-0.54476,0.40197,-0.53222,-0.50832,684.7,523.68,-4006.4,60500
58.413,0,-6.6226,-0.61361,-0.49438,-0.55408,0.39204,-0.5396,-0.49813,681.94,539.79,-4011.3,62193
58.42,0,-6.7576,-0.70315,-0.35169,-0.56322,0.38196,-0.54679,-0.48776,692.51,535.17,-4023.7,60552
58.428,0,-6.6426,-0.69983,-0.44396,-0.57216,0.37176,-0.5538,-0.47722,691.46,535.52,-4004.8,61066
58.435,0,-6.4771,-0.55147,-0.34853,-0.58091,0.36142,-0.56061,-0.46651,683.85,528.97,-4011.8,61776
58.442,0,-6.6175,-0.7364,-0.40385,-0.58945,0.35096,-0.56723,-0.45565,677.17,512.43,-4012.1,60948
58.449,0,-6.5473,-0.82863,-0.21738,-0.5978,0.34038,-0.57366,-0.44462,694.4,538.3,-4007.2,61485
58.456,1,-6.5843,-0.8418,-0.12247,-0.60594,0.32967,-0.5799,-0.43345,682.66,530.91,-4018.2,61528
58.463,0,-6.6192,-0.79428,-0.28449,-0.61387,0.31886,-0.58593,-0.42212,682.41,533.9,-4006.9,62833
58.47,0,-6.6404,-0.91919,-0.21198,-0.62159,0.30793,-0.59176,-0.41064,697.66,532.96,-3996.6,59459
58.477,0,-6.6964,-0.89188,-0.064517,-0.6291,0.29689,-0.59739,-0.39903,680.67,536.04,-3995,58708
58.484,0,-6.5148,-0.74099,-0.078341,-0.63639,0.28575,-0.60281,-0.38727,676.64,542.59,-4004.9,63312
58.491,0,-6.5152,-0.85486,-0.24561,-0.64346,0.2745,-0.60803,-0.37538,681.68,534.73,-3983.9,60206
58.498,0,-6.598,-0.79129,-0.097493,-0.65031,0.26316,-0.61304,-0.36336,715.69,522.1,-4003.3,63034
58.505,0,-6.7205,-1.0401,-0.035446,-0.65693,0.25173,-0.61783,-0.35122,683.5,533.89,-3988.7,63460
58.512,0,-6.6296,-0.89416,0.039475,-0.66333,0.24021,-0.62242,-0.33895,684.81,537.46,-4000.8,62697
58.519,0,-6.789,-0.76742,-0.090903,-0.6695,0.2286,-0.62679,-0.32656,685.91,551.59,-3995.4,61432
58.526,0,-6.9578,-0.63161,0.016125,-0.67544,0.21692,-0.63094,-0.31406,687.59,545.33,-3992.3,60016
58.533,0,-6.8095,-0.85125,0.039891,-0.68115,0.20515,-0.63488,-0.30145,672.91,545.58,-3990.4,62200
58.54,0,-6.8621,-0.92741,-0.02404,-0.68663,0.19332,-0.63859,-0.28874,690.75,525.03,-3975,63052
58.547,0,-6.6105,-0.6819,0.099213,-0.69186,0.18141,-0.64209,-0.27592,687.3,528.1,-4001,62078
58.554,0,-6.573,-0.7576,0.19876,-0.69686,0.16944,-0.64537,-0.26301,698.55,524.94,-3987.7,61246
58.561,0,-6.5628,-0.68785,0.17754,-0.70162,0.15741,-0.64842,-0.25001,687.87,540.37,-3984.9,64028
58.568,0,-6.7122,-0.89838,0.20538,-0.70613,0.14533,-0.65125,-0.23692,699.52,533.37,-3987.7,63014
58.575,0,-6.5528,-0.91225,0.2057,-0.7104,0.13319,-0.65385,-0.22374,697.62,537.63,-3988.5,60016
58.582,0,-6.4395,-0.78912,0.16393,-0.71443,0.121,-0.65623,-0.21049,672.06,525.4,-3969.2,61428
58.59,0,-6.7033,-0.90281,0.49393,-0.71821,0.10877,-0.65838,-0.19716,695.91,523.07,-3987.6,61322
58.597,0,-7.0017,-0.83262,0.39892,-0.72174,0.096502,-0.66031,-0.18377,679.53,521.79,-3976.4,60641
58.604,0,-7.1233,-0.90416,0.31506,-0.72502,0.084197,-0.662,-0.17031,687.65,509.8,-3964.8,61671
58.611,0,-7.3968,-0.66466,0.54037,-0.72805,0.071861,-0.66347,-0.15679,690.64,532.65,-3977.8,61957
58.618,0,-7.5437,-0.76968,0.50469,-0.73083,0.059498,-0.66471,-0.14321,673.17,536.93,-3957.1,62138
58.625,0,-7.5055,-0.894,0.49767,-0.73336,0.047112,-0.66571,-0.12959,680.74,521.77,-3969.7,60313
58.632,0,-7.5086,-0.85373,0.41515,-0.73563,0.034709,-0.66649,-0.11591,695.14,525.79,-3963.1,61345
58.639,0,-6.681,-0.56518,0.58884,-0.73765,0.022291,-0.66703,-0.1022,689.92,538.03,-3967.4,62528
58.646,0,-6.1482,-0.69354,0.58986,-0.73941,0.0098642,-0.66735,-0.08845,691.16,515.34,-3963,62834
58.653,0,-6.0326,-0.63835,0.49953,-0.74092,-0.0025682,-0.66743,-0.074668,690.53,538.76,-3943.3,61625
58.66,0,-6.1507,-0.54162,0.32587,-0.74217,-0.015002,-0.66728,-0.06086,676.56,524.77,-3961.5,62087
58.667,0,-6.1819,-0.55503,0.58691,-0.74316,-0.027431,-0.6669,-0.047028,683.78,539.75,-3962.2,61081
58.674,0,-6.3095,-0.50537,0.5357,-0.74389,-0.039854,-0.66628,-0.03318,690.8,536.93,-3955.4,60950
58.681,0,-6.3075,-0.40569,0.63683,-0.74437,-0.052264,-0.66544,-0.019319,688.04,520.55,-3958.3,61835
58.688,0,-6.1692,-0.53015,0.65298,-0.74459,-0.064658,-0.66436,-0.0054497,684.13,560.73,-3926,61062
58.695,0,-6.0706,-0.54168,0.66883,-0.74455,-0.077032,-0.66305,0.0084225,686.36,537.55,-3970.6,62234
58.702,0,-6.2737,-0.31902,0.63946,-0.74425,-0.08938,-0.66152,0.022293,676.58,539.53,-3946.7,61760
58.709,0,-6.2112,-0.40445,0.52824,-0.7437,-0.1017,-0.65975,0.036157,676.77,513.6,-3948.1,62463
58.716,0,-6.093,-0.40878,0.7496,-0.74288,-0.11399,-0.65775,0.05001,673.3,543.08,-3943.2,60253
58.723,0,-6.2165,-0.17992,0.73689,-0.74181,-0.12623,-0.65552,0.063846,694.66,527.07,-3957.1,63739
58.73,0,-6.2642,-0.22469,0.59954,-0.74048,-0.13844,-0.65307,0.077662,686.78,532.91,-3949.3,64729
58.737,0,-6.0694,-0.18628,0.65404,-0.73889,-0.1506,-0.65039,0.091452,676.68,533.69,-3932,62187
58.744,0,-6.128,-0.036281,0.74929,-0.73704,-0.16271,-0.64748,0.10521,678.54,532.02,-3952.2,62747
58.752,0,-6.1985,-0.16065,0.79234,-0.73494,-0.17476,-0.64434,0.11894,699.2,528.68,-3927,62061
58.759,0,-6.1187,-0.17822,0.72729,-0.73258,-0.18676,-0.64098,0.13262,702.96,538.26,-3937.3,63271
58.766,0,-6.3563,-0.13413,0.66189,-0.72997,-0.19869,-0.6374,0.14626,674.57,522.06,-3947.1,59138
58.773,0,-6.2128,-0.22131,0.83355,-0.7271,-0.21056,-0.63359,0.15985,667.67,526.53,-3929.7,62365
58.78,0,-6.2117,-0.092752,0.70689,-0.72398,-0.22235,-0.62956,0.17338,683.36,548.86,-3944.4,61575
58.787,0,-6.0201,-0.13299,0.571,-0.72061,-0.23407,-0.62531,0.18686,683.34,542.47,-3934.2,61088
58.794,0,-6.283,-0.084916,0.81853,-0.71699,-0.24571,-0.62085,0.20027,677.68,550.62,-3929.9,62985
58.801,0,-6.1163,-0.042762,0.67757,-0.71311,-0.25726,-0.61616,0.21362,694.21,531.46,-3946.9,61072
58.808,0,-6.2841,-0.042237,0.86048,-0.70899,-0.26873,-0.61127,0.22689,686.14,537.04,-3937.7,62852
58.815,0,-6.1906,-0.043154,0.77754,-0.70462,-0.2801,-0.60615,0.24008,703.68,546.43,-3917.3,62553
58.822,0,-6.0654,-0.023069,0.81006,-0.7,-0.29138,-0.60083,0.25319,685.56,531.77,-3934,61960
58.829,0,-6.1623,-0.078315,0.70585,-0.69514,-0.30256,-0.59529,0.26621,711.79,535.96,-3941.2,62297
58.836,0,-6.2478,0.1616,0.73863,-0.69004,-0.31363,-0.58955,0.27915,677.15,550.68,-3923.9,61432
58.843,0,-6.3049,0.15277,0.6721,-0.68469,-0.3246,-0.58359,0.29198,672.88,535.5,-3926.2,63276
58.85,0,-6.1479,0.13986,0.81635,-0.67911,-0.33545,-0.57744,0.30472,707.42,530.21,-3915.7,61400
58.857,0,-6.2208,0.12689,0.79693,-0.67328,-0.34619,-0.57108,0.31735,718.56,540.49,-3925.8,63350
58.864,0,-6.2894,0.11965,0.79524,-0.66723,-0.35681,-0.56452,0.32987,676.04,554.12,-3920.7,62638
58.871,0,-6.2742,0.27332,0.82076,-0.66094,-0.36731,-0.55776,0.34227,679.44,536.98,-3923.3,62353
58.878,0,-6.1519,0.40335,0.66368,-0.65441,-0.37768,-0.55081,0.35456,695.34,530.6,-3924.1,60982
58.885,0,-6.2718,0.289,0.65042,-0.64766,-0.38792,-0.54366,0.36673,669.27,531.18,-3929,63433
58.892,0,-6.2745,0.28411,0.68031,-0.64068,-0.39803,-0.53632,0.37877,699.75,534.97,-3909,61036
58.899,0,-6.112,0.21911,0.86207,-0.63348,-0.40799,-0.52879,0.39067,676.82,537.75,-3911.6,61761
58.906,0,-6.1475,0.23348,0.75519,-0.62605,-0.41782,-0.52108,0.40244,698.68,542.92,-3907.9,61680
58.914,0,-6.0794,0.42518,0.73995,-0.61841,-0.4275,-0.51318,0.41408,667.7,532.98,-3919.2,61512
58.921,0,-6.1257,0.35136,0.51586,-0.61055,-0.43704,-0.5051,0.42556,684.4,530.4,-3906.8,61304
58.928,0,-6.1846,0.3755,0.71909,-0.60247,-0.44642,-0.49684,0.4369,683.21,530.51,-3896.2,63371
58.935,0,-6.1813,0.40785,0.69657,-0.59418,-0.45565,-0.48841,0.44809,700.57,536.81,-3903.2,62457
58.942,0,-6.2839,0.56653,0.67674,-0.58568,-0.46472,-0.47981,0.45913,686.57,531.21,-3901.6,64307
58.949,0,-6.4536,0.48573,0.66586,-0.57698,-0.47363,-0.47103,0.47,687.13,537.01,-3903.3,62454
58.956,0,-6.2106,0.47783,0.58994,-0.56807,-0.48237,-0.46209,0.48071,693.77,503.31,-3898.5,61010
58.963,0,-6.2468,0.71823,0.49139,-0.55897,-0.49095,-0.45299,0.49125,697.67,538.78,-3892.4,62283
58.97,0,-6.1138,0.6779,0.52043,-0.54966,-0.49935,-0.44373,0.50162,708.17,539.57,-3896,61333
58.977,0,-6.2963,0.74072,0.42057,-0.54017,-0.50758,-0.4343,0.51182,686.32,537.79,-3892.6,60589
58.984,0,-6.3342,0.51362,0.43147,-0.53048,-0.51564,-0.42473,0.52184,687.35,542.22,-3890.1,64407
58.991,0,-6.3044,0.53614,0.38144,-0.52061,-0.52351,-0.415,0.53167,690.59,513.58,-3904.5,61442
58.998,0,-6.3377,0.6268,0.33368,-0.51055,-0.53121,-0.40513,0.54132,666.61,532.47,-3884.5,63526
59.005,0,-6.3425,0.66892,0.34648,-0.50031,-0.53871,-0.39511,0.55078,691.59,527.34,-3901.5,63332
59.012,0,-6.2976,0.65588,0.27345,-0.4899,-0.54603,-0.38495,0.56005,665.51,532.77,-3890.5,63093
59.019,0,-6.2674,0.80729,0.48992,-0.47931,-0.55316,-0.37466,0.56912,696.14,530.87,-3890.9,62921
59.026,0,-6.3016,0.84683,0.58165,-0.46856,-0.5601,-0.36423,0.578,688.95,537.1,-3874.7,62066
59.033,0,-6.436,0.65997,0.20066,-0.45764,-0.56684,-0.35367,0.58667,694.08,527.93,-3883.6,63593
59.04,0,-6.4656,0.74661,0.24482,-0.44655,-0.57338,-0.34299,0.59513,692.31,553.65,-3871.4,62006
59.047,0,-6.3047,0.7962,0.0095607,-0.43531,-0.57972,-0.33219,0.60339,681.66,535.19,-3882.9,62830
59.054,0,-6.181,0.66687,0.43819,-0.42392,-0.58586,-0.32126,0.61144,689.6,523.76,-3887.1,62372
59.061,0,-6.3575,0.65023,0.24345,-0.41237,-0.59179,-0.31022,0.61927,674.39,551.44,-3871.7,61530
59.069,0,-6.3691,0.90603,0.22913,-0.40068,-0.59752,-0.29907,0.62688,697.57,533.09,-3880.5,62841
59.076,0,-6.3795,0.84975,0.19796,-0.38885,-0.60304,-0.28781,0.63428,698.23,543.67,-3882.6,62889
59.083,0,-6.2802,0.78024,0.2251,-0.37688,-0.60834,-0.27645,0.64145,685.82,538.45,-3860.7,63575
59.09,0,-6.3212,0.80177,0.16741,-0.36477,-0.61343,-0.26499,0.6484,690.8,529.58,-3857.4,62732
59.097,0,-6.3429,0.86915,0.15075,-0.35254,-0.61831,-0.25344,0.65512,680.13,532.49,-3870.1,63088
59.104,0,-6.1984,0.84113,0.14627,-0.34018,-0.62297,-0.24179,0.66161,703.78,531.14,-3886.9,62154
59.111,0,-6.3228,0.85537,0.010232,-0.3277,-0.62741,-0.23006,0.66787,685.2,533.83,-3840.8,63613
59.118,0,-6.2964,0.81886,0.054118,-0.3151,-0.63163,-0.21824,0.67389,712.94,527.19,-3867,62978
59.125,0,-6.2873,0.8028,-0.19014,-0.30239,-0.63563,-0.20635,0.67967,690.18,535.7,-3862.1,61647
59.132,0,-6.4279,0.69869,0.10553,-0.28957,-0.6394,-0.19438,0.68522,697.04,537.05,-3852.8,62755
59.139,0,-6.3205,0.70461,-0.072466,-0.27665,-0.64295,-0.18234,0.69053,698.56,542.12,-3886.4,63104
59.146,0,-6.4622,0.73726,-0.21619,-0.26364,-0.64628,-0.17023,0.69559,685.58,528.62,-3870.1,62075
59.153,0,-6.3115,0.82062,-0.054847,-0.25052,-0.64937,-0.15806,0.70041,679.35,545.76,-3848.5,62673
59.16,1,-6.5478,0.73523,-0.15286,-0.23732,-0.65224,-0.14583,0.70498,675.27,530.46,-3855.8,63358
59.167,0,-6.3594,1.0344,-0.050197,-0.22403,-0.65488,-0.13355,0.7093,674.91,533.68,-3866.6,61878
59.174,0,-6.4387,0.74802,-0.29245,-0.21067,-0.65729,-0.12122,0.71337,692.35,534.08,-3857.1,62451
59.181,0,-6.3623,0.86635,-0.40788,-0.19722,-0.65946,-0.10885,0.71719,695.98,531.72,-3870.6,61922
59.188,0,-6.4141,0.6497,-0.27682,-0.18371,-0.6614,-0.096436,0.72076,679.77,530.73,-3847.5,62249
59.195,0,-6.3403,0.68365,-0.36549,-0.17013,-0.66311,-0.083985,0.72408,699.23,536.96,-3835.8,63831
59.202,0,-6.3459,0.6064,-0.38961,-0.15649,-0.66459,-0.071503,0.72713,694.26,538.29,-3839.4,62544
59.209,0,-6.5265,0.62963,-0.42487,-0.14279,-0.66583,-0.058993,0.72994,681.79,539.69,-3864.5,62038
59.216,0,-6.4487,0.67094,-0.4887,-0.12904,-0.66683,-0.04646,0.73248,690.35,550.57,-3828.3,63853
59.223,0,-6.4688,0.64255,-0.67409,-0.11524,-0.6676,-0.033909,0.73477,670.87,536.7,-3857.5,64449
59.231,0,-6.2777,0.72533,-0.56703,-0.10141,-0.66813,-0.021344,0.73679,687.36,533.04,-3851.5,63828
59.238,0,-6.4852,0.67045,-0.42988,-0.087531,-0.66843,-0.0087693,0.73856,687.57,543.28,-3846.9,61581
59.245,0,-6.3946,0.5429,-0.4596,-0.073623,-0.66849,0.0038105,0.74006,690.33,532.22,-3862.7,62134
59.252,0,-6.4088,0.6056,-0.65834,-0.059689,-0.66831,0.016391,0.7413,685.75,548.35,-3852.3,61734
59.259,0,-6.405,0.60151,-0.50017,-0.045731,-0.66789,0.028968,0.74228,689.62,532.66,-3847.2,62101
59.266,0,-6.623,0.48789,-0.91224,-0.031757,-0.66724,0.041536,0.743,686.6,541.09,-3852.9,60089
59.273,0,-6.4587,0.52293,-0.49831,-0.01777,-0.66636,0.054092,0.74346,689.23,545.94,-3852.8,64831
59.28,0,-6.5864,0.53268,-0.55673,-0.0037754,-0.66523,0.06663,0.74365,668.49,531.29,-3829.8,62674
59.287,0,-6.4385,0.39754,-0.61726,0.010222,-0.66387,0.079147,0.74358,687.38,525.64,-3830,64482
59.294,0,-6.3127,0.67604,-0.75682,0.024216,-0.66228,0.091638,0.74324,688.84,543.51,-3827.8,63620
59.301,0,-6.4242,0.46282,-0.82367,0.038204,-0.66045,0.1041,0.74264,702.92,540.9,-3838.1,63942
59.308,0,-6.339,0.41365,-0.6953,0.052179,-0.65838,0.11652,0.74178,695.38,530.85,-3833.3,62160
59.315,0,-6.2558,0.41032,-0.67358,0.066137,-0.65608,0.12891,0.74065,691.41,529.01,-3827.6,64044
59.322,0,-6.5259,0.37874,-0.81746,0.080072,-0.65355,0.14125,0.73926,696.15,537.36,-3823.7,63006
59.329,0,-6.4364,0.26649,-0.68805,0.093981,-0.65078,0.15354,0.73761,674.65,529.47,-3823,62886
59.336,0,-6.4764,0.37386,-0.75993,0.10786,-0.64779,0.16579,0.7357,697.48,535.05,-3821.8,63887
59.343,0,-6.5511,0.29234,-0.7533,0.1217,-0.64456,0.17797,0.73353,685.44,556.68,-3815.3,63100
59.35,0,-6.4878,0.23712,-0.68097,0.13549,-0.6411,0.19009,0.73109,684.45,532.05,-3825.1,63705
59.357,0,-6.5517,0.041346,-0.73505,0.14924,-0.63741,0.20215,0.7284,699.48,529.63,-3820.4,63879
59.364,0,-6.3585,-0.0080747,-0.72853,0.16294,-0.6335,0.21414,0.72544,685.54,536.42,-3832.5,63453
59.371,0,-6.4061,0.26542,-0.86714,0.17659,-0.62936,0.22605,0.72223,706.54,519.7,-3813.7,61653
59.378,0,-6.5103,0.13404,-0.68565,0.19017,-0.625,0.23788,0.71877,718.86,532.71,-3810.4,61370
59.385,0,-6.4428,0.0055236,-0.88449,0.20368,-0.62041,0.24963,0.71504,699.51,539.46,-3814.4,61246
59.393,0,-6.5358,0.06154,-0.71654,0.21712,-0.61561,0.2613,0.71106,697.43,533.02,-3822.2,62795
59.4,0,-6.361,0.5052,-0.83102,0.23049,-0.61058,0.27287,0.70683,688.03,528.72,-3820.7,63907
59.407,0,-6.4298,0.031871,-0.7737,0.24378,-0.60533,0.28435,0.70235,699.82,516.11,-3799.9,62705
59.414,0,-6.52,-0.06605,-0.67263,0.25698,-0.59987,0.29573,0.69761,683.98,534.63,-3804.4,62518
59.421,0,-6.276,0.025967,-0.79412,0.27009,-0.59419,0.307,0.69263,679.92,532.35,-3801.6,64521
59.428,0,-6.3702,-0.27071,-0.8337,0.2831,-0.5883,0.31817,0.6874,701.48,531.9,-3795.5,64094
59.435,0,-6.4958,-0.26359,-0.79572,0.29602,-0.5822,0.32922,0.68193,691.56,540.77,-3820.4,63272
59.442,0,-6.496,-0.19879,-0.783,0.30883,-0.5759,0.34016,0.67621,698.05,530.42,-3783.2,62802
59.449,0,-6.5226,-0.18102,-0.83115,0.32153,-0.56938,0.35098,0.67025,689.69,543.48,-3797.5,63637
59.456,0,-6.4464,-0.31394,-0.80209,0.33412,-0.56266,0.36168,0.66405,683.3,528.65,-3797.4,61478
59.463,0,-6.6134,-0.23168,-0.65518,0.34659,-0.55574,0.37225,0.65761,700.43,548.59,-3798.3,62129
59.47,0,-6.4774,-0.19167,-0.682,0.35894,-0.54862,0.38268,0.65094,699.37,555.57,-3810.1,63040
59.477,0,-6.5985,-0.30958,-0.8117,0.37116,-0.54131,0.39299,0.64404,698.3,540.83,-3786.7,63787
59.484,0,-6.7158,-0.28659,-0.82286,0.38325,-0.53379,0.40315,0.63691,700.36,525.21,-3797.6,63223
59.491,0,-6.4095,-0.37041,-0.77067,0.39521,-0.52609,0.41317,0.62954,694.76,526.06,-3803.5,64173
59.498,0,-6.414,-0.42241,-0.66927,0.40702,-0.5182,0.42305,0.62196,709.01,537.58,-3763.9,64042
59.505,0,-6.4415,-0.33909,-0.58442,0.4187,-0.51012,0.43277,0.61415,694,528.07,-3783.5,64965
59.512,0,-6.7249,-0.43808,-0.7769,0.43022,-0.50186,0.44234,0.60612,695.87,540.81,-3787.8,63448
59.519,0,-6.5854,-0.42836,-0.65684,0.44159,-0.49342,0.45176,0.59787,694.99,545.3,-3794.4,63216
59.526,0,-6.6241,-0.53222,-0.79359,0.4528,-0.4848,0.46102,0.58941,675.66,549.71,-3789,62527
59.533,0,-6.3775,-0.54373,-0.6076,0.46385,-0.47601,0.47011,0.58074,678.5,537.68,-3779.8,62450
59.54,0,-6.5619,-0.44176,-0.61358,0.47474,-0.46704,0.47903,0.57186,670.29,532.47,-3771.1,63665
59.547,0,-6.6658,-0.44719,-0.4905,0.48546,-0.45791,0.48779,0.56277,697.28,550.23,-3790.7,62645
59.555,0,-6.5668,-0.68727,-0.56857,0.49601,-0.44861,0.49637,0.55349,688.34,535.39,-3776,60518
59.562,0,-6.529,-0.66843,-0.70839,0.50638,-0.43914,0.50478,0.544,701.11,526.62,-3786.8,61668
59.569,0,-6.6514,-0.63896,-0.61264,0.51657,-0.42952,0.513,0.53432,690.98,538.84,-3795.5,63522
59.576,0,-6.4362,-0.59808,-0.42828,0.52657,-0.41975,0.52105,0.52444,700.05,526.85,-3790.3,62183
59.583,0,-6.6847,-0.59894,-0.4566,0.53639,-0.40982,0.5289,0.51438,701.07,552.32,-3784.5,65059
59.59,0,-6.4751,-0.83567,-0.38968,0.54602,-0.39975,0.53657,0.50414,686.43,524.34,-3770.2,62010
59.597,0,-6.4791,-0.57094,-0.43024,0.55545,-0.38953,0.54405,0.49371,700.11,536.64,-3766.3,63677
59.604,0,-6.6125,-0.62492,-0.16972,0.56469,-0.37917,0.55134,0.4831,683.8,528.65,-3772.1,62844
59.611,0,-6.6855,-0.55251,-0.45222,0.57372,-0.36867,0.55842,0.47232,680.3,523.25,-3780.2,61995
59.618,0,-6.6205,-0.70935,-0.47168,0.58255,-0.35803,0.56531,0.46138,684.22,542.25,-3774.6,63188
59.625,0,-6.3888,-0.86704,-0.30881,0.59117,-0.34727,0.572,0.45026,686.46,546.48,-3769.3,62306
59.632,0,-6.6042,-0.85815,-0.30426,0.59958,-0.33638,0.57848,0.43898,690.89,551.3,-3751.6,63566
59.639,0,-6.5407,-0.73298,-0.3204,0.60778,-0.32537,0.58476,0.42755,688.29,541.7,-3762.1,63650
59.646,0,-6.6167,-0.68714,-0.12013,0.61576,-0.31424,0.59082,0.41596,700.86,544.97,-3772.7,62203
59.653,0,-6.6217,-0.80047,-0.19525,0.62352,-0.303,0.59668,0.40422,706.28,536.96,-3776.9,63005
59.66,0,-6.5141,-0.88064,-0.12404,0.63106,-0.29164,0.60232,0.39233,684.27,537.58,-3768.7,62617
59.667,0,-6.5671,-0.92217,-0.0057996,0.63837,-0.28018,0.60774,0.3803,689.13,530.06,-3756.8,66778
59.674,0,-6.7255,-0.69428,-0.13822,0.64545,-0.26862,0.61295,0.36814,688.39,541.28,-3771.9,64395
59.681,0,-6.6542,-0.71819,-0.015112,0.65231,-0.25695,0.61794,0.35584,691.79,544.71,-3764.9,62228
59.688,0,-6.6511,-0.90373,0.054779,0.65893,-0.2452,0.62271,0.34341,686.82,515.06,-3752.2,65657
59.695,0,-6.6203,-0.82751,-0.069618,0.66531,-0.23335,0.62725,0.33086,694.79,533.96,-3745.7,62446
59.702,0,-6.6223,-0.79242,-0.08356,0.67145,-0.22142,0.63157,0.31819,698.44,532.8,-3762.3,64673
59.709,0,-6.7664,-0.67499,-0.074379,0.67736,-0.20941,0.63566,0.3054,696.73,525.09,-3762.1,63684
59.717,0,-6.6007,-0.9388,0.21802,0.68302,-0.19732,0.63952,0.29251,692.43,548.81,-3762.9,64233
59.724,0,-6.6817,-0.80575,-0.022486,0.68844,-0.18516,0.64315,0.2795,710.82,554.09,-3734.7,64097
59.731,0,-6.4023,-0.78015,0.1659,0.69361,-0.17293,0.64655,0.2664,689.73,546.1,-3737.6,63832
59.738,0,-6.5195,-0.72158,0.12663,0.69853,-0.16063,0.64972,0.2532,687.4,543.71,-3762.9,63483
59.745,0,-6.6872,-0.87637,0.28094,0.70321,-0.14828,0.65266,0.2399,704.45,542.73,-3759.5,63494
59.752,0,-6.696,-0.82373,0.31298,0.70763,-0.13587,0.65536,0.22652,685.66,549.91,-3737.5,64168
59.759,0,-6.7012,-0.77625,0.22495,0.71179,-0.12341,0.65782,0.21306,702.38,535.94,-3749,63247
59.766,0,-6.5993,-0.62818,0.36069,0.7157,-0.11091,0.66005,0.19951,698.35,531.03,-3743.7,64075
59.773,0,-6.7198,-0.78233,0.27852,0.71935,-0.098359,0.66204,0.1859,692.06,546.77,-3736.3,65157
59.78,0,-6.5915,-0.61767,0.20674,0.72275,-0.085775,0.66379,0.17221,704.52,550.5,-3730.2,62810
59.787,0,-6.5086,-0.74283,0.39425,0.72588,-0.073159,0.6653,0.15847,689.62,544.15,-3742,61969
59.794,0,-6.706,-0.77418,0.37754,0.72876,-0.060514,0.66658,0.14466,701.75,541.43,-3743.1,64667
59.801,0,-6.7393,-0.60114,0.49354,0.73137,-0.047846,0.66761,0.1308,684.37,541.62,-3714.1,63910
59.808,0,-7.0481,-0.67374,0.48739,0.73372,-0.035159,0.6684,0.11689,702.01,546.81,-3736.2,62857
59.815,0,-6.9623,-0.59095,0.63466,0.7358,-0.022458,0.66895,0.10294,695.26,549.82,-3718.9,64290
59.822,0,-7.0861,-0.78513,0.49417,0.73762,-0.0097474,0.66926,0.088953,691.13,550.38,-3728.6,63279
59.829,0,-7.1925,-0.54307,0.67434,0.73917,0.0029684,0.66933,0.07493,693.82,515.94,-3714.8,62762
59.836,0,-7.2127,-0.69195,0.71897,0.74046,0.015685,0.66915,0.060879,701.15,537.32,-3721.5,62974
59.843,0,-7.0692,-0.83046,0.55701,0.74148,0.028397,0.66874,0.046804,717.71,538.97,-3732.1,63963
59.85,0,-7.0937,-0.55167,0.5151,0.74223,0.0411,0.66808,0.032711,698.78,552.39,-3718.2,64430
59.857,0,-7.3356,-0.76186,0.81062,0.74272,0.05379,0.66718,0.018605,701.19,542.6,-3730.7,62926
59.864,1,-7.3061,-0.48865,0.66858,0.74294,0.066462,0.66604,0.0044904,675.63,545.2,-3708.3,64139
59.871,0,-7.1777,-0.51312,0.80769,0.74289,0.079111,0.66466,-0.0096268,704.37,550.31,-3724.1,63017
59.879,0,-7.2023,-0.47397,0.64465,0.74257,0.091733,0.66304,-0.023742,694.33,550.42,-3718.1,63802
59.886,0,-7.114,-0.59422,0.81626,0.74198,0.10432,0.66117,-0.03785,691.75,527.69,-3705.3,63887
59.893,0,-6.9754,-0.35075,0.74271,0.74112,0.11688,0.65907,-0.051945,687.35,545.45,-3716.5,64118
59.9,0,-7.1873,-0.38417,0.68854,0.74,0.12939,0.65674,-0.066023,698.91,533.27,-3719.3,64599
59.907,0,-7.1996,-0.40739,1.018,0.73861,0.14186,0.65416,-0.080078,678.95,539.4,-3709.3,62577
59.914,0,-7.1573,-0.38315,0.8931,0.73695,0.15428,0.65134,-0.094106,694.95,524.95,-3709.3,61726
59.921,0,-7.1164,-0.37369,0.71014,0.73502,0.16664,0.6483,-0.1081,701.54,537.68,-3713.5,62897
59.928,0,-7.1891,-0.19558,0.71783,0.73283,0.17894,0.64501,-0.12206,704.7,551.77,-3717.7,64575
59.935,0,-7.1899,-0.38412,0.77091,0.73037,0.19119,0.64149,-0.13597,697.71,537.25,-3701.1,63959
59.942,0,-7.2365,-0.33889,0.79249,0.72765,0.20336,0.63774,-0.14984,713.68,534.46,-3708.8,65575
59.949,0,-7.1498,-0.10909,1.0189,0.72467,0.21546,0.63376,-0.16365,696.44,529.8,-3686.3,64578
59.956,0,-7.2423,-0.24279,0.77178,0.72142,0.22748,0.62955,-0.17741,690.59,554.56,-3699.9,64332
59.963,0,-7.1436,-0.02478,0.81289,0.71791,0.23943,0.62511,-0.1911,708.82,527.01,-3701.8,63632
59.97,0,-7.1358,-0.00028994,0.97015,0.71414,0.25129,0.62044,-0.20472,705.94,526.03,-3713,65140
59.977,0,-7.1426,0.05588,0.94398,0.71011,0.26305,0.61555,-0.21827,695.12,536.86,-3670.9,65800
59.984,0,-7.1984,-0.11954,1.0123,0.70582,0.27473,0.61043,-0.23175,695.01,556.77,-3689.8,63657
59.991,0,-7.0516,-0.088378,0.94021,0.70128,0.2863,0.6051,-0.24514,695.95,535.21,-3679,61963
59.998,0,-7.3258,-0.1895,1.0111,0.69648,0.29778,0.59954,-0.25844,700.96,532.91,-3703.5,64873
60.005,0,-7.2149,-0.10718,0.87926,0.69143,0.30915,0.59376,-0.27165,712.82,536.42,-3694.1,63971
60.012,0,-7.1049,0.20452,0.81619,0.68613,0.3204,0.58777,-0.28476,696.2,534.32,-3681.9,61846
60.019,0,-7.0998,0.019941,0.96436,0.68058,0.33154,0.58157,-0.29777,707.68,530.31,-3672.4,64044
60.026,0,-7.2129,0.47778,0.76873,0.67478,0.34256,0.57515,-0.31067,693.3,540.95,-3688.5,64241
60.033,0,-7.2246,0.13258,0.67672,0.66874,0.35346,0.56853,-0.32347,708.01,523.79,-3696.2,63470
60.041,0,-7.018,0.27031,0.89678,0.66245,0.36424,0.5617,-0.33614,688.84,540.29,-3678.5,63442
60.048,0,-7.137,0.44337,0.69012,0.65592,0.37488,0.55466,-0.34869,679.05,558.54,-3693.4,65937
60.055,0,-7.0723,0.35225,0.70398,0.64915,0.38538,0.54742,-0.36112,692.7,536.39,-3696,65337
60.062,0,-7.1217,0.37281,0.77561,0.64215,0.39575,0.53998,-0.37342,698.24,538.85,-3680.7,64195
60.069,0,-6.9997,0.26358,0.77671,0.63491,0.40598,0.53235,-0.38558,692.99,540.29,-3669.7,62116
60.076,0,-7.2025,0.32971,0.72038,0.62745,0.41606,0.52452,-0.39761,689.94,544.96,-3680.3,65813
60.083,0,-7.2034,0.38748,0.83311,0.61975,0.42598,0.5165,-0.40949,696.82,560.59,-3661.2,63584
60.09,0,-7.1484,0.34682,0.84805,0.61183,0.43576,0.50829,-0.42122,696.94,542.66,-3682.7,62943
60.097,0,-7.0879,0.60385,0.59041,0.60368,0.44538,0.49989,-0.4328,715.38,546.71,-3688,63882
60.104,0,-7.1155,0.54377,0.77017,0.59531,0.45484,0.49131,-0.44423,678.39,536.59,-3677.3,62714
60.111,0,-7.1428,0.64123,0.77538,0.58673,0.46413,0.48256,-0.45549,683.56,545.3,-3666.6,63015
60.118,0,-7.2975,0.54893,0.7067,0.57793,0.47326,0.47362,-0.46659,710.03,562.5,-3685,64882
60.125,0,-6.9956,0.48351,0.81588,0.56893,0.48221,0.46452,-0.47752,700.54,547.5,-3682.8,65206
60.132,0,-7.0603,0.59503,0.55679,0.55971,0.49099,0.45524,-0.48827,687.92,548.98,-3676.4,64183
60.139,0,-7.1156,0.49111,0.56549,0.55029,0.49959,0.4458,-0.49885,702.92,536.03,-3663.6,63649
60.146,0,-7.2315,0.59693,0.62715,0.54067,0.50801,0.43619,-0.50925,706.19,526.54,-3675.8,64206
60.153,0,-6.9674,0.63459,0.30604,0.53085,0.51625,0.42642,-0.51947,687.31,537.47,-3663.6,65863
60.16,0,-7.106,0.58861,0.39545,0.52084,0.5243,0.4165,-0.52949,704.8,546.52,-3656.3,65333
60.167,0,-7.028,0.80537,0.46517,0.51064,0.53216,0.40642,-0.53933,700.4,559.66,-3677.6,65648
60.174,0,-7.1949,0.76851,0.65361,0.50025,0.53983,0.3962,-0.54896,701.95,551,-3652.1,64813
60.181,0,-7.1842,0.77631,0.35677,0.48968,0.5473,0.38583,-0.5584,707.41,547.28,-3654,64596
60.188,0,-7.2459,0.87366,0.48044,0.47892,0.55458,0.37531,-0.56764,707.98,553.17,-3665.5,66124
60.195,0,-7.2831,0.85465,0.53734,0.468,0.56165,0.36466,-0.57667,713.97,544.56,-3662.5,63404
60.203,0,-7.2025,0.83006,0.38582,0.4569,0.56852,0.35388,-0.58549,693.07,548.58,-3654.6,65666
60.21,0,-6.9826,0.8059,0.22349,0.44564,0.57518,0.34296,-0.5941,680.85,532.03,-3662.5,64710
60.217,0,-7.2673,0.80207,0.39835,0.43421,0.58163,0.33192,-0.60249,685.74,545.26,-3660.1,62999
60.224,0,-6.99,0.92708,0.18785,0.42262,0.58787,0.32076,-0.61066,690.29,535.09,-3648.2,65157
60.231,0,-7.0941,0.96683,0.21504,0.41088,0.5939,0.30947,-0.61862,700.92,540.85,-3655.4,64280
60.238,0,-7.033,0.77455,0.31982,0.39899,0.59971,0.29808,-0.62634,692.22,542.82,-3639.2,64796
60.245,0,-7.1117,0.91264,0.35113,0.38695,0.60531,0.28657,-0.63384,700.74,530.27,-3623.4,65021
60.252,0,-7.1969,0.8617,0.36169,0.37477,0.61068,0.27496,-0.64111,689.74,534.8,-3640.8,62412
60.259,0,-7.0505,0.74549,0.22343,0.36245,0.61583,0.26324,-0.64814,698.84,548.76,-3643.1,64825
60.266,0,-7.019,0.84857,0.08344,0.35,0.62076,0.25143,-0.65494,698.95,536.65,-3620.5,63678
60.273,0,-7.0947,0.96134,0.063623,0.33742,0.62545,0.23952,-0.6615,696.19,537.63,-3642.2,64389
60.28,0,-7.0045,0.81782,0.18164,0.32472,0.62993,0.22753,-0.66782,708.44,534.76,-3632.5,65743
60.287,0,-7.1185,0.99868,0.12008,0.31189,0.63417,0.21545,-0.6739,697.15,523,-3628.7,65863
60.294,0,-7.2341,0.84652,0.020039,0.29895,0.63818,0.20329,-0.67973,710.6,530.45,-3624.1,64309
60.301,0,-7.1895,0.767,-0.063732,0.28591,0.64196,0.19105,-0.68531,699.23,534.44,-3629.4,63077
60.308,0,-7.2213,0.80794,-0.17264,0.27275,0.6455,0.17875,-0.69064,703.99,544.73,-3625,64882
60.315,0,-7.0698,0.95133,-0.13276,0.2595,0.64881,0.16637,-0.69572,693.01,535.86,-3620.8,63995
60.322,0,-7.0587,0.82262,-0.036791,0.24615,0.65188,0.15394,-0.70055,690.23,544.13,-3630.1,64639
60.329,0,-7.2752,0.69268,-0.14571,0.23271,0.65471,0.14145,-0.70512,672.47,539.16,-3634.6,66862
60.336,0,-7.1166,0.85309,-0.21917,0.21918,0.6573,0.1289,-0.70944,701.81,522,-3628.3,63832
60.343,0,-7.2291,0.83224,-0.3935,0.20558,0.65965,0.1163,-0.71349,683.16,550.15,-3620.2,66327
60.35,0,-7.0969,0.67405,-0.2511,0.19189,0.66176,0.10366,-0.71729,697.27,547.76,-3609.5,65166
60.358,0,-6.9666,0.79779,-0.37564,0.17814,0.66363,0.090985,-0.72082,689.57,541.32,-3604.8,63207
60.365,0,-7.038,0.85352,-0.34993,0.16432,0.66526,0.078272,-0.72409,687.21,542.49,-3621.8,62639
60.372,0,-7.2293,0.8364,-0.38309,0.15043,0.66664,0.065528,-0.7271,693.29,531.49,-3609.1,62250
60.379,0,-6.969,0.89409,-0.61017,0.1365,0.66778,0.052759,-0.72984,696.93,532.83,-3611.4,64507
60.386,0,-7.0397,0.62115,-0.33996,0.12251,0.66867,0.039969,-0.73231,706.63,532.89,-3606.3,64768
60.393,0,-7.0192,0.80477,-0.42999,0.10847,0.66932,0.027164,-0.73451,725.96,533.7,-3608.2,65088
60.4,0,-7.0285,0.82971,-0.43634,0.094397,0.66972,0.014346,-0.73645,700.06,545.15,-3608.1,62978
60.407,0,-7.2303,0.65649,-0.6227,0.080285,0.66988,0.0015226,-0.73812,694.17,547.91,-3601.9,64345
60.414,0,-7.1376,0.71001,-0.57227,0.066143,0.66979,-0.011303,-0.73951,698.25,540.82,-3619.3,64769
60.421,0,-6.9493,0.74548,-0.64737,0.051976,0.66945,-0.024126,-0.74064,693.88,536.89,-3587.5,65822
60.428,0,-7.1654,0.72542,-0.46941,0.037789,0.66887,-0.036942,-0.74149,698.62,562.02,-3593.7,65044
60.435,0,-7.1287,0.57893,-0.61315,0.023587,0.66805,-0.049745,-0.74208,703.78,544.53,-3590.9,65941
60.442,0,-7.0313,0.5403,-0.78809,0.0093748,0.66698,-0.062532,-0.74239,691.85,527.98,-3600.6,63219
60.449,0,-7.242,0.71751,-0.83141,-0.0048417,0.66566,-0.075296,-0.74243,687.51,555.58,-3591.5,65487
60.456,0,-7.1271,0.57908,-0.81812,-0.019058,0.6641,-0.088035,-0.7422,690.11,532.55,-3583.4,65363
60.463,0,-7.1369,0.45253,-0.86252,-0.033268,0.6623,-0.10074,-0.74169,696.57,554.77,-3595.9,65308
60.47,0,-7.1483,0.43344,-0.72709,-0.047467,0.66025,-0.11341,-0.74091,698.88,546.51,-3607.6,64019
60.477,0,-7.1211,0.39907,-0.65913,-0.061649,0.65796,-0.12605,-0.73987,690.52,546.99,-3598.1,65799
60.484,0,-7.0593,0.25288,-0.89846,-0.07581,0.65543,-0.13863,-0.73855,692.3,535.15,-3595.8,65282
60.491,0,-7.1288,0.23461,-0.89091,-0.089945,0.65265,-0.15117,-0.73695,707.31,551.02,-3588.2,63115
60.498,0,-7.2672,0.51492,-0.81574,-0.10405,0.64964,-0.16365,-0.73509,704.67,533.55,-3590.6,65545
60.505,0,-7.071,0.34502,-0.71343,-0.11811,0.64639,-0.17608,-0.73296,698.3,545.14,-3586.7,64962
60.512,0,-7.1753,0.21175,-0.93326,-0.13214,0.6429,-0.18844,-0.73056,716.04,549.31,-3583.6,64845
60.52,0,-7.1732,0.24541,-0.71632,-0.14611,0.63917,-0.20073,-0.72789,700.55,543.17,-3558.7,65955
60.527,0,-6.957,0.32776,-0.83753,-0.16004,0.63521,-0.21295,-0.72495,704.69,536.53,-3575.4,66107
60.534,0,-7.1268,0.10785,-0.9136,-0.1739,0.63101,-0.22509,-0.72175,707.08,527.83,-3582.9,65527
60.541,0,-6.9455,0.15957,-0.7833,-0.1877,0.62658,-0.23715,-0.71828,696.75,536.39,-3597.7,65239
60.548,0,-7.1163,0.22025,-0.9315,-0.20144,0.62192,-0.24913,-0.71454,688.08,549.86,-3586.1,65580
60.555,0,-7.2259,0.20198,-0.96161,-0.2151,0.61703,-0.26102,-0.71055,688.29,534.77,-3570.2,65429
60.562,0,-7.0252,0.1773,-0.80009,-0.22868,0.61191,-0.27281,-0.70629,692.51,545.02,-3575.4,64507
60.569,1,-7.11,-0.072859,-0.88536,-0.24219,0.60657,-0.2845,-0.70177,702.74,553.28,-3595.1,65287
60.576,0,-7.2102,0.044722,-0.84238,-0.2556,0.601,-0.29609,-0.69699,704.15,538.61,-3573.2,65308
60.583,0,-6.9991,-0.18863,-0.73951,-0.26892,0.59522,-0.30757,-0.69196,695.17,536.21,-3584.5,66790
60.59,0,-7.169,-0.076612,-0.76912,-0.28214,0.58921,-0.31893,-0.68667,708.68,565.02,-3568.7,65488
60.597,0,-7.1949,-0.15361,-0.7671,-0.29526,0.58298,-0.33018,-0.68112,698.88,539.16,-3565.1,63968
60.604,0,-6.9974,-0.12431,-0.88928,-0.30827,0.57654,-0.34132,-0.67533,694.5,535.28,-3573.1,65948
60.611,0,-7.2469,-0.066462,-0.8428,-0.32117,0.56989,-0.35232,-0.66929,696.28,536.93,-3574,65146
60.618,0,-7.0875,-0.11699,-0.80082,-0.33395,0.56302,-0.3632,-0.663,694.73,559.77,-3560.6,64533
60.625,0,-7.1083,-0.24713,-0.78722,-0.34661,0.55595,-0.37395,-0.65646,695.49,549.07,-3558.9,66414
60.632,0,-6.9527,-0.35824,-0.94403,-0.35914,0.54867,-0.38456,-0.64968,697.37,548.52,-3568.1,64344
60.639,0,-7.1116,-0.52209,-0.93307,-0.37155,0.54119,-0.39502,-0.64267,706.14,540.46,-3571.4,65795
60.646,0,-6.9504,-0.47622,-0.90389,-0.38381,0.53351,-0.40535,-0.63541,687.22,529.44,-3562.7,65017
60.653,0,-7.0964,-0.21804,-0.8337,-0.39594,0.52563,-0.41552,-0.62792,698.17,534.82,-3573.7,66651
60.66,0,-7.0221,-0.55545,-0.81593,-0.40792,0.51756,-0.42555,-0.6202,702.58,550.16,-3563.4,66789
60.667,0,-7.104,-0.52633,-0.74819,-0.41975,0.50929,-0.43541,-0.61225,703.13,524.89,-3572.4,65449
60.674,0,-7.1426,-0.67074,-0.70384,-0.43142,0.50084,-0.44512,-0.60407,687.14,551.1,-3579.6,65310
60.682,0,-6.9316,-0.57265,-0.89131,-0.44294,0.4922,-0.45467,-0.59567,690.52,557.57,-3559.5,65464
60.689,0,-7.2296,-0.42168,-0.77389,-0.4543,0.48338,-0.46405,-0.58705,695.3,545.48,-3553.7,64635
60.696,0,-6.7967,-0.48478,-0.62483,-0.46549,0.47437,-0.47325,-0.57821,701.68,527.44,-3555.2,66657
60.703,0,-7.2169,-0.63421,-0.56253,-0.4765,0.4652,-0.48229,-0.56915,703.95,567.1,-3543.6,65442
60.71,0,-7.0595,-0.57014,-0.61897,-0.48735,0.45584,-0.49114,-0.55989,705.46,540.39,-3554.6,64229
60.717,0,-7.0814,-0.57697,-0.46549,-0.49801,0.44632,-0.49982,-0.55042,702.49,545.81,-3550.8,63551
60.724,0,-7.2477,-0.66816,-0.5314,-0.50849,0.43664,-0.50831,-0.54074,694.77,531.01,-3549.8,65582
60.731,0,-6.9822,-0.77182,-0.62991,-0.51878,0.42679,-0.51662,-0.53086,697.75,531.35,-3537.5,65455
60.738,0,-6.9196,-0.65058,-0.51587,-0.52889,0.41678,-0.52474,-0.52079,696.09,555.19,-3536.5,64594
60.745,0,-7.0299,-0.83974,-0.51831,-0.53879,0.40662,-0.53266,-0.51052,704.88,544.13,-3524.2,66372
60.752,0,-7.1663,-0.66116,-0.46882,-0.5485,0.39631,-0.54039,-0.50007,707.82,536.82,-3541.5,64742
60.759,0,-7.0892,-0.76012,-0.54373,-0.55801,0.38584,-0.54792,-0.48943,702.76,539.03,-3540.6,66315
60.766,0,-6.9938,-0.67103,-0.49123,-0.56731,0.37524,-0.55524,-0.4786,709.86,539.14,-3532.6,67912
60.773,0,-6.9037,-0.79899,-0.39114,-0.5764,0.36449,-0.56236,-0.4676,700.08,549.83,-3532.3,66002
60.78,0,-7.1131,-0.88636,-0.36276,-0.58528,0.35361,-0.56928,-0.45643,688.22,539.02,-3530.3,63871
60.787,0,-7.2542,-0.75329,-0.35033,-0.59395,0.3426,-0.57598,-0.44508,703.55,538.95,-3522.7,65459
60.794,0,-7.0846,-1.0117,-0.2728,-0.60239,0.33146,-0.58248,-0.43357,724.21,552.8,-3525.3,67068
60.801,0,-6.9739,-0.85691,-0.35826,-0.61061,0.32019,-0.58875,-0.4219,705.46,535.69,-3539.6,64763
60.808,0,-6.9839,-0.80557,-0.30282,-0.61861,0.3088,-0.59481,-0.41007,695.38,537.1,-3517.8,65241
60.815,0,-7.2046,-0.82056,-0.2608,-0.62638,0.2973,-0.60065,-0.39809,695.06,554.75,-3541.2,64827
60.822,0,-6.8562,-0.86866,-0.3121,-0.63392,0.28569,-0.60627,-0.38596,696.29,547.22,-3508.1,66631
60.829,0,-7.0344,-0.73543,-0.062582,-0.64122,0.27397,-0.61167,-0.37369,693.67,539.97,-3529.4,66375
60.836,0,-6.9133,-0.70697,0.17364,-0.64829,0.26215,-0.61684,-0.36127,687.1,526.24,-3523.7,63693
60.844,0,-6.9812,-0.95642,0.0076429,-0.65511,0.25023,-0.62178,-0.34873,708.95,559.67,-3514.9,65152
60.851,0,-7.0392,-0.76291,-0.049938,-0.6617,0.23821,-0.62649,-0.33605,693.41,535.78,-3514.6,65698
60.858,0,-7.1048,-0.95648,-0.11689,-0.66804,0.2261,-0.63097,-0.32324,699.79,532.83,-3518.3,66119
60.865,0,-7.0249,-0.72191,0.20786,-0.67413,0.21391,-0.63521,-0.31032,709.03,541.16,-3509.5,64631
60.872,0,-7.0824,-0.80427,0.1273,-0.67997,0.20164,-0.63922,-0.29728,708.04,538,-3513.7,64506
60.879,0,-7.0766,-0.95743,0.17538,-0.68556,0.18929,-0.64299,-0.28413,696.19,555.15,-3507.3,65974
60.886,0,-6.9354,-0.87811,0.15906,-0.6909,0.17688,-0.64653,-0.27087,712.31,552.76,-3526.1,67356
60.893,0,-6.9623,-0.95182,0.096447,-0.69598,0.16439,-0.64983,-0.25751,702.11,535.55,-3509.3,66470
60.9,0,-7.1109,-0.76145,0.17554,-0.70081,0.15184,-0.65288,-0.24406,689.27,550.48,-3518.7,66296
60.907,0,-7.0895,-0.93982,0.25219,-0.70537,0.13923,-0.65569,-0.23051,707.44,526.89,-3494.9,67392
60.914,0,-7.0257,-0.72703,0.31016,-0.70967,0.12657,-0.65826,-0.21688,689.63,529.16,-3492.2,64696
60.921,0,-6.9782,-0.71369,0.27668,-0.71371,0.11386,-0.66059,-0.20316,697.47,547.48,-3499.5,65366
60.928,0,-7.0429,-0.93404,0.2305,-0.71749,0.10111,-0.66267,-0.18937,708.98,552.65,-3508.9,65400
60.935,0,-6.9569,-0.80219,0.2808,-0.721,0.088321,-0.6645,-0.17551,700.41,553.41,-3521.6,66307
60.942,0,-6.9561,-0.85035,0.38596,-0.72424,0.075495,-0.66609,-0.16158,712.41,546.11,-3501.3,66053
60.949,0,-6.861,-0.79249,0.41258,-0.72721,0.06264,-0.66742,-0.14759,693.71,541.07,-3508,64630
60.956,0,-7.0598,-0.75037,0.45172,-0.72992,0.04976,-0.66852,-0.13354,709.37,558.35,-3494.4,65455
60.963,0,-6.9691,-0.505,0.5266,-0.73235,0.03686,-0.66936,-0.11945,694.54,543.91,-3492.7,65540
60.97,0,-7.2145,-0.79554,0.64117,-0.73451,0.023945,-0.66995,-0.10531,695.31,555.7,-3488.7,67234
60.977,0,-7.0866,-0.86226,0.55685,-0.7364,0.011019,-0.6703,-0.091124,705.92,540.81,-3493.8,65103
60.984,0,-7.0438,-0.80258,0.35911,-0.73801,-0.001912,-0.67039,-0.076907,694.13,524.77,-3493.8,66164
60.991,0,-6.998,-0.55248,0.67185,-0.73935,-0.014844,-0.67023,-0.062661,694.83,557.72,-3488.3,66471
60.998,0,-7.0965,-0.66878,0.56136,-0.74042,-0.027772,-0.66983,-0.04839,706.3,538.47,-3481,67207
61.006,0,-7.0721,-0.597,0.60429,-0.74121,-0.040691,-0.66918,-0.0341,695.05,539.79,-3492.2,65552
61.013,0,-7.0767,-0.60567,0.57145,-0.74172,-0.053596,-0.66827,-0.019796,697.93,539.08,-3498.3,65261
61.02,0,-7.1534,-0.54323,0.58267,-0.74196,-0.066483,-0.66712,-0.0054836,699.53,555.23,-3504.2,65827
61.027,0,-7.0846,-0.29391,0.72322,-0.74192,-0.079346,-0.66572,0.0088318,701.47,534.13,-3485.3,66273
61.034,0,-7.172,-0.45849,0.77076,-0.74161,-0.092181,-0.66407,0.023145,700.14,556.28,-3494.5,65478
61.041,0,-6.9457,-0.3312,0.66781,-0.74102,-0.10498,-0.66217,0.037451,713.83,544.08,-3491.2,66698
61.048,0,-7.0437,-0.50065,0.50821,-0.74015,-0.11775,-0.66003,0.051744,699.87,547.02,-3460.2,66318
61.055,0,-7.159,-0.44189,0.66227,-0.73901,-0.13047,-0.65764,0.066018,693.22,549.68,-3469.5,65211
61.062,0,-6.9248,-0.31706,0.61959,-0.73759,-0.14315,-0.655,0.08027,690.98,530.24,-3476.6,64607
61.069,0,-7.0005,-0.34028,0.82384,-0.7359,-0.15577,-0.65212,0.094492,709.89,533.42,-3482.8,65764
61.076,0,-7.024,-0.25598,0.86851,-0.73393,-0.16833,-0.64899,0.10868,684.31,551.61,-3468,66165
61.083,0,-6.8184,-0.16103,0.67413,-0.73169,-0.18084,-0.64563,0.12283,708.88,537.87,-3483.3,67757
61.09,0,-7.1069,-0.2407,1.0313,-0.72918,-0.19328,-0.64202,0.13693,713.77,548.82,-3476.3,66468
61.097,0,-6.716,-0.33024,0.80212,-0.7264,-0.20565,-0.63817,0.15099,703.57,538.72,-3477.2,65712
61.104,0,-7.0927,-0.085688,0.93537,-0.72334,-0.21794,-0.63408,0.16499,689.36,555.1,-3469.5,66355
61.111,0,-6.8569,-0.097119,0.78908,-0.72002,-0.23015,-0.62976,0.17893,704.76,521.49,-3462.1,64239
61.118,0,-6.9582,-0.21689,0.89109,-0.71642,-0.24228,-0.6252,0.1928,705.39,541.5,-3461.8,66130
61.125,0,-7.059,-0.17459,0.86316,-0.71256,-0.25432,-0.6204,0.2066,701.26,522.89,-3449.1,65630
61.132,0,-6.8837,-0.025135,0.73512,-0.70843,-0.26626,-0.61538,0.22033,706.63,543.5,-3478.9,69173
61.139,0,-7.0231,-0.13352,0.74994,-0.70404,-0.27811,-0.61012,0.23397,710.82,553.81,-3449.1,65369
61.146,0,-7.1393,0.012647,0.77444,-0.69938,-0.28985,-0.60463,0.24753,701.45,541.55,-3465.2,66499
61.153,0,-7.1273,0.093107,0.87803,-0.69446,-0.30149,-0.59892,0.261,723.5,544.15,-3460.4,65433
61.16,0,-7.0208,0.1244,0.79133,-0.68928,-0.31301,-0.59298,0.27437,699.21,538.82,-3444.8,65461
61.168,0,-6.896,0.078682,1.0296,-0.68385,-0.32442,-0.58683,0.28764,707.91,551.21,-3452,66393
61.175,0,-7.1349,0.0087953,0.8969,-0.67816,-0.33571,-0.58045,0.3008,687.78,551.63,-3451.2,67383
61.182,0,-7.0518,0.15438,0.71933,-0.67221,-0.34688,-0.57385,0.31386,702.45,533.19,-3436.9,66007
61.189,0,-7.0055,0.23791,1.0869,-0.66601,-0.35791,-0.56704,0.32679,695.07,562.79,-3462,65484
61.196,0,-7.0458,0.40438,0.85162,-0.65957,-0.36882,-0.56001,0.33961,698.05,517.06,-3454,66953
61.203,0,-6.9718,0.26005,0.89484,-0.65287,-0.37959,-0.55278,0.3523,697.53,549.36,-3450.3,65361
61.21,0,-7.1279,0.17417,0.80639,-0.64593,-0.39021,-0.54533,0.36485,711.38,542.19,-3438,67280
61.217,0,-6.8961,0.14535,0.79022,-0.63875,-0.40069,-0.53768,0.37728,701.15,560.89,-3449.8,66223
61.224,0,-6.9431,0.14692,0.75,-0.63133,-0.41103,-0.52983,0.38956,711.11,529.7,-3424.7,67110
61.231,0,-7.3167,0.37175,0.84174,-0.62367,-0.4212,-0.52178,0.4017,704.26,553.95,-3428.5,66618
61.238,0,-7.021,0.43085,0.78315,-0.61578,-0.43123,-0.51354,0.41368,715.65,547.49,-3425.3,66715
61.245,0,-7.0631,0.56559,0.57243,-0.60766,-0.44109,-0.5051,0.42552,702.58,548.05,-3440.6,65843
61.252,0,-6.8871,0.34864,0.73679,-0.59931,-0.45079,-0.49647,0.43719,712,538.01,-3431.7,65457
61.259,0,-7.0778,0.36528,0.67909,-0.59073,-0.46032,-0.48765,0.44871,711.23,540.02,-3435.1,68095
61.266,0,-7.092,0.62457,0.73213,-0.58193,-0.46968,-0.47865,0.46005,708.37,521.36,-3431.1,66928
61.273,1,-6.9955,0.5472,0.67299,-0.57291,-0.47886,-0.46947,0.47123,709.78,567.7,-3435,65027
61.28,0,-7.0151,0.52782,0.60289,-0.56368,-0.48787,-0.46012,0.48223,701.38,535.07,-3421.6,67670
61.287,0,-6.9132,0.73152,0.61111,-0.55424,-0.49669,-0.45058,0.49305,677.79,544.91,-3407.1,66139
61.294,0,-7.1269,0.61434,0.60915,-0.54458,-0.50533,-0.44088,0.50368,706.38,550.76,-3434.5,65712
61.301,0,-6.9224,0.48845,0.58678,-0.53472,-0.51378,-0.43102,0.51413,694.98,543.84,-3419.4,65073
61.308,0,-6.9681,0.55908,0.43124,-0.52466,-0.52204,-0.42099,0.52438,702.4,548.19,-3423.1,65367
61.315,0,-7.0681,0.58483,0.57566,-0.51441,-0.5301,-0.4108,0.53444,705.75,535.35,-3428.7,65971
61.322,0,-7.0068,0.73888,0.3834,-0.50395,-0.53797,-0.40045,0.5443,702.28,555.74,-3431.2,69875
61.33,0,-7.1202,0.72535,0.59076,-0.49331,-0.54563,-0.38996,0.55395,699.37,536.87,-3426.2,67176
61.337,0,-7.1819,0.86183,0.63661,-0.48249,-0.55309,-0.37931,0.5634,694.43,538.85,-3436.6,66681
61.344,0,-7.2025,0.73329,0.32175,-0.47148,-0.56034,-0.36853,0.57264,707.26,532.63,-3421,65919
61.351,0,-7.1968,0.96148,0.32158,-0.46029,-0.56738,-0.3576,0.58166,705.06,556.32,-3411,65497
61.358,0,-7.3557,0.86689,0.29135,-0.44893,-0.57422,-0.34654,0.59047,689.77,552.64,-3412.7,65434
61.365,0,-7.2085,1.0217,0.31192,-0.4374,-0.58083,-0.33534,0.59905,709.43,558.13,-3405,65223
61.372,0,-7.2402,0.93887,0.18983,-0.4257,-0.58723,-0.32402,0.60741,710.26,554.39,-3406.3,67772
61.379,0,-7.062,0.80559,0.32529,-0.41384,-0.59341,-0.31258,0.61554,717.22,544.21,-3435.9,66633
61.386,0,-7.2178,0.83935,0.12127,-0.40183,-0.59936,-0.30101,0.62345,706.3,546.2,-3399,66195
61.393,0,-7.0609,0.9055,0.048157,-0.38967,-0.6051,-0.28934,0.63111,713.37,573.67,-3406.5,67939
61.4,0,-7.3178,0.83467,0.055654,-0.37735,-0.6106,-0.27755,0.63854,712.7,547.47,-3405.6,64918
61.407,0,-7.0666,0.97628,0.082462,-0.3649,-0.61587,-0.26566,0.64574,695.62,556.73,-3417,65022
61.414,0,-7.156,0.84907,0.052378,-0.3523,-0.62092,-0.25366,0.65268,713.62,545.86,-3402,65494
61.421,0,-7.2692,0.87856,0.19302,-0.33958,-0.62573,-0.24157,0.65939,711.89,552.84,-3403.8,68472
61.428,0,-7.4196,0.87952,0.0081314,-0.32672,-0.63031,-0.22939,0.66585,705.86,547.2,-3392.9,67239
61.435,0,-7.2017,0.88051,0.21137,-0.31374,-0.63464,-0.21712,0.67205,713.09,553.95,-3416.2,66494
61.442,0,-7.3035,0.78602,0.046321,-0.30064,-0.63875,-0.20476,0.67801,690.61,533.1,-3379.4,67144
61.449,0,-7.3807,0.83682,-0.11526,-0.28743,-0.64261,-0.19233,0.6837,712.5,551.4,-3397.4,65762
61.456,0,-7.1068,0.95175,-0.13132,-0.27411,-0.64622,-0.17982,0.68915,701.79,541.8,-3408.6,67449
61.463,0,-7.1781,0.80581,0.029014,-0.26068,-0.6496,-0.16725,0.69433,706.87,564.89,-3389.1,65132
61.47,0,-7.2783,0.82654,0.048847,-0.24716,-0.65273,-0.1546,0.69925,691.78,535.36,-3366.6,66576
61.477,0,-7.1327,0.80159,-0.31622,-0.23354,-0.65562,-0.1419,0.70391,711.03,556.76,-3416.2,68596
61.484,0,-7.2873,1.0747,-0.40917,-0.21983,-0.65826,-0.12915,0.7083,709.07,576.23,-3392.9,66883
61.492,0,-7.223,0.86803,-0.40127,-0.20604,-0.66065,-0.11634,0.71243,716.18,554.61,-3377.7,64834
61.499,0,-7.1722,0.8104,-0.41596,-0.19217,-0.66279,-0.10349,0.71629,691.46,545.41,-3373.3,66439
61.506,0,-7.0942,0.80697,-0.23891,-0.17822,-0.66468,-0.090604,0.71988,714.6,557.76,-3383.1,66117
61.513,0,-7.2687,0.97204,-0.40549,-0.16421,-0.66632,-0.077678,0.7232,711.21,539.77,-3382.7,67894
61.52,0,-7.1933,0.86181,-0.42532,-0.15013,-0.66771,-0.064721,0.72624,708.19,560.38,-3382.4,68336
61.527,0,-7.3626,0.74352,-0.55841,-0.136,-0.66885,-0.051738,0.72902,699.66,552.89,-3359.4,66709
61.534,0,-7.1796,0.96175,-0.45709,-0.12182,-0.66974,-0.038734,0.73151,715.64,545.74,-3378.4,67511
61.541,0,-7.1338,0.7754,-0.47802,-0.10758,-0.67037,-0.025714,0.73374,722.37,546.29,-3376.9,66618
61.548,0,-7.2202,0.7022,-0.41978,-0.093309,-0.67075,-0.012683,0.73568,708.22,542.5,-3379.8,66096
61.555,0,-7.2628,0.78194,-0.54132,-0.078999,-0.67088,0.00035459,0.73735,708.62,549.72,-3378.2,66084
61.562,0,-7.3812,0.69963,-0.55833,-0.064658,-0.67075,0.013393,0.73874,714.81,552.15,-3374.6,67629
61.569,0,-7.4025,0.62379,-0.58264,-0.050292,-0.67037,0.026428,0.73985,708.27,540.72,-3355.4,67199
61.576,0,-7.1662,0.71332,-0.87408,-0.035905,-0.66974,0.039454,0.74068,700.29,551.7,-3357.3,66560
61.583,0,-7.228,0.63958,-0.52243,-0.021504,-0.66885,0.052467,0.74123,710.32,546.72,-3373.4,66211
61.59,0,-7.2941,0.56705,-0.63855,-0.0070943,-0.66771,0.065462,0.74151,698.13,535.05,-3371.5,67870
61.597,0,-7.3075,0.51286,-0.83138,0.0073196,-0.66632,0.078433,0.7415,687.91,530.71,-3366.8,67268
61.604,0,-7.2523,0.62651,-0.58578,0.021732,-0.66467,0.091376,0.74121,708.13,543.88,-3370.3,66483
61.611,0,-7.325,0.43127,-0.81235,0.036137,-0.66277,0.10429,0.74064,710.5,538.92,-3363.5,66441
61.618,0,-7.1511,0.45289,-0.66348,0.050529,-0.66063,0.11716,0.73979,701.35,539.12,-3355.8,66997
61.625,0,-7.2592,0.37454,-0.9324,0.064903,-0.65823,0.12999,0.73866,703.37,560.81,-3349.4,66543
61.632,0,-7.3011,0.42274,-0.94244,0.079254,-0.65558,0.14277,0.73726,700.82,540.95,-3370.5,68438
61.639,0,-7.2732,0.43501,-0.87838,0.093576,-0.65269,0.15549,0.73557,697.27,547.93,-3353.1,67264
61.647,0,-7.2332,0.12915,-0.63194,0.10786,-0.64954,0.16816,0.73361,707.19,567.85,-3361.8,67082
61.654,0,-7.1392,0.29408,-0.79234,0.12211,-0.64615,0.18077,0.73136,698.68,534.83,-3356.6,67225
61.661,0,-7.2645,-0.036831,-0.9253,0.13631,-0.64252,0.19331,0.72885,720.88,546.56,-3347.1,68191
61.668,0,-7.1171,0.14271,-0.91941,0.15047,-0.63864,0.20578,0.72605,706.86,554.49,-3339.2,65697
61.675,0,-7.201,0.24206,-1.1047,0.16456,-0.63452,0.21818,0.72298,698.3,546.04,-3350.6,67540
61.682,0,-7.233,0.33851,-0.95038,0.1786,-0.63016,0.23049,0.71964,712,551.39,-3336.1,65343
61.689,0,-7.0645,0.036901,-1.1122,0.19256,-0.62556,0.24271,0.71602,697.49,554.38,-3352.5,67393
61.696,0,-7.2961,0.18637,-0.82328,0.20646,-0.62072,0.25485,0.71213,697,546.32,-3337.6,68141
61.703,0,-7.1709,0.1119,-0.7946,0.22028,-0.61565,0.26688,0.70798,696.9,549.69,-3336.5,67942
61.71,0,-7.2763,0.062607,-1.0518,0.23402,-0.61034,0.27882,0.70355,701.64,554.37,-3339.8,67601
61.717,0,-7.2945,-0.076377,-0.8264,0.24766,-0.6048,0.29066,0.69886,719.19,553.91,-3343,67814
61.724,0,-7.2871,-0.091111,-0.81925,0.26122,-0.59903,0.30238,0.6939,712.72,537.16,-3322.9,67386
61.731,0,-7.3631,-0.024628,-0.9323,0.27468,-0.59303,0.31399,0.68868,701.62,548.29,-3340,68824
61.738,0,-7.2844,-0.2744,-0.86849,0.28803,-0.5868,0.32549,0.68319,690.69,534.69,-3326.8,66886
61.745,0,-7.3048,-0.11413,-0.8155,0.30128,-0.58036,0.33686,0.67745,702.04,554.83,-3338.9,69492
61.752,0,-7.3831,-0.091421,-0.97283,0.31441,-0.57369,0.34811,0.67145,699.71,548.46,-3316.4,68281
61.759,0,-7.4272,-0.072962,-0.97073,0.32743,-0.5668,0.35922,0.6652,710.16,560.94,-3301.7,69703
61.766,0,-7.2768,-0.35225,-0.75283,0.34032,-0.5597,0.3702,0.65869,698.79,543.48,-3324.7,66890
61.773,0,-7.0488,-0.35878,-0.62455,0.35308,-0.55238,0.38104,0.65193,711.89,539.45,-3329,68230
61.78,0,-7.3456,-0.29154,-0.77095,0.36572,-0.54486,0.39173,0.64493,697.25,540.74,-3324.7,67772
61.787,0,-7.1333,-0.44696,-0.60441,0.37821,-0.53712,0.40228,0.63767,707.51,553.99,-3328.1,65564
61.794,0,-7.3381,-0.47292,-0.68942,0.39056,-0.52918,0.41268,0.63018,692.61,557.48,-3326.5,67626
61.801,0,-7.239,-0.39168,-1.0004,0.40276,-0.52104,0.42292,0.62245,704.06,548.06,-3319,67393
61.809,0,-7.2389,-0.39791,-0.84571,0.41481,-0.5127,0.433,0.61448,705.94,557.92,-3305.8,67012
61.816,0,-7.4042,-0.31721,-0.55607,0.42671,-0.50417,0.44291,0.60627,716.77,565.61,-3303.9,66389
61.823,0,-7.1577,-0.49489,-0.74396,0.43844,-0.49544,0.45266,0.59784,702.24,544.63,-3323.3,66570
61.83,0,-7.2295,-0.47599,-0.75502,0.45001,-0.48652,0.46224,0.58917,681.3,553.07,-3328.5,66532
61.837,0,-7.1125,-0.43262,-0.66981,0.4614,-0.47742,0.47164,0.58028,703.87,545.99,-3311.2,68352
61.844,0,-7.4306,-0.60186,-0.56199,0.47262,-0.46814,0.48087,0.57117,699.49,556.92,-3308,67405
61.851,0,-7.2467,-0.65785,-0.76265,0.48367,-0.45867,0.48991,0.56185,722.71,554.68,-3336.5,67301
61.858,0,-7.1686,-0.7787,-0.69095,0.49453,-0.44903,0.49877,0.55231,699.8,532.05,-3302.3,66604
61.865,0,-7.1292,-0.64581,-0.56939,0.5052,-0.43922,0.50744,0.54255,698.46,550.02,-3299.1,67297
61.872,0,-7.2231,-0.70153,-0.53028,0.51568,-0.42924,0.51592,0.5326,718.55,543.57,-3315.2,67979
61.879,0,-7.3843,-0.72924,-0.45145,0.52597,-0.41909,0.5242,0.52243,694.53,538.97,-3311.5,67529
61.886,0,-7.3104,-0.69413,-0.51155,0.53605,-0.40879,0.53228,0.51207,685.05,539.57,-3302.6,65706
61.893,0,-7.2005,-0.80162,-0.41065,0.54594,-0.39833,0.54016,0.50151,707.15,558.36,-3305.7,67435
61.9,0,-7.2632,-0.71335,-0.40494,0.55561,-0.38771,0.54784,0.49076,719.84,542.03,-3319,67086
61.907,0,-7.2021,-0.7387,-0.44475,0.56508,-0.37695,0.5553,0.47983,708.88,558.79,-3302.4,67912
61.914,0,-7.3107,-0.78601,-0.46597,0.57433,-0.36604,0.56256,0.46871,703.51,540.06,-3314.3,68381
61.921,0,-7.4955,-0.87284,-0.22045,0.58336,-0.35499,0.5696,0.45741,710.61,548.31,-3304.5,68402
61.928,0,-7.2153,-0.97276,-0.32844,0.59217,-0.34381,0.57643,0.44593,714.66,537.09,-3302.6,68460
61.935,0,-7.0788,-0.77263,-0.30556,0.60076,-0.33249,0.58304,0.43429,703.05,534.32,-3309,66711
61.942,0,-7.3089,-0.85396,-0.22299,0.60912,-0.32105,0.58942,0.42248,712.83,544.68,-3295.4,66174
61.949,0,-7.3583,-0.73906,-0.29137,0.61724,-0.30948,0.59559,0.4105,699.19,565.21,-3306.9,67548
61.956,0,-7.3583,-0.87303,-0.22554,0.62513,-0.29779,0.60152,0.39837,709.7,553.85,-3289.6,67830
61.963,0,-7.3862,-0.82854,-0.11644,0.63279,-0.28599,0.60723,0.38609,694.01,552.51,-3286.8,66409
61.971,0,-7.4662,-0.92466,-0.15061,0.6402,-0.27408,0.61271,0.37366,688.94,541.78,-3298,68296
61.978,1,-7.4742,-0.83361,-0.31049,0.64737,-0.26206,0.61795,0.36108,715.87,549,-3295.4,67925
61.985,0,-7.3227,-0.87755,0.010751,0.65429,-0.24994,0.62296,0.34837,697.99,549.9,-3300.2,68287
61.992,0,-7.2414,-0.93359,-0.019975,0.66097,-0.23772,0.62773,0.33552,718.65,561.4,-3272.7,68852
61.999,0,-7.2553,-0.94575,0.027335,0.66739,-0.22541,0.63226,0.32254,707.38,544.45,-3283.7,67615
62.006,0,-7.5159,-0.98466,-0.032248,0.67355,-0.21302,0.63655,0.30944,686.42,560.27,-3275.9,67038
62.013,0,-7.3969,-0.83042,0.082337,0.67947,-0.20054,0.64059,0.29623,710.45,546.18,-3280.1,67680
62.02,0,-7.2742,-1.0447,0.22783,0.68512,-0.18798,0.6444,0.28289,712.69,545.16,-3283.6,66352
62.027,0,-7.4996,-0.87043,0.11861,0.69051,-0.17535,0.64795,0.26945,707.15,538.86,-3292,68708
62.034,0,-7.3453,-0.89835,0.14657,0.69564,-0.16266,0.65127,0.2559,707.36,563.6,-3266.4,66399
62.041,0,-7.3024,-0.92439,0.14083,0.7005,-0.14989,0.65433,0.24226,707.52,537.37,-3277.8,66208
62.048,0,-7.3901,-0.75112,0.3773,0.70509,-0.13707,0.65714,0.22852,705.68,548.17,-3273.9,68708
62.055,0,-7.3556,-0.69153,0.12395,0.70942,-0.1242,0.6597,0.2147,707.05,560.54,-3266.8,68522
62.062,0,-7.365,-0.78206,0.27485,0.71347,-0.11128,0.66201,0.20079,711.8,551.19,-3273.6,68311
62.069,0,-7.316,-0.92562,0.26288,0.71726,-0.098313,0.66406,0.1868,692.33,554.29,-3272.6,68430
62.076,0,-7.3552,-0.7759,0.34001,0.72077,-0.085308,0.66587,0.17274,695.82,546.79,-3263.3,67087
62.083,0,-7.2848,-0.88145,0.51947,0.724,-0.072269,0.66741,0.15861,706.08,562.94,-3264.4,68323
62.09,0,-7.3233,-0.86877,0.3327,0.72696,-0.059201,0.66871,0.14443,717.22,540.59,-3277.1,67600
62.097,0,-7.2792,-0.51854,0.51373,0.72964,-0.046109,0.66974,0.13018,724.08,531.85,-3260.1,67985
62.104,0,-7.4335,-0.78635,0.52714,0.73204,-0.032999,0.67052,0.11589,706.03,559.11,-3275.8,67317
62.111,0,-7.3087,-0.68896,0.50542,0.73416,-0.019874,0.67105,0.10155,715.78,540.77,-3268.9,66498
62.118,0,-7.4144,-0.72584,0.48737,0.736,-0.0067402,0.67132,0.087167,710.51,537.29,-3243.2,69477
62.125,0,-7.2947,-0.66666,0.48311,0.73756,0.0063974,0.67133,0.072753,709.58,541.4,-3244.2,69832
62.133,0,-7.2898,-0.77007,0.44584,0.73883,0.019534,0.67108,0.058309,701.41,543.2,-3250.7,65218
62.14,0,-7.3473,-0.64456,0.55433,0.73983,0.032664,0.67057,0.043843,695.97,554.97,-3248.6,69702
62.147,0,-7.311,-0.61832,0.64337,0.74054,0.045783,0.66981,0.029359,718.03,549.08,-3248.1,67261
62.154,0,-7.4333,-0.7507,0.75668,0.74096,0.058886,0.66879,0.014862,694.47,548.25,-3244.1,66958
62.161,0,-7.3436,-0.49209,0.77067,0.74111,0.071968,0.66752,0.00035941,714,565.91,-3257.9,68148
62.168,0,-7.383,-0.57473,0.88701,0.74097,0.085023,0.66599,-0.014145,705.95,541.37,-3227.5,66403
62.175,0,-7.3524,-0.34844,0.87872,0.74054,0.098047,0.6642,-0.028645,702.13,539.88,-3261.9,67299
62.182,0,-7.4965,-0.32106,0.68998,0.73983,0.11104,0.66216,-0.043134,707.85,549.7,-3248.9,69783
62.189,0,-7.41,-0.52669,0.74912,0.73884,0.12398,0.65987,-0.057608,711.04,554.53,-3255.8,69481
62.196,0,-7.379,-0.43093,0.8685,0.73757,0.13688,0.65732,-0.072062,718.65,540.33,-3248.8,67739
62.203,0,-7.419,-0.45566,0.80895,0.73601,0.14973,0.65452,-0.086488,722.65,560.25,-3231.1,68595
62.21,0,-7.2705,-0.33297,0.7996,0.73417,0.16252,0.65147,-0.10088,694.3,554.18,-3253.2,65800
62.217,0,-7.5209,-0.24554,0.89386,0.73205,0.17526,0.64816,-0.11524,703.17,551.9,-3243.9,68432
62.224,0,-7.2243,-0.24167,0.7367,0.72964,0.18792,0.64461,-0.12955,713.96,564.83,-3226.8,68072
62.231,0,-7.2713,-0.16534,0.84005,0.72696,0.20052,0.64081,-0.14382,712.51,554.01,-3221.3,68948
62.238,0,-7.3968,-0.24473,0.98151,0.724,0.21304,0.63677,-0.15803,715.55,544.45,-3233.8,67817
62.245,0,-7.3618,-0.084468,1.0249,0.72076,0.22547,0.63247,-0.17218,718.86,555.27,-3236,67356
62.252,0,-7.3534,-0.16507,0.85106,0.71724,0.23783,0.62794,-0.18626,719.17,561.32,-3221.3,69354
62.259,0,-7.395,-0.15951,0.82227,0.71345,0.25009,0.62316,-0.20028,729.44,538.08,-3221,68109
62.266,0,-7.3287,-0.10919,1.0255,0.70938,0.26226,0.61815,-0.21422,707.65,540.62,-3247,69098
62.273,0,-7.4,-0.06699,0.996,0.70504,0.27433,0.61289,-0.22808,712.3,555.9,-3227.6,69091
62.28,0,-7.5111,0.10375,1.0222,0.70043,0.28629,0.6074,-0.24185,709.95,558.79,-3218.7,67838
62.287,0,-7.303,0.10345,0.92412,0.69556,0.29815,0.60168,-0.25553,680.1,540.77,-3215.9,68638
62.295,0,-7.4684,-0.01761,0.93923,0.69041,0.30989,0.59572,-0.26911,688.78,561.76,-3224,66878
62.302,0,-7.4082,0.1058,0.94999,0.685,0.32151,0.58954,-0.28259,709.76,548.05,-3215.5,68073
62.309,0,-7.5,0.11363,0.94316,0.67932,0.33301,0.58312,-0.29596,706.66,548.3,-3205.8,67806
62.316,0,-7.3646,0.23276,0.99765,0.67338,0.34439,0.57649,-0.30922,712.79,550.21,-3222.3,67566
62.323,0,-7.3699,0.26338,0.94234,0.66719,0.35563,0.56963,-0.32236,701.26,557.09,-3209.3,70594
62.33,0,-7.548,0.09127,0.92011,0.66073,0.36674,0.56254,-0.33538,703.72,556.04,-3210.9,68358
62.337,0,-7.5157,0.25685,0.76701,0.65403,0.37771,0.55525,-0.34827,706.76,536.86,-3239.5,70900
62.344,0,-7.335,0.16625,0.79133,0.64707,0.38853,0.54774,-0.36102,696.75,560.48,-3209.3,68762
62.351,0,-7.3168,0.32078,0.75682,0.63986,0.3992,0.54001,-0.37364,718.91,565.8,-3208.7,69448
62.358,0,-7.5334,0.50378,0.77725,0.6324,0.40973,0.53208,-0.38612,720.89,556.74,-3196.5,68293
62.365,0,-7.2088,0.48138,0.84666,0.6247,0.42009,0.52394,-0.39845,707.88,560.65,-3193.1,68674
62.372,0,-7.4747,0.72573,0.90848,0.61676,0.43029,0.5156,-0.41062,699.32,550.88,-3205.4,68619
62.379,0,-7.3944,0.39136,0.71368,0.60858,0.44033,0.50706,-0.42264,708.1,545.69,-3195.7,68076
62.386,0,-7.3858,0.45126,0.67084,0.60017,0.4502,0.49832,-0.4345,704.24,537.1,-3202,68671
62.393,0,-7.499,0.57745,0.75013,0.59152,0.4599,0.4894,-0.44619,707.26,562.24,-3189.2,67734
62.4,0,-7.403,0.55031,0.77799,0.58265,0.46943,0.48028,-0.45771,707.83,556.63,-3196.1,68713
62.407,0,-7.4311,0.59284,0.84493,0.57355,0.47877,0.47097,-0.46905,711.85,538.05,-3211.9,68781
62.414,0,-7.2964,0.47663,0.64842,0.56423,0.48793,0.46149,-0.48021,718.11,546.64,-3198.8,69690
62.421,0,-7.3643,0.57999,0.56315,0.55469,0.4969,0.45182,-0.49119,698.07,553.89,-3183.2,65799
62.428,0,-7.4571,0.61944,0.88347,0.54494,0.50568,0.44198,-0.50198,727.76,561.02,-3193.9,69223
62.435,0,-7.3827,0.44907,0.66412,0.53498,0.51426,0.43197,-0.51258,712.47,556.92,-3180.6,69007
62.442,0,-7.3025,0.75382,0.75062,0.52481,0.52265,0.42179,-0.52298,721.09,550.62,-3194.7,68855
62.449,0,-7.5461,0.81399,0.69533,0.51443,0.53084,0.41144,-0.53318,711.25,532.24,-3184.7,68260
62.457,0,-7.4463,0.94821,0.34531,0.50386,0.53882,0.40094,-0.54318,732.95,557.31,-3199.7,69999
62.464,0,-7.39,0.80913,0.46184,0.49309,0.5466,0.39028,-0.55296,725.81,531.69,-3176.2,69529
62.471,0,-7.5473,0.77197,0.33601,0.48214,0.55417,0.37947,-0.56254,712.24,559.72,-3184.7,66900
62.478,0,-7.4916,0.86211,0.47801,0.47099,0.56152,0.36851,-0.57189,709.57,550.27,-3188.9,68565
62.485,0,-7.378,0.87108,0.7061,0.45966,0.56866,0.35741,-0.58103,711.44,558.54,-3163.5,69795
62.492,0,-7.3855,0.7829,0.15102,0.44816,0.57558,0.34617,-0.58994,711.13,555.7,-3186.1,69403
62.499,0,-7.5462,0.78392,0.43493,0.43648,0.58227,0.33479,-0.59863,717.24,560.18,-3176.9,68691
62.506,0,-7.35,0.76625,0.24717,0.42463,0.58874,0.32329,-0.60709,707.07,555.67,-3171.4,69767
62.513,0,-7.3452,0.8914,0.18402,0.41262,0.59499,0.31165,-0.61531,707.13,542.61,-3181.9,69485
62.52,0,-7.4861,0.89009,0.31937,0.40045,0.60101,0.2999,-0.62329,695.53,565.87,-3173.1,69283
62.527,0,-7.1843,0.89975,0.33718,0.38812,0.60679,0.28803,-0.63104,714.96,563.82,-3159.6,69198
62.534,0,-7.4238,1.0068,0.19939,0.37564,0.61234,0.27605,-0.63854,704.29,556.83,-3182.8,67752
62.541,0,-7.5262,0.96872,0.0015862,0.36301,0.61766,0.26396,-0.6458,704.97,550.91,-3180.8,67716
62.548,0,-7.4735,0.87696,0.072853,0.35025,0.62273,0.25176,-0.6528,711.41,546.79,-3183.4,66462
62.555,0,-7.4469,1.1347,-0.061758,0.33734,0.62757,0.23947,-0.65956,720.03,553.1,-3164.8,68131
62.562,0,-7.4271,0.85053,0.10117,0.32431,0.63216,0.22708,-0.66606,720.15,557.1,-3156.5,68367
62.569,0,-7.3935,0.78881,-0.0063951,0.31115,0.63651,0.21461,-0.6723,703.1,544.06,-3157.9,69887
62.576,0,-7.5438,0.76981,0.0039086,0.29787,0.64061,0.20205,-0.67828,717.36,558.28,-3174.5,68635
62.583,0,-7.4086,0.99282,-0.22968,0.28447,0.64447,0.18941,-0.684,692.09,555.7,-3150.7,69329
62.59,0,-7.3446,0.85154,-0.1007,0.27096,0.64808,0.1767,-0.68946,701.73,548.8,-3161.7,67793
62.597,0,-7.3284,1.138,-0.23075,0.25735,0.65143,0.16391,-0.69465,706.62,560.66,-3167.6,66845
62.604,0,-7.463,0.80479,-0.3842,0.24363,0.65454,0.15107,-0.69957,697.69,565.21,-3161.5,68523
62.611,0,-7.4144,1.0064,-0.32419,0.22982,0.65739,0.13816,-0.70422,717.71,567.64,-3148.5,68699
62.619,0,-7.6196,0.96262,-0.20759,0.21592,0.65999,0.1252,-0.7086,711.52,542.27,-3159.7,67619
62.626,0,-7.3219,0.85925,-0.32351,0.20193,0.66233,0.11219,-0.71271,708.57,557.34,-3150.9,69627
62.633,0,-7.3172,1.0141,-0.50101,0.18787,0.66442,0.099136,-0.71654,705.63,558.98,-3153.2,68690
62.64,0,-7.4228,0.80509,-0.51178,0.17373,0.66625,0.086042,-0.72009,707.15,555.55,-3142.9,67977
62.647,0,-7.444,0.97745,-0.25409,0.15952,0.66782,0.072914,-0.72336,699.05,540.87,-3149.1,69163
62.654,0,-7.3758,0.73718,-0.32347,0.14525,0.66913,0.059757,-0.72636,702.7,550.95,-3131.1,67490
62.661,0,-7.3989,1.0251,-0.39879,0.13092,0.67019,0.046576,-0.72907,715.12,543.27,-3132.4,67929
62.668,0,-7.3863,0.82001,-0.44206,0.11654,0.67098,0.033376,-0.7315,688.49,559.34,-3149.4,69762
62.675,0,-7.3916,0.86329,-0.61401,0.10211,0.67152,0.020162,-0.73364,695.63,558.2,-3140.4,69227
62.682,1,-7.4623,0.79855,-0.4643,0.087647,0.67179,0.00694,-0.7355,705.04,538.49,-3139.7,67455
62.689,0,-7.4916,0.74941,-0.44806,0.073144,0.67181,-0.0062859,-0.73708,710.54,542.09,-3132.9,69296
62.696,0,-7.4811,0.7146,-0.55624,0.058611,0.67156,-0.01951,-0.73837,708.67,542.66,-3137.3,66527
62.703,0,-7.5376,0.64539,-0.77906,0.044054,0.67106,-0.032728,-0.73937,722.33,554.14,-3134.7,68972
62.71,0,-7.462,0.82048,-0.8672,0.029479,0.67029,-0.045933,-0.74009,705.14,544.9,-3128.4,69508
62.717,0,-7.3987,0.50407,-0.81789,0.014891,0.66927,-0.059122,-0.74051,701.29,541.39,-3130,69780
62.724,0,-7.1253,0.66561,-0.79956,0.00029576,0.66798,-0.072289,-0.74066,714.38,552.01,-3125.3,70471
62.731,0,-7.5525,0.53345,-0.95889,-0.014301,0.66644,-0.085429,-0.74051,712.59,535.17,-3141,68427
62.738,0,-7.6094,0.44313,-0.73453,-0.028893,0.66464,-0.098536,-0.74007,705.08,552.44,-3129.9,69398
62.745,0,-7.4845,0.43415,-0.64778,-0.043475,0.66258,-0.11161,-0.73935,714.32,557.26,-3130.9,67786
62.752,0,-7.3662,0.6361,-0.94291,-0.058041,0.66027,-0.12463,-0.73834,715.32,539.04,-3125.3,68739
62.759,0,-7.5738,0.505,-0.97168,-0.072586,0.6577,-0.13761,-0.73704,728.11,577.74,-3131.2,67788
62.766,0,-7.558,0.51074,-0.87834,-0.087104,0.65487,-0.15054,-0.73546,725.75,563.75,-3132.2,68477
62.773,0,-7.3743,0.47554,-0.86441,-0.10159,0.65179,-0.16341,-0.73359,713.53,556.25,-3126.2,67869
62.781,0,-7.343,0.26916,-1.137,-0.11604,0.64846,-0.17622,-0.73143,711.84,554.61,-3124.8,69743
62.788,0,-7.4827,0.33331,-0.8313,-0.13044,0.64487,-0.18896,-0.72899,705.78,546.38,-3117.4,68905
62.795,0,-7.5254,0.2325,-0.85832,-0.14479,0.64103,-0.20163,-0.72626,729.88,557.61,-3113.1,67466
62.802,0,-7.5869,0.1934,-0.82587,-0.15909,0.63695,-0.21422,-0.72325,711.1,542.46,-3104.2,69095
62.809,0,-7.5143,0.20461,-1.0615,-0.17332,0.63262,-0.22673,-0.71996,709.66,558.83,-3109.7,68069
62.816,0,-7.4097,0.1731,-0.93808,-0.18749,0.62804,-0.23916,-0.71639,697.21,558.9,-3111.9,70278
62.823,0,-7.4131,0.25068,-1.0887,-0.20159,0.62322,-0.25149,-0.71254,731.28,557.65,-3117.8,68943
62.83,0,-7.4137,-0.07528,-0.90471,-0.21561,0.61815,-0.26373,-0.70841,706.8,558.24,-3122.5,70905
62.837,0,-7.2764,0.092371,-0.9632,-0.22955,0.61285,-0.27586,-0.70401,702.84,553.29,-3088.5,70454
62.844,0,-7.3634,0.049763,-0.93715,-0.2434,0.6073,-0.28789,-0.69933,698.39,549.55,-3096.2,71532
62.851,0,-7.4895,-0.022252,-1,-0.25715,0.60152,-0.29981,-0.69438,721.37,563.15,-3087.8,69834
62.858,0,-7.4778,-0.17016,-0.79418,-0.2708,0.59551,-0.31161,-0.68916,709.08,575.96,-3088.3,70280
62.865,0,-7.6569,0.031485,-1.0306,-0.28435,0.58926,-0.32329,-0.68366,699.81,558.59,-3092.7,69861
62.872,0,-7.5351,-0.017855,-0.80219,-0.29779,0.58279,-0.33485,-0.67791,718.46,563.49,-3119.1,67095
62.879,0,-7.6753,-0.24836,-0.80357,-0.31111,0.57608,-0.34628,-0.67188,714.15,543.67,-3113.4,70369
62.886,0,-7.5421,-0.40907,-0.98017,-0.32432,0.56916,-0.35758,-0.6656,729.6,551.91,-3084.5,70234
62.893,0,-7.7322,-0.19737,-0.87382,-0.33739,0.56201,-0.36873,-0.65905,733.45,539.76,-3084.9,69142
62.9,0,-7.3393,-0.1681,-0.87961,-0.35034,0.55464,-0.37975,-0.65225,699.16,543.02,-3079.1,69726
62.907,0,-7.5659,-0.32799,-0.85582,-0.36315,0.54705,-0.39062,-0.64519,732.46,538.56,-3098.1,69112
62.914,0,-7.4181,-0.38798,-0.94061,-0.37582,0.53925,-0.40134,-0.63789,705.33,555.17,-3085.5,66862
62.921,0,-7.4662,-0.17681,-0.85574,-0.38834,0.53124,-0.41191,-0.63033,713.58,559.39,-3079.8,69948
62.928,0,-7.463,-0.65054,-0.69942,-0.40071,0.52302,-0.42231,-0.62252,703.45,551.01,-3087.9,67390
62.935,0,-7.4571,-0.332,-0.77358,-0.41292,0.51459,-0.43255,-0.61448,710.66,540.57,-3083.5,68332
62.943,0,-7.452,-0.4259,-1.0036,-0.42498,0.50597,-0.44263,-0.60619,711.25,565.18,-3065.9,70023
62.95,0,-7.5036,-0.47222,-0.8437,-0.43687,0.49715,-0.45254,-0.59767,711.48,558.48,-3087.3,68659
62.957,0,-7.5218,-0.47175,-0.61849,-0.44859,0.48813,-0.46226,-0.58891,702.96,549.96,-3078.6,69445
62.964,0,-7.6866,-0.52959,-0.58444,-0.46013,0.47892,-0.47182,-0.57992,697.83,561.64,-3071.9,68900
62.971,0,-7.4143,-0.54599,-0.68588,-0.47149,0.46952,-0.48118,-0.57071,705.04,532.88,-3084.2,68749
62.978,0,-7.3256,-0.6334,-0.58515,-0.48267,0.45994,-0.49037,-0.56127,700.32,552.16,-3059.2,68891
62.985,0,-7.4415,-0.57402,-0.61899,-0.49367,0.45017,-0.49936,-0.55162,718.93,550.44,-3070.1,70098
62.992,0,-7.3771,-0.62362,-0.55747,-0.50447,0.44023,-0.50816,-0.54174,717.61,555.41,-3079.5,67986
62.999,0,-7.5561,-0.69967,-0.43392,-0.51507,0.43012,-0.51676,-0.53166,740.09,551.3,-3067.6,68362
63.006,0,-7.6727,-0.892,-0.51143,-0.52547,0.41984,-0.52516,-0.52137,723.92,562.53,-3053.3,69870
63.013,0,-7.5096,-0.74481,-0.41592,-0.53567,0.40939,-0.53335,-0.51087,712.89,561.91,-3060.2,68282
63.02,0,-7.5321,-0.91544,-0.56153,-0.54566,0.39878,-0.54134,-0.50018,713.3,519.37,-3075.6,70205
63.027,0,-7.4501,-0.7953,-0.48922,-0.55543,0.38801,-0.54912,-0.48929,703.17,575.64,-3057.2,69217
63.034,0,-7.6995,-0.69223,-0.34908,-0.56499,0.3771,-0.55669,-0.47821,703,547.4,-3083.6,68659
63.041,0,-7.6785,-0.92199,-0.32036,-0.57433,0.36603,-0.56404,-0.46694,714.45,544.41,-3068.8,70449
63.048,0,-7.8824,-0.62466,-0.49332,-0.58344,0.35481,-0.57117,-0.45548,715.29,564.95,-3077.4,70735
63.055,0,-7.7592,-0.82914,-0.4832,-0.59233,0.34346,-0.57808,-0.44385,703.18,562.76,-3083.6,68862
63.062,0,-7.7411,-0.87174,-0.38662,-0.60099,0.33197,-0.58476,-0.43205,721.45,557.09,-3071.4,68885
63.069,0,-7.7035,-0.73909,-0.28386,-0.60941,0.32035,-0.59121,-0.42008,725.34,561.3,-3042.2,71088
63.076,0,-7.7583,-1.0388,-0.12277,-0.61759,0.30861,-0.59744,-0.40794,710.82,528.9,-3019,70490
63.083,0,-7.7955,-0.92512,-0.24546,-0.62553,0.29674,-0.60343,-0.39564,710.15,537.18,-3056.6,70618
63.09,0,-7.6917,-0.963,-0.24272,-0.63323,0.28475,-0.60918,-0.38319,705.26,541.5,-3046.5,68848
63.098,0,-7.8111,-1.0892,-0.087278,-0.64068,0.27266,-0.6147,-0.37058,731.75,569.1,-3049.6,70733
63.105,0,-7.7615,-0.89324,0.062376,-0.64788,0.26045,-0.61998,-0.35784,700.41,555.08,-3047,69796
63.112,0,-7.6574,-0.87003,-0.027535,-0.65482,0.24814,-0.62502,-0.34495,708.74,558.24,-3047.8,69723
63.119,0,-7.4623,-0.72966,-0.067044,-0.66151,0.23573,-0.62981,-0.33192,710.16,573.16,-3043,68848
63.126,0,-7.8023,-0.91552,-0.07089,-0.66794,0.22323,-0.63436,-0.31877,702.02,548.39,-3052.5,68357
63.133,0,-7.5119,-0.91964,0.063672,-0.67411,0.21064,-0.63865,-0.30549,721.57,556.31,-3037.9,68849
63.14,0,-7.7278,-1.0471,0.20118,-0.68002,0.19796,-0.6427,-0.29208,728.33,570.5,-3045.6,69844
63.147,0,-7.619,-0.8206,0.0094464,-0.68566,0.18521,-0.6465,-0.27857,714.85,543.89,-3028.3,70378
63.154,0,-7.8459,-1.0156,0.17104,-0.69103,0.17239,-0.65005,-0.26494,724.08,558.71,-3045.5,69322
63.161,0,-7.6821,-1.0907,0.11301,-0.69614,0.15949,-0.65334,-0.25121,718.71,560.21,-3030,68788
63.168,0,-7.7939,-0.89279,0.083054,-0.70097,0.14653,-0.65637,-0.23738,730.68,556.51,-3030.9,70153
63.175,0,-7.5998,-1.039,0.14017,-0.70552,0.13351,-0.65915,-0.22346,720.69,550.69,-3042.9,68648
63.182,0,-7.8393,-0.76964,0.3224,-0.7098,0.12044,-0.66167,-0.20945,702.12,544.53,-3042.8,71250
63.189,0,-7.9893,-1.0672,0.473,-0.7138,0.10732,-0.66393,-0.19536,724.4,565.11,-3034.1,69251
63.196,0,-7.6657,-0.94575,0.24583,-0.71752,0.09416,-0.66593,-0.18119,716.05,553.92,-3027,68784
63.203,0,-7.6201,-0.97391,0.45291,-0.72096,0.080959,-0.66767,-0.16694,710.91,565.64,-3028.1,71221
63.21,0,-7.8175,-1.0081,0.34053,-0.72412,0.067726,-0.66915,-0.15263,719.65,547.79,-3032.9,69712
63.217,0,-7.5896,-0.94271,0.39489,-0.72699,0.054465,-0.67037,-0.13826,717.14,551.67,-3027.1,70594
63.224,0,-7.6779,-0.83625,0.42894,-0.72958,0.041182,-0.67133,-0.12384,711.05,559.7,-3027.2,70623
63.231,0,-7.8186,-0.89635,0.45734,-0.73188,0.027881,-0.67202,-0.10936,689.19,564.88,-3017.6,70477
63.238,0,-7.683,-0.74318,0.45757,-0.7339,0.014569,-0.67245,-0.094846,717.79,559.33,-3024.8,69440
63.245,0,-7.6479,-0.8497,0.65028,-0.73563,0.0012499,-0.67261,-0.080289,697.62,572.35,-3029.9,69996
63.252,0,-7.717,-0.46918,0.61576,-0.73707,-0.012071,-0.67251,-0.0657,729.47,567.2,-3002.2,69924
63.26,0,-7.7159,-0.8548,0.59406,-0.73822,-0.025387,-0.67215,-0.051084,718.25,532.68,-2998.4,72426
63.267,0,-7.718,-0.69833,0.73376,-0.73908,-0.038695,-0.67152,-0.036448,709.77,552.49,-3003.6,69605
63.274,0,-7.8795,-0.66313,0.72271,-0.73965,-0.051989,-0.67063,-0.021796,713.69,563.05,-3011.6,69792
63.281,0,-7.773,-0.64139,0.91318,-0.73992,-0.065263,-0.66948,-0.0071342,716.48,563.59,-2988,70010
63.288,0,-7.8681,-0.57532,0.67152,-0.73991,-0.078512,-0.66806,0.0075311,714.05,553.83,-3014.8,71226
63.295,0,-7.9722,-0.64863,0.89529,-0.73961,-0.091732,-0.66639,0.022194,686.47,559.39,-3009,68884
63.302,0,-7.8162,-0.48379,0.8554,-0.73902,-0.10492,-0.66445,0.03685,724.13,559.3,-3000,68646
63.309,0,-7.7296,-0.58679,0.81877,-0.73813,-0.11806,-0.66225,0.051492,701.45,544.72,-3011.6,70650
63.316,0,-7.9024,-0.53331,0.92959,-0.73696,-0.13116,-0.65979,0.066114,720,557.52,-3002,69717
63.323,0,-7.8179,-0.38256,0.84839,-0.73549,-0.14421,-0.65707,0.080712,727.15,561.72,-3000.3,69596
63.33,0,-7.6073,-0.43597,0.98946,-0.73374,-0.1572,-0.65409,0.095278,706.09,566.95,-2999.6,71255
63.337,0,-7.8782,-0.21792,0.98924,-0.7317,-0.17013,-0.65086,0.10981,696.45,557.14,-3007.2,70506
63.344,0,-7.804,-0.59897,0.85686,-0.72937,-0.183,-0.64737,0.1243,714.5,569.13,-2993.7,70355
63.351,0,-7.9111,-0.14275,0.74149,-0.72675,-0.19579,-0.64362,0.13874,705.04,551.37,-3002.4,69776
63.358,0,-7.6436,-0.088605,1.1464,-0.72385,-0.20851,-0.63963,0.15312,730.36,558.27,-2998.8,72275
63.365,0,-7.8299,-0.2017,0.90356,-0.72066,-0.22115,-0.63538,0.16745,702.21,563.8,-3002.9,68967
63.372,0,-7.7391,-0.045303,0.90727,-0.71718,-0.2337,-0.63088,0.18171,705.26,557.68,-2981.8,68549
63.379,0,-7.7066,-0.19807,0.99405,-0.71343,-0.24616,-0.62614,0.1959,710.26,554.51,-3004.2,68751
63.386,1,-7.7567,-0.17354,0.93048,-0.70939,-0.25853,-0.62114,0.21002,717.38,558.05,-2990.3,69855
63.393,0,-7.8883,-0.13026,1.1684,-0.70508,-0.2708,-0.61591,0.22405,712.28,558.77,-2980.6,70711
63.4,0,-7.8853,-0.24924,1.0102,-0.70048,-0.28296,-0.61043,0.23799,719.65,558.71,-2988.8,69951
63.407,0,-7.9554,0.046349,1.0063,-0.69561,-0.295,-0.60471,0.25184,725.89,551.32,-2976.8,69590
63.414,0,-7.9744,0.079751,0.85682,-0.69047,-0.30694,-0.59875,0.2656,717.97,547.98,-2988.9,70403
63.422,0,-7.877,0.10503,0.9752,-0.68505,-0.31875,-0.59256,0.27925,710.23,566.32,-2984.2,68022
63.429,0,-7.6755,0.29513,0.93183,-0.67936,-0.33045,-0.58613,0.29279,735.22,566.95,-2986.5,70162
63.436,0,-7.9617,0.14728,0.92838,-0.67341,-0.34201,-0.57947,0.30621,717.61,561.89,-2973.3,69763
63.443,0,-7.9388,0.33772,1.0749,-0.66718,-0.35344,-0.57259,0.31952,704.59,552.39,-2984,69160
63.45,0,-7.9232,0.085767,0.97108,-0.6607,-0.36473,-0.56548,0.3327,719.21,552.83,-2972.5,70342
63.457,0,-7.8816,0.18965,0.88189,-0.65395,-0.37587,-0.55814,0.34575,712.75,560.13,-2972.7,71753
63.464,0,-7.9337,0.15124,0.9044,-0.64695,-0.38688,-0.55059,0.35866,723.5,551.14,-2967.2,68470
63.471,0,-7.7441,0.31813,0.7531,-0.63969,-0.39773,-0.54281,0.37143,721.87,564.93,-2976.8,69670
63.478,0,-7.9031,0.4479,0.89811,-0.63218,-0.40842,-0.53483,0.38406,725.15,560.92,-2967.1,70262
63.485,0,-7.9696,0.55178,0.77878,-0.62442,-0.41896,-0.52663,0.39653,724.58,568.62,-2952.6,69059
63.492,0,-7.7623,0.61558,0.68105,-0.61641,-0.42933,-0.51822,0.40885,714.63,557.18,-2965.4,69234
63.499,0,-7.6466,0.61527,0.92832,-0.60816,-0.43953,-0.50961,0.42101,706.18,553.88,-2944.4,70463
63.506,0,-7.8358,0.66183,0.85853,-0.59967,-0.44956,-0.5008,0.433,717.11,567.21,-2971.9,71386
63.513,0,-7.7992,0.72173,0.69453,-0.59094,-0.45942,-0.49179,0.44482,716.6,547.05,-2965.8,69619
63.52,0,-7.811,0.48384,0.873,-0.58198,-0.46909,-0.48258,0.45647,709.11,544.11,-2956,68673
63.527,0,-7.764,0.66539,0.67062,-0.57279,-0.47858,-0.47319,0.46794,720.06,568.55,-2954.7,70463
63.534,0,-7.689,0.57924,0.72528,-0.56337,-0.48789,-0.4636,0.47922,710.75,553.75,-2951.1,70204
63.541,0,-7.7071,0.65353,0.54137,-0.55373,-0.497,-0.45384,0.49032,718.83,547.25,-2953.8,71202
63.548,0,-7.8329,0.64923,0.63608,-0.54387,-0.50592,-0.44389,0.50122,717.5,566.43,-2941.3,71582
63.555,0,-7.8652,0.86343,0.61918,-0.53379,-0.51464,-0.43377,0.51192,709.6,555.86,-2963.4,70932
63.562,0,-7.8075,0.78983,0.61063,-0.52351,-0.52316,-0.42347,0.52242,718.1,551.5,-2951.7,71996
63.569,0,-7.8645,0.66516,0.61063,-0.51301,-0.53147,-0.41301,0.53271,722.79,551,-2960.7,71773
63.576,0,-7.6436,0.87924,0.62639,-0.50232,-0.53957,-0.40238,0.5428,708.14,570.4,-2965.6,71122
63.584,0,-7.9238,0.72276,0.51544,-0.49142,-0.54746,-0.39159,0.55267,711.77,554.05,-2939.4,71358
63.591,0,-7.8328,1.0161,0.462,-0.48033,-0.55514,-0.38065,0.56232,725.39,571.86,-2938.7,70321
63.598,0,-7.8843,1.0769,0.55126,-0.46905,-0.5626,-0.36955,0.57175,710.91,544.8,-2940.6,72396
63.605,0,-7.7607,0.80881,0.29734,-0.45759,-0.56983,-0.35831,0.58096,717.5,567.62,-2947,67875
63.612,0,-7.9171,0.98481,0.16894,-0.44594,-0.57685,-0.34693,0.58993,711.61,565.05,-2932.3,71414
63.619,0,-8.0521,0.79653,0.24262,-0.43412,-0.58363,-0.33541,0.59868,708.83,565.17,-2934.8,71572
63.626,0,-7.9362,0.95676,0.40189,-0.42213,-0.59019,-0.32375,0.60718,709.13,546.41,-2942.4,69716
63.633,0,-7.91,0.91939,0.24246,-0.40997,-0.59651,-0.31196,0.61545,716.63,554,-2930.3,70364
63.64,0,-7.5843,0.90624,0.15559,-0.39764,-0.6026,-0.30005,0.62347,706.3,577.42,-2934.9,70250
63.647,0,-7.873,0.7789,0.24803,-0.38516,-0.60845,-0.28802,0.63125,726.94,564.85,-2944.8,70052
63.654,0,-7.9636,0.91702,0.13102,-0.37253,-0.61406,-0.27588,0.63878,731.38,565.29,-2955,69801
63.661,0,-7.8675,0.89325,0.20114,-0.35975,-0.61943,-0.26362,0.64605,707.71,548.82,-2931.5,69309
63.668,0,-7.8238,0.98024,0.18581,-0.34682,-0.62456,-0.25126,0.65307,708.56,559.36,-2940.8,69981
63.675,0,-7.9189,0.93848,0.14379,-0.33376,-0.62944,-0.2388,0.65984,711.4,555.65,-2909.7,71842
63.682,0,-7.8437,0.85467,0.022754,-0.32057,-0.63407,-0.22624,0.66634,725.72,559.71,-2935.2,69693
63.689,0,-8.0133,0.9105,-0.088571,-0.30725,-0.63845,-0.2136,0.67258,733.9,562.66,-2928.6,70097
63.696,0,-8.0306,1.1088,-0.21254,-0.2938,-0.64258,-0.20086,0.67855,738.77,540.76,-2928.7,71023
63.703,0,-7.83,0.96413,-0.040349,-0.28024,-0.64645,-0.18805,0.68425,716.2,571.74,-2926.1,71823
63.71,0,-7.9152,0.97071,-0.097401,-0.26657,-0.65007,-0.17516,0.68969,727.49,543.23,-2914.4,69853
63.717,0,-8.0067,1.0417,-0.25758,-0.2528,-0.65343,-0.1622,0.69485,719.96,549.53,-2920.1,69728
63.724,0,-8.0664,1.0449,-0.29807,-0.23892,-0.65654,-0.14917,0.69973,723.18,566.96,-2915.5,72012
63.731,0,-7.9628,1.0584,-0.1965,-0.22495,-0.65938,-0.13608,0.70434,700.02,573.49,-2905,72098
63.738,0,-7.7872,1.0158,-0.45304,-0.21088,-0.66197,-0.12294,0.70867,708.28,557.08,-2930.1,72444
63.746,0,-7.8334,0.84866,-0.4072,-0.19674,-0.66429,-0.10975,0.71272,735.22,555.85,-2899.6,71225
63.753,0,-8.0802,0.76897,-0.23824,-0.18251,-0.66635,-0.096516,0.71649,700.99,539.86,-2905.2,69908
63.76,0,-7.7297,0.88686,-0.463,-0.16822,-0.66814,-0.08324,0.71997,719.62,574.33,-2915.2,69939
63.767,0,-8.0104,0.79623,-0.65029,-0.15385,-0.66968,-0.069931,0.72317,708.44,558.39,-2909.2,72752
63.774,0,-7.8072,0.9477,-0.6331,-0.13943,-0.67094,-0.056593,0.72608,713.44,549.11,-2917.2,71439
63.781,0,-7.8346,0.79112,-0.43197,-0.12494,-0.67194,-0.043231,0.72871,720.72,551.13,-2924.2,70859
63.788,0,-7.754,0.81551,-0.6079,-0.11041,-0.67268,-0.029851,0.73104,744.97,549.07,-2921,71451
63.795,0,-7.8332,0.78523,-0.66339,-0.095835,-0.67315,-0.016458,0.73309,714.94,551.87,-2913.6,69267
63.802,0,-7.9093,0.83519,-0.54596,-0.08122,-0.67335,-0.0030572,0.73484,713.74,543.67,-2915.5,72217
63.809,0,-7.8071,0.67877,-0.59496,-0.066572,-0.67329,0.010346,0.73631,704.41,556.5,-2903.7,70296
63.816,0,-7.9737,0.82936,-0.68488,-0.051897,-0.67295,0.023746,0.73748,719.26,565.88,-2899.7,69564
63.823,0,-8.121,0.68953,-0.45458,-0.0372,-0.67236,0.037137,0.73836,705.24,546.02,-2917.8,70654
63.83,0,-8.0173,0.84347,-0.82757,-0.022488,-0.67149,0.050515,0.73895,710.75,573.36,-2870.6,71675
63.837,0,-8.0076,0.64523,-0.73601,-0.0077669,-0.67036,0.063874,0.73924,710.32,566.73,-2892.6,69901
63.844,0,-7.9255,0.55787,-0.86507,0.0069584,-0.66896,0.077209,0.73924,710.92,564.8,-2900.3,72483
63.851,0,-7.9386,0.52284,-0.7871,0.021682,-0.6673,0.090514,0.73895,715.27,542.75,-2900.3,71760
63.858,0,-7.9307,0.55153,-0.95294,0.036397,-0.66538,0.10378,0.73836,723.61,544.96,-2894,71842
63.865,0,-7.8949,0.38861,-0.81808,0.051099,-0.66319,0.11701,0.73748,721.88,555.94,-2880.5,70389
63.872,0,-7.8521,0.67732,-0.9007,0.065781,-0.66073,0.1302,0.73631,720.55,555.8,-2891.4,71715
63.879,0,-7.9197,0.33314,-0.92203,0.080438,-0.65802,0.14333,0.73485,715.89,551.92,-2882.2,71947
63.886,0,-8.0161,0.41561,-0.73358,0.095063,-0.65504,0.15641,0.73309,720.28,557.01,-2893.5,68863
63.893,0,-8.0946,0.34318,-0.96095,0.10965,-0.6518,0.16943,0.73104,727.91,544.52,-2886.7,70841
63.9,0,-7.6855,0.32071,-0.91954,0.1242,-0.64831,0.18238,0.7287,712.51,564.85,-2882.5,69676
63.908,0,-7.9624,0.25746,-1.0064,0.13869,-0.64456,0.19526,0.72608,734.29,555.23,-2877.1,72382
63.915,0,-7.9614,0.32291,-0.90579,0.15314,-0.64055,0.20806,0.72316,722.53,548.09,-2885.7,71880
63.922,0,-7.9845,0.30016,-0.99859,0.16752,-0.63628,0.22078,0.71996,714.4,555.25,-2891.5,70417
63.929,0,-7.9333,0.32391,-1.0752,0.18184,-0.63177,0.23342,0.71647,743.11,575.22,-2885.9,71778
63.936,0,-7.9777,-0.073679,-0.93571,0.19608,-0.627,0.24596,0.71269,721.05,559.42,-2868.6,71201
63.943,0,-8.0679,0.14294,-0.89422,0.21025,-0.62198,0.25841,0.70863,710.43,560.73,-2864.5,71405
63.95,0,-7.8692,0.03687,-1.0247,0.22434,-0.61672,0.27075,0.70429,730.9,569.88,-2863.6,71914
63.957,0,-7.749,0.037248,-1.0558,0.23833,-0.61121,0.28299,0.69967,725.48,570.29,-2884.5,71674
63.964,0,-8.0316,0.13005,-1.0011,0.25223,-0.60546,0.29511,0.69477,718.61,561.82,-2892.9,70212
63.971,0,-7.9589,-0.25548,-0.92264,0.26604,-0.59947,0.30713,0.68959,738.96,552.41,-2847.6,70992
63.978,0,-7.8512,-0.014489,-1.0233,0.27973,-0.59324,0.31901,0.68414,716.38,550.23,-2880.6,70675
63.985,0,-7.8895,-0.02162,-1.0588,0.29332,-0.58677,0.33078,0.67842,732.96,549.54,-2869.1,68783
63.992,0,-7.9397,-0.10705,-0.96598,0.30679,-0.58007,0.34241,0.67242,716.71,554.56,-2851.4,72476
63.999,0,-7.9526,-0.22551,-1.0499,0.32014,-0.57314,0.35391,0.66616,726.75,542.92,-2862.1,70784
64.006,0,-7.8798,-0.26478,-1.0737,0.33336,-0.56598,0.36527,0.65963,755.27,556.18,-2847.5,69873
64.013,0,-8.0398,-0.44586,-0.99839,0.34645,-0.5586,0.37648,0.65284,723.33,558.98,-2863,72038
64.02,0,-8.1016,-0.24491,-0.77641,0.35941,-0.55099,0.38755,0.64579,715.32,553.42,-2849.2,70864
64.027,0,-7.7923,-0.52709,-0.91125,0.37222,-0.54316,0.39846,0.63848,738.78,572.05,-2849.3,71982
64.034,0,-7.8702,-0.36468,-0.95253,0.38488,-0.53512,0.40921,0.63092,710.93,564.63,-2845,71854
64.041,0,-8.0981,-0.46961,-0.71922,0.39739,-0.52686,0.41981,0.62311,744.11,568.98,-2850,69338
64.048,0,-8.1155,-0.69816,-1.0883,0.40974,-0.51839,0.43023,0.61504,704.98,567.17,-2851.5,72554
64.055,0,-7.9376,-0.48533,-0.83325,0.42193,-0.50972,0.44049,0.60673,718.83,557.3,-2838.2,71107
64.062,0,-7.8141,-0.49918,-0.87716,0.43395,-0.50084,0.45057,0.59818,733.98,560.19,-2853.3,72608
64.07,0,-7.9384,-0.64415,-0.93995,0.4458,-0.49177,0.46048,0.5894,715.03,556.31,-2850.9,72573
64.077,0,-7.9954,-0.51247,-0.85805,0.45747,-0.48249,0.4702,0.58037,720.93,561.54,-2856.5,70420
64.084,0,-8.0088,-0.54487,-0.72659,0.46896,-0.47303,0.47974,0.57112,716.28,570.49,-2850.5,72101
64.091,1,-7.979,-0.50014,-0.83822,0.48027,-0.46337,0.48908,0.56163,721.49,565.38,-2849.8,69962
64.098,0,-7.962,-0.81959,-0.59161,0.49138,-0.45353,0.49824,0.55192,729.32,562.41,-2840.8,71376
64.105,0,-8.0236,-0.58612,-0.72954,0.50229,-0.44351,0.50719,0.54199,722.12,554.29,-2856.5,71211
64.112,0,-7.8125,-0.69013,-0.79145,0.51301,-0.43331,0.51594,0.53185,706.84,551.18,-2839.8,72218
64.119,0,-7.9691,-0.71454,-0.68714,0.52352,-0.42294,0.52449,0.52149,722.46,570.17,-2841.2,71776
64.126,0,-8.0407,-0.79068,-0.58656,0.53383,-0.41239,0.53283,0.51093,720.78,537.38,-2826.4,71100
64.133,0,-7.9146,-0.64955,-0.48101,0.54392,-0.40169,0.54096,0.50016,705.49,558.9,-2832.9,72798
64.14,0,-8.1278,-0.78195,-0.60998,0.55379,-0.39082,0.54888,0.48919,732.5,558.7,-2842.1,71576
64.147,0,-7.9917,-0.83158,-0.46233,0.56345,-0.37979,0.55658,0.47802,730.71,577.93,-2847.8,71926
64.154,0,-8.087,-0.93768,-0.4746,0.57288,-0.36862,0.56405,0.46667,710.53,550.17,-2843.5,72937
64.161,0,-7.9631,-0.81722,-0.52939,0.58208,-0.35729,0.57131,0.45512,700.03,554.36,-2845.1,72924
64.168,0,-8.0859,-0.61351,-0.58252,0.59105,-0.34582,0.57833,0.4434,747.02,561.73,-2818,72427
64.175,0,-8.031,-0.87825,-0.23291,0.59978,-0.33421,0.58513,0.4315,740.41,554.18,-2818.6,71857
64.182,0,-7.9749,-1.0503,-0.33125,0.60828,-0.32247,0.59169,0.41942,695.36,563.05,-2831,71392
64.189,0,-7.9141,-0.86516,-0.21237,0.61653,-0.3106,0.59802,0.40718,716.92,554.08,-2805,71412
64.196,0,-8.0544,-0.8877,-0.22882,0.62453,-0.2986,0.60411,0.39478,712.8,552.72,-2834,70863
64.203,0,-8.0066,-0.92912,-0.11608,0.63229,-0.28649,0.60996,0.38221,719.7,557.87,-2826.1,70289
64.21,0,-8.1335,-0.80521,-0.085116,0.6398,-0.27425,0.61556,0.3695,724.38,553.31,-2823.9,72761
64.217,0,-7.9048,-0.82784,-0.19453,0.64705,-0.26191,0.62092,0.35663,733.68,562.97,-2797.9,71051
64.224,0,-8.1123,-0.96507,-0.14652,0.65404,-0.24946,0.62604,0.34363,720.73,555.96,-2802.4,71904
64.232,0,-7.9719,-0.95166,-0.10166,0.66077,-0.23691,0.6309,0.33048,719.79,557.06,-2808.2,73021
64.239,0,-8.0584,-1.1204,0.086022,0.66723,-0.22427,0.63552,0.31721,720.51,546.21,-2817.1,72147
64.246,0,-8.0221,-0.99434,0.2261,0.67343,-0.21153,0.63988,0.3038,710.9,549.45,-2798.8,72357
64.253,0,-7.9851,-0.91576,-0.05941,0.67936,-0.19871,0.64399,0.29028,712.82,552.86,-2801.9,70393
64.26,0,-7.8975,-1.1386,0.16275,0.68502,-0.18581,0.64784,0.27664,719.74,575.52,-2812.1,70952
64.267,0,-8.043,-0.85152,0.092568,0.69041,-0.17283,0.65143,0.26288,705.84,578.45,-2813.9,72397
64.274,0,-7.9618,-1.101,0.17088,0.69552,-0.15978,0.65476,0.24903,722.65,540.51,-2813.3,72391
64.281,0,-7.8129,-1.08,0.17963,0.70035,-0.14667,0.65783,0.23507,700.4,556.94,-2802.7,71311
64.288,0,-8.0181,-0.86481,0.34916,0.70491,-0.1335,0.66063,0.22102,722.3,563.74,-2793.9,72497
64.295,0,-7.8797,-0.8939,0.37466,0.70918,-0.12027,0.66318,0.20687,724.98,551.63,-2803.5,72981
64.302,0,-8.2517,-0.97724,0.35916,0.71316,-0.10699,0.66546,0.19265,729.88,557.68,-2819,73532
64.309,0,-8.0544,-0.81538,0.38218,0.71687,-0.093674,0.66747,0.17835,724.54,550.66,-2791.3,72931
64.316,0,-8.1134,-0.98472,0.36962,0.72028,-0.080315,0.66922,0.16397,722.74,562.78,-2793.7,71296
64.323,0,-8.0596,-0.77299,0.33125,0.72341,-0.066923,0.6707,0.14954,737.74,559.63,-2796,72541
64.33,0,-8.1688,-0.91618,0.53121,0.72625,-0.053503,0.67191,0.13504,695.46,550.55,-2805.3,72297
64.337,0,-7.9209,-0.92675,0.34785,0.7288,-0.040061,0.67285,0.12048,738.37,555.39,-2795.8,72095
64.344,0,-7.8764,-0.83831,0.44347,0.73106,-0.026601,0.67353,0.10588,737.04,558.39,-2788.1,72344
64.351,0,-8.1474,-0.83018,0.60812,0.73302,-0.01313,0.67393,0.091232,714.54,562.87,-2798.1,72216
64.358,0,-8.0359,-0.78952,0.76107,0.73469,0.00034827,0.67407,0.076549,716.38,580.78,-2771.4,73154
64.365,0,-7.9887,-0.9142,0.73028,0.73607,0.013827,0.67394,0.061835,727.55,547.71,-2794.9,73167
64.372,0,-7.9636,-0.77354,0.89443,0.73715,0.027302,0.67353,0.047095,711.1,549.99,-2779.7,70180
64.379,0,-8.0135,-0.90672,0.71805,0.73794,0.040766,0.67286,0.032337,719.81,558.39,-2775,71898
64.387,0,-7.8013,-0.79091,0.73549,0.73843,0.054215,0.67192,0.017564,722.36,564.99,-2781,72487
64.394,0,-8.1825,-0.51201,0.86641,0.73863,0.067644,0.67071,0.0027843,739.1,561.47,-2772.8,70876
64.401,0,-8.1261,-0.64184,0.91318,0.73853,0.081047,0.66923,-0.011997,719.6,564.47,-2784.6,72304
64.408,0,-7.9493,-0.68194,0.92327,0.73813,0.094418,0.66748,-0.026775,713.24,563.6,-2773.6,74189
64.415,0,-8.0981,-0.60218,0.99098,0.73744,0.10775,0.66547,-0.041542,713.76,569.88,-2783.1,73166
64.422,0,-7.9123,-0.59995,0.75236,0.73645,0.12105,0.66319,-0.056293,727.16,545.56,-2774.1,73893
64.429,0,-7.9104,-0.68613,0.92289,0.73517,0.13429,0.66064,-0.071022,726.99,573.06,-2755.9,70508
64.436,0,-7.9254,-0.40153,1.0155,0.7336,0.14748,0.65783,-0.085724,739.64,547.11,-2756.3,72951
64.443,0,-8.1163,-0.55424,0.82288,0.73172,0.16062,0.65475,-0.10039,728.37,539.79,-2770.1,72665
64.45,0,-7.9908,-0.35649,0.92337,0.72956,0.17369,0.65142,-0.11502,723.66,562.33,-2761.7,72652
64.457,0,-8.0644,-0.14306,1.0843,0.7271,0.18669,0.64782,-0.1296,727.69,559.41,-2773.7,71923
64.464,0,-8.1691,-0.28903,0.80718,0.72436,0.19962,0.64396,-0.14413,717.75,557.42,-2753.4,72522
64.471,0,-7.89,-0.26577,1.1257,0.72132,0.21247,0.63985,-0.15861,719.24,559.15,-2764.4,71928
64.478,0,-7.8955,-0.35101,1.0606,0.71799,0.22523,0.63547,-0.17302,735.96,568.95,-2758.8,72564
64.485,0,-8.1115,-0.15137,1.1584,0.71437,0.23791,0.63085,-0.18736,744.78,560.49,-2763.6,71991
64.492,0,-7.8461,-0.17567,0.97905,0.71047,0.25049,0.62597,-0.20163,725.04,558.37,-2767.1,72627
64.499,0,-7.9452,-0.12048,1.2271,0.70628,0.26297,0.62083,-0.21581,719.94,553.33,-2745.8,71669
64.506,0,-8.1617,0.017638,1.2177,0.70181,0.27535,0.61545,-0.22992,739.81,559.84,-2753.4,72824
64.513,0,-7.9404,0.050132,1.0527,0.69706,0.28762,0.60983,-0.24392,721.93,549.34,-2751.3,70845
64.52,0,-8.2692,-0.12492,1.1787,0.69202,0.29978,0.60395,-0.25784,715.23,570.12,-2767.4,71693
64.527,0,-8.0933,0.08051,0.95169,0.68671,0.31181,0.59784,-0.27165,717.27,561.92,-2753.5,72183
64.534,0,-8.0738,0.14654,1.2282,0.68112,0.32372,0.59149,-0.28535,726.49,556.09,-2750.3,73707
64.541,0,-8.0534,0.15752,0.9628,0.67526,0.3355,0.58489,-0.29893,714.16,547.95,-2754.8,73137
64.549,0,-8.2192,0.39235,0.98355,0.66913,0.34715,0.57807,-0.3124,714.53,558.65,-2727.9,71996
64.556,0,-8.0535,0.13976,0.97911,0.66272,0.35866,0.57101,-0.32574,731.66,578.09,-2724.8,72736
64.563,0,-7.9909,0.27934,0.97755,0.65606,0.37003,0.56372,-0.33896,725.18,551.27,-2747.1,72969
64.57,0,-8.2167,0.34796,0.99418,0.64912,0.38125,0.5562,-0.35203,721.69,571.62,-2733.1,72670
64.577,0,-8.1082,0.35841,0.91161,0.64193,0.39232,0.54846,-0.36497,719.83,574.6,-2749.7,72612
64.584,0,-8.2269,0.31491,0.83706,0.63448,0.40323,0.5405,-0.37776,714.15,556.49,-2740,72827
64.591,0,-8.225,0.56765,0.86964,0.62677,0.41398,0.53233,-0.39039,718.26,585.14,-2739.4,72210
64.598,0,-7.9535,0.32587,0.89656,0.61881,0.42456,0.52394,-0.40288,725.28,557.59,-2730.2,71960
64.605,0,-8.0643,0.46994,0.69301,0.61061,0.43498,0.51533,-0.4152,723.81,558.63,-2734.9,73980
64.612,0,-8.2499,0.31493,0.94047,0.60215,0.44522,0.50652,-0.42735,736.04,563.51,-2728.1,72804
64.619,0,-8.1872,0.62536,0.83315,0.59345,0.45528,0.49751,-0.43933,721.75,558.02,-2732.5,72595
64.626,0,-8.058,0.58324,0.79145,0.58452,0.46516,0.4883,-0.45114,720.69,566.46,-2733.6,70814
64.633,0,-8.2042,0.56356,0.68407,0.57535,0.47486,0.47889,-0.46276,733.28,557.39,-2714.6,71329
64.64,0,-8.2677,0.75197,0.86695,0.56595,0.48437,0.46928,-0.4742,715.91,564.16,-2716.4,71720
64.647,0,-8.1757,0.74976,0.66551,0.55632,0.49368,0.45949,-0.48545,735.34,574.12,-2722.4,73179
64.654,0,-8.1233,0.77491,0.73632,0.54646,0.50279,0.44951,-0.4965,711.2,558.54,-2729,73101
64.661,0,-8.1903,0.66544,0.5865,0.53639,0.51171,0.43935,-0.50736,724.46,556.39,-2723.8,72583
64.668,0,-8.1969,0.87454,0.7013,0.5261,0.52042,0.42902,-0.51801,731.03,562.84,-2713.8,73934
64.675,0,-8.0987,0.8251,0.59211,0.51559,0.52892,0.41851,-0.52845,715.92,559.84,-2699.4,73385
64.682,0,-8.0699,0.88342,0.47221,0.50488,0.53721,0.40783,-0.53868,746.87,571.08,-2699.6,72363
64.689,0,-8.1646,0.91906,0.71066,0.49397,0.54528,0.39698,-0.5487,736.36,575.84,-2712.6,74240
64.696,0,-8.1518,0.88383,0.37387,0.48286,0.55314,0.38598,-0.55849,748.51,569.34,-2711.9,73956
64.703,0,-8.206,0.92729,0.44806,0.47155,0.56077,0.37482,-0.56806,713.86,588.09,-2721.2,73344
64.711,0,-8.2062,0.80665,0.53155,0.46005,0.56818,0.36351,-0.5774,725.53,552.21,-2724.2,72876
64.718,0,-8.1555,1.0574,0.60661,0.44837,0.57536,0.35205,-0.58651,718.22,575.83,-2731,72509
64.725,0,-8.0191,0.91482,0.24341,0.4365,0.58231,0.34045,-0.59538,732.04,566.69,-2716.9,74347
64.732,0,-8.1267,1.1243,0.20745,0.42446,0.58903,0.32871,-0.60401,719.83,561.23,-2719.9,71610
64.739,0,-8.2102,1.0314,0.33349,0.41225,0.59551,0.31684,-0.6124,731.25,573.25,-2706.1,73700
64.746,0,-7.995,0.99588,0.22964,0.39987,0.60175,0.30484,-0.62054,726.75,555.7,-2695.1,72432
64.753,0,-8.1574,0.86199,0.27646,0.38733,0.60775,0.29271,-0.62844,713.16,569.6,-2713.4,71792
64.76,0,-8.1793,0.93956,0.1835,0.37464,0.61351,0.28047,-0.63608,718.87,567.69,-2709.2,71154
64.767,0,-8.1252,1.0674,0.22168,0.36179,0.61902,0.26811,-0.64346,719.81,547.36,-2691.5,72687
64.774,0,-8.0589,0.98157,0.15399,0.3488,0.62428,0.25564,-0.65059,730.09,557.72,-2698.1,74340
64.781,0,-8.1695,1.053,-0.027914,0.33566,0.62929,0.24307,-0.65745,724.37,561.84,-2693.9,72516
64.788,0,-7.9825,1.0395,0.020519,0.32239,0.63404,0.2304,-0.66405,729.68,568.3,-2704.9,72667
64.795,1,-8.0541,0.92759,0.079118,0.30899,0.63855,0.21764,-0.67038,719.11,554.85,-2685.2,73762
64.802,0,-8.0735,1.0123,-0.074503,0.29547,0.64279,0.20479,-0.67644,718.95,570.17,-2682.4,73227
64.809,0,-8.0988,1.0695,-0.10248,0.28183,0.64678,0.19185,-0.68223,739.78,570.56,-2676.6,73286
64.816,0,-8.0887,0.97832,-0.080726,0.26807,0.65051,0.17884,-0.68775,730.19,565.13,-2682.1,72826
64.823,0,-8.2391,0.79196,-0.068264,0.2542,0.65397,0.16575,-0.69298,724.47,563.59,-2698.3,72696
64.83,0,-8.1605,0.7619,-0.32049,0.24023,0.65718,0.1526,-0.69794,717.19,567.36,-2699.2,73467
64.837,0,-8.0176,0.92414,-0.29962,0.22616,0.66012,0.13938,-0.70262,713.42,564.25,-2671,74375
64.844,0,-7.9448,0.75173,-0.39881,0.21201,0.66279,0.12611,-0.70701,710.71,564.25,-2672.5,72434
64.851,0,-7.9906,0.88608,-0.24284,0.19776,0.66519,0.11278,-0.71112,733.48,572.76,-2669.3,73431
64.858,0,-8.3238,0.84226,-0.37705,0.18344,0.66733,0.099408,-0.71494,726.31,570.08,-2661.1,73611
64.865,0,-8.26,0.83834,-0.32262,0.16904,0.6692,0.085994,-0.71847,726.68,577.87,-2666.4,72614
64.873,0,-8.116,1.0662,-0.38881,0.15457,0.6708,0.072544,-0.72172,714.1,542.86,-2681.5,72193
64.88,0,-8.0206,1.026,-0.56612,0.14004,0.67213,0.059064,-0.72467,730.69,559.01,-2685.8,70841
64.887,0,-8.1788,0.8496,-0.66199,0.12545,0.67319,0.045559,-0.72733,720.48,557.93,-2668.2,73458
64.894,0,-8.0834,0.88176,-0.42219,0.11082,0.67397,0.032034,-0.72969,723.3,563.86,-2669.2,74186
64.901,0,-8.2342,0.8858,-0.60335,0.096132,0.67449,0.018495,-0.73177,741.79,583.94,-2676.1,71890
64.908,0,-8.1525,0.70982,-0.45078,0.081409,0.67473,0.004948,-0.73354,732.02,560.66,-2663.7,72398
64.915,0,-7.9227,0.81631,-0.77018,0.066653,0.6747,-0.0086022,-0.73502,740.56,552.35,-2692,73915
64.922,0,-7.8605,0.64851,-0.51343,0.051869,0.6744,-0.02215,-0.73621,729.69,564.16,-2657.7,72856
64.929,0,-8.2009,0.67003,-0.72287,0.037065,0.67383,-0.03569,-0.73709,713,572.35,-2671.5,71010
64.936,0,-8.2062,0.73701,-0.60146,0.022244,0.67299,-0.049217,-0.73768,724.74,551.97,-2668.8,73563
64.943,0,-7.9529,0.58961,-0.80646,0.0074147,0.67187,-0.062725,-0.73797,714.46,548.96,-2668.2,73916
64.95,0,-8.0971,0.64826,-0.73079,-0.0074185,0.67048,-0.076208,-0.73796,731.13,558.32,-2663.2,74247
64.957,0,-8.3114,0.52597,-0.72288,-0.022249,0.66882,-0.089662,-0.73766,716.11,575.51,-2648.4,73729
64.964,0,-8.2721,0.51082,-0.79826,-0.037071,0.66689,-0.10308,-0.73706,728.95,551.59,-2642.5,73441
64.971,0,-8.1783,0.486,-0.89294,-0.051879,0.6647,-0.11646,-0.73615,715.34,575.13,-2648.7,75211
64.978,0,-8.0813,0.41692,-0.88185,-0.066666,0.66223,-0.12979,-0.73496,712.28,554.02,-2642.3,74155
64.985,0,-8.2939,0.39703,-1.0661,-0.081427,0.6595,-0.14307,-0.73346,728.98,560.42,-2644.7,73535
64.992,0,-8.1672,0.38345,-1.0554,-0.096155,0.6565,-0.1563,-0.73167,717.31,565.46,-2655.1,75053
64.999,0,-8.0762,0.37401,-0.90909,-0.11085,0.65323,-0.16946,-0.72958,730.33,554.46,-2646.4,72681
65.006,0,-8.248,0.22129,-0.86029,-0.12549,0.6497,-0.18255,-0.7272,734.7,578.71,-2639.4,73350
65.013,0,-8.1248,0.21277,-1.068,-0.14009,0.64591,-0.19557,-0.72452,712.22,567.05,-2629.2,72755
65.02,0,-8.2451,0.2035,-0.90537,-0.15463,0.64186,-0.20852,-0.72155,714.14,585.79,-2638.8,72922
65.027,0,-8.1469,0.24351,-1.0318,-0.1691,0.63754,-0.22138,-0.71829,727.36,561.15,-2635.6,71914
65.035,0,-8.1645,0.30027,-0.88878,-0.18351,0.63297,-0.23415,-0.71473,724.97,569.19,-2639,74018
65.042,0,-8.0832,0.034943,-0.99227,-0.19785,0.62815,-0.24683,-0.71089,733.61,560.76,-2644.5,72643
65.049,0,-8.3508,-0.059336,-0.9137,-0.2121,0.62307,-0.25941,-0.70676,710.97,554.86,-2630.1,75305
65.056,0,-8.1456,0.21064,-1.2824,-0.22627,0.61773,-0.27188,-0.70234,719.91,583.56,-2642,72141
65.063,0,-8.2475,-0.073046,-0.87563,-0.24035,0.61215,-0.28425,-0.69764,732.17,550.52,-2629.9,74150
65.07,0,-8.1562,-0.034671,-0.96177,-0.25434,0.60632,-0.2965,-0.69266,730.1,563.15,-2626.3,74869
65.077,0,-8.2977,-0.030301,-1.1149,-0.26822,0.60024,-0.30864,-0.68739,716.89,573.68,-2629.8,72800
65.084,0,-8.1023,0.0065338,-1.0855,-0.28199,0.59393,-0.32065,-0.68185,735.3,579.25,-2636.6,73035
65.091,0,-8.1673,-0.047012,-0.99282,-0.29565,0.58737,-0.33253,-0.67603,713.88,561.98,-2639.4,73300
65.098,0,-8.1734,-0.15745,-0.92407,-0.30919,0.58057,-0.34427,-0.66994,741.97,577.06,-2616,74172
65.105,0,-8.2937,-0.27974,-1.0621,-0.3226,0.57354,-0.35588,-0.66358,724.7,605.58,-2618.8,72190
65.112,0,-8.1731,-0.28251,-1.0577,-0.33588,0.56627,-0.36735,-0.65694,720.27,555.88,-2612.2,71764
65.119,0,-8.1405,-0.15127,-1.0698,-0.34903,0.55878,-0.37867,-0.65004,737.35,558.99,-2622.9,75001
65.126,0,-8.0796,-0.48035,-0.91259,-0.36204,0.55105,-0.38983,-0.64288,731.1,548.67,-2619.2,72940
65.133,0,-8.2325,-0.27423,-0.98643,-0.3749,0.54311,-0.40084,-0.63546,736.11,559.39,-2599.6,72694
65.14,0,-8.2139,-0.39446,-0.89393,-0.38761,0.53494,-0.41169,-0.62778,705.53,559.91,-2614.4,73922
65.147,0,-8.4199,-0.41566,-0.95043,-0.40017,0.52656,-0.42237,-0.61984,728.24,568.84,-2612.5,75565
65.154,0,-8.4232,-0.37783,-0.89533,-0.41256,0.51797,-0.43288,-0.61165,720.45,559.46,-2600.1,72979
65.161,0,-8.2892,-0.54236,-0.89376,-0.42478,0.50916,-0.44322,-0.60322,717.25,559.8,-2622.6,73667
65.168,0,-8.4123,-0.69164,-0.96769,-0.43683,0.50015,-0.45338,-0.59454,721.14,555.93,-2623.1,74789
65.175,0,-8.3489,-0.7066,-0.81001,-0.44871,0.49093,-0.46336,-0.58561,726.09,565.44,-2603.4,74126
65.182,0,-8.1592,-0.66829,-0.84446,-0.46041,0.48152,-0.47315,-0.57646,718.71,559.81,-2608.1,73732
65.189,0,-8.2226,-0.67667,-0.82308,-0.47191,0.47191,-0.48275,-0.56706,734.86,569.18,-2626.9,72906
65.197,0,-8.2567,-0.64729,-0.77894,-0.48323,0.4621,-0.49215,-0.55744,730.79,569.38,-2596.9,74941
65.204,0,-8.1804,-0.70438,-0.6029,-0.49435,0.45211,-0.50135,-0.54759,731.31,570.42,-2612.5,71976
65.211,0,-8.148,-0.87001,-0.76831,-0.50527,0.44194,-0.51036,-0.53752,719.79,560.24,-2614.6,71248
65.218,0,-8.4085,-0.44093,-0.7925,-0.51599,0.43158,-0.51915,-0.52722,718.7,567.76,-2611.5,72560
65.225,0,-8.2315,-0.88176,-0.64877,-0.5265,0.42106,-0.52774,-0.51672,726.05,570.68,-2600.5,74683
65.232,0,-8.0419,-0.81915,-0.4255,-0.53679,0.41035,-0.53612,-0.506,714.58,562.11,-2603.1,73087
65.239,0,-8.3202,-0.72531,-0.51387,-0.54687,0.39949,-0.54427,-0.49508,734.92,562.49,-2590.6,73556
65.246,0,-8.029,-0.9633,-0.61096,-0.55673,0.38846,-0.55221,-0.48396,719.59,565.78,-2585,73336
65.253,0,-7.9766,-0.95797,-0.59826,-0.56636,0.37727,-0.55993,-0.47264,735.61,571.83,-2595.6,74464
65.26,0,-8.0862,-0.88433,-0.36168,-0.57576,0.36592,-0.56741,-0.46113,730,557.32,-2595.1,73242
65.267,0,-8.2049,-0.83566,-0.44341,-0.58492,0.35443,-0.57467,-0.44944,720.62,558.26,-2600.6,75396
65.274,0,-8.1431,-1.1216,-0.36643,-0.59385,0.3428,-0.5817,-0.43755,729.22,574.98,-2593.4,72761
65.281,0,-8.2386,-0.93788,-0.28564,-0.60254,0.33102,-0.58849,-0.4255,733.18,570.55,-2587.3,74347
65.288,0,-8.2195,-0.97612,-0.2039,-0.61099,0.31911,-0.59504,-0.41326,738.97,558.18,-2580.4,74009
65.295,0,-8.3251,-1.2611,-0.34647,-0.61918,0.30707,-0.60136,-0.40086,731.77,572.07,-2587.2,73991
65.302,0,-8.1953,-0.99256,-0.38814,-0.62713,0.2949,-0.60743,-0.3883,729.28,559.46,-2589,70857
65.309,0,-8.4019,-0.94294,-0.28093,-0.63482,0.28261,-0.61325,-0.37558,723.58,551.82,-2575.7,74125
65.316,0,-8.2202,-1.0336,-0.047228,-0.64225,0.27021,-0.61882,-0.3627,712.3,563.05,-2579.3,73682
65.323,0,-8.0124,-1.1396,-0.24086,-0.64943,0.2577,-0.62415,-0.34968,720.51,549.35,-2566.8,75239
65.33,0,-8.0062,-1.0021,-0.14216,-0.65633,0.24508,-0.62922,-0.33652,729.1,565,-2580.3,73506
65.337,0,-8.1245,-0.94288,0.044219,-0.66298,0.23236,-0.63404,-0.32322,724.4,563.25,-2584.4,75314
65.344,0,-8.238,-1.0015,-0.043645,-0.66935,0.21954,-0.6386,-0.30979,731.13,569.86,-2557.6,74215
65.351,0,-8.2949,-0.9724,0.11861,-0.67545,0.20663,-0.6429,-0.29623,721.46,567.13,-2579.4,72628
65.359,0,-8.1999,-1.0285,0.23387,-0.68128,0.19364,-0.64694,-0.28255,718.59,559.34,-2576,73896
65.366,0,-8.1209,-1.0673,0.04615,-0.68683,0.18057,-0.65071,-0.26875,726.22,577.44,-2561.2,73319
65.373,0,-8.2288,-0.83173,0.079504,-0.6921,0.16743,-0.65423,-0.25485,720.32,570.26,-2563.3,74297
65.38,0,-8.3163,-0.94747,0.051995,-0.69709,0.15421,-0.65747,-0.24085,734.57,557.78,-2566,73541
65.387,0,-8.2564,-0.82891,0.26253,-0.7018,0.14093,-0.66046,-0.22674,725.43,552.84,-2579.4,75306
65.394,0,-8.1148,-0.83177,0.3221,-0.70622,0.12759,-0.66317,-0.21255,692.67,554.11,-2540.2,71774
65.401,0,-8.2223,-0.75475,0.35138,-0.71036,0.1142,-0.66561,-0.19826,718.74,563.96,-2556,73235
65.408,0,-8.2839,-0.72042,0.25056,-0.71421,0.10076,-0.66778,-0.1839,713.97,556.57,-2558.7,73691
65.415,0,-8.1984,-0.88004,0.36046,-0.71777,0.087276,-0.66968,-0.16947,730.72,550.74,-2557.7,74348
65.422,0,-8.299,-0.63954,0.46715,-0.72103,0.073755,-0.67131,-0.15496,717.26,567.22,-2562.5,75225
65.429,0,-8.3425,-0.85931,0.64013,-0.72401,0.060203,-0.67267,-0.14039,744.44,562.71,-2562,75470
65.436,0,-8.251,-0.8947,0.51027,-0.72669,0.046624,-0.67375,-0.12577,715.95,574.73,-2567.5,74070
65.443,0,-8.2922,-0.52348,0.47824,-0.72907,0.033024,-0.67455,-0.11109,754.8,565.26,-2549,74963
65.45,0,-8.1455,-0.82388,0.53345,-0.73116,0.019409,-0.67508,-0.096375,716.45,566.46,-2536.4,75225
65.457,0,-8.2481,-0.72558,0.48552,-0.73295,0.0057845,-0.67534,-0.081617,748.24,577.46,-2562.6,76675
65.464,0,-8.2472,-0.51712,0.65657,-0.73445,-0.0078444,-0.67532,-0.066826,730.48,563.69,-2538.4,73790
65.471,0,-8.1956,-0.50265,0.45139,-0.73565,-0.021472,-0.67502,-0.052008,727.2,567.12,-2550.1,77416
65.478,0,-8.1489,-0.55706,0.61227,-0.73655,-0.035092,-0.67445,-0.037169,742.47,571.94,-2524,74135
65.485,0,-8.1168,-0.6698,0.70065,-0.73715,-0.0487,-0.67361,-0.022315,739.64,571.61,-2541.2,73285
65.492,0,-8.1948,-0.5671,0.64714,-0.73745,-0.062289,-0.67249,-0.0074524,700.55,557.86,-2533.3,73487
65.499,1,-8.3208,-0.64949,0.57275,-0.73745,-0.075854,-0.67109,0.0074133,726.54,555.6,-2531.7,75913
65.506,0,-8.2486,-0.53564,0.73814,-0.73715,-0.08939,-0.66942,0.022276,740.94,574.05,-2531.6,73880
65.513,0,-8.1755,-0.44698,0.75424,-0.73655,-0.10289,-0.66747,0.03713,733.65,576.66,-2525.4,75321
65.521,0,-8.2896,-0.68182,0.89577,-0.73566,-0.11635,-0.66526,0.051968,718.58,537.48,-2536.9,73557
65.528,0,-8.315,-0.44295,0.88609,-0.73447,-0.12976,-0.66277,0.066786,732.43,577.17,-2536.2,74057
65.535,0,-8.269,-0.35177,0.8261,-0.73297,-0.14313,-0.66001,0.081577,724.07,575.7,-2554.6,73306
65.542,0,-8.4512,-0.51513,0.9926,-0.73118,-0.15643,-0.65698,0.096335,728.84,572.37,-2532.3,75300
65.549,0,-8.2105,-0.29591,0.9728,-0.7291,-0.16967,-0.65368,0.11105,732,572.8,-2535.8,74515
65.556,0,-8.3688,-0.19075,0.9959,-0.72672,-0.18285,-0.65011,0.12573,739.05,595.31,-2526.4,74901
65.563,0,-8.1694,-0.299,1.0515,-0.72404,-0.19595,-0.64628,0.14035,741.25,585.88,-2503.4,75100
65.57,0,-8.2521,-0.10411,1.1106,-0.72107,-0.20897,-0.64218,0.15492,743.28,566.43,-2530.5,74480
65.577,0,-8.316,-0.13093,0.92264,-0.7178,-0.2219,-0.63782,0.16943,727.09,568.89,-2513.1,74843
65.584,0,-8.2305,-0.2051,0.8952,-0.71425,-0.23475,-0.6332,0.18386,747.37,573.08,-2516.4,73632
65.591,0,-8.3036,-7.1894e-06,0.96876,-0.7104,-0.2475,-0.62832,0.19823,724.61,574.43,-2518.9,77972
65.598,0,-8.3003,-0.066073,0.89923,-0.70626,-0.26014,-0.62318,0.21251,723.16,581.61,-2524.5,75013
65.605,0,-8.3436,0.014237,1.0468,-0.70184,-0.27269,-0.61779,0.22671,736.35,566.34,-2523.1,73657
65.612,0,-8.1829,0.15666,1.2144,-0.69713,-0.28512,-0.61214,0.24082,738.76,545.18,-2523.1,75774
65.619,0,-8.2285,0.14576,1.0987,-0.69214,-0.29744,-0.60625,0.25483,714.82,553.11,-2506.6,73740
65.626,0,-8.3999,0.2444,1.1016,-0.68686,-0.30963,-0.60011,0.26873,719.48,565.41,-2495.1,75710
65.633,0,-8.1028,0.1337,0.90272,-0.68131,-0.3217,-0.59372,0.28253,730.71,552.76,-2498.4,74798
65.64,0,-8.3972,0.17532,1.042,-0.67548,-0.33364,-0.58709,0.29622,719.25,581.84,-2516.8,75144
65.647,0,-8.3691,0.31215,0.98278,-0.66937,-0.34544,-0.58022,0.30978,720.04,577.24,-2523.4,76068
65.654,0,-8.2991,0.32814,0.98045,-0.66299,-0.3571,-0.57311,0.32322,727.99,571.36,-2518,73991
65.661,0,-8.3031,0.28,1.1395,-0.65634,-0.36861,-0.56577,0.33653,730.38,562.62,-2502,76218
65.668,0,-8.5232,0.30585,1.0173,-0.64942,-0.37997,-0.55819,0.34971,728.66,560.32,-2506.1,72981
65.675,0,-8.5215,0.2227,1.0902,-0.64224,-0.39118,-0.55039,0.36274,722.45,555.45,-2505.4,72900
65.683,0,-8.3797,0.2268,1.1316,-0.63479,-0.40223,-0.54237,0.37562,723.2,584.99,-2496.9,75845
65.69,0,-8.2951,0.14818,0.9178,-0.62708,-0.41311,-0.53412,0.38836,736.42,556.27,-2505.2,73364
65.697,0,-8.2425,0.43118,1.1336,-0.61912,-0.42383,-0.52565,0.40094,734.52,560.25,-2490.2,75393
65.704,0,-8.4004,0.47224,0.75214,-0.6109,-0.43437,-0.51697,0.41335,717.02,572.34,-2487.4,74977
65.711,0,-8.028,0.57882,0.93702,-0.60244,-0.44473,-0.50808,0.4256,704.9,575.57,-2496.9,74880
65.718,0,-8.3239,0.48475,0.94856,-0.59373,-0.45492,-0.49898,0.43767,742.57,562.47,-2511.1,74732
65.725,0,-8.3065,0.78692,0.75731,-0.58477,-0.46491,-0.48968,0.44957,723.05,582.6,-2507.4,73575
65.732,0,-8.3283,0.70157,0.87123,-0.57558,-0.47472,-0.48018,0.46129,730.42,572.09,-2477.2,74136
65.739,0,-8.3072,0.5534,0.87254,-0.56614,-0.48433,-0.47048,0.47281,715.31,573.74,-2472,73982
65.746,0,-8.2224,0.87248,0.88699,-0.55648,-0.49375,-0.46059,0.48415,722.74,561.85,-2488.5,75197
65.753,0,-8.3036,0.64975,0.84084,-0.54659,-0.50296,-0.45051,0.49529,727.01,551.17,-2496.2,76806
65.76,0,-8.3597,0.71893,0.70993,-0.53648,-0.51197,-0.44025,0.50623,703.65,571.61,-2479.1,75211
65.767,0,-8.3558,0.93006,0.5449,-0.52614,-0.52077,-0.4298,0.51696,741.02,561.76,-2492.8,76753
65.774,0,-8.3611,1.0361,0.77914,-0.51559,-0.52935,-0.41919,0.52748,721.96,561.81,-2473.6,77718
65.781,0,-8.3142,0.88165,0.64065,-0.50483,-0.53772,-0.4084,0.53779,759.76,557.7,-2490,75913
65.788,0,-8.3205,0.99636,0.73403,-0.49386,-0.54587,-0.39744,0.54788,737.38,580.44,-2482.8,75396
65.795,0,-8.3922,0.95116,0.74001,-0.48268,-0.5538,-0.38632,0.55774,716.74,568.37,-2475,76512
65.802,0,-8.3088,0.99183,0.5386,-0.47131,-0.5615,-0.37505,0.56738,738.95,572.01,-2468.1,74867
65.809,0,-8.4916,0.81281,0.52013,-0.45975,-0.56897,-0.36362,0.57679,714.59,570.69,-2472.7,74495
65.816,0,-8.366,0.98011,0.42625,-0.44799,-0.57621,-0.35204,0.58596,722.9,573.4,-2483.2,75946
65.823,0,-8.2609,0.83541,0.39273,-0.43606,-0.58322,-0.34032,0.59489,741.58,558.1,-2483.3,75394
65.83,0,-8.4202,0.97927,0.2913,-0.42394,-0.58998,-0.32846,0.60358,717.61,576.52,-2459.7,74963
65.838,0,-8.4205,0.82813,0.40247,-0.41165,-0.59651,-0.31646,0.61203,735.2,566.54,-2496.4,74442
65.845,0,-8.4062,1.0072,0.18244,-0.39919,-0.60279,-0.30434,0.62022,715.7,566.31,-2454,75245
65.852,0,-8.517,1.1522,0.25949,-0.38656,-0.60882,-0.29209,0.62816,728.62,562.41,-2461.9,74972
65.859,0,-8.3861,1.033,0.35412,-0.37378,-0.61461,-0.27972,0.63584,743.76,570.52,-2467.8,74005
65.866,0,-8.3691,1.1082,0.3252,-0.36084,-0.62015,-0.26723,0.64327,727.67,590.3,-2475.2,75452
65.873,0,-8.4387,0.91811,0.063005,-0.34776,-0.62543,-0.25464,0.65043,740.27,581.47,-2450.3,75399
65.88,0,-8.2397,1.0681,-0.079886,-0.33453,-0.63046,-0.24194,0.65733,724.32,567.34,-2459.6,75916
65.887,0,-8.503,1.2263,-0.0042978,-0.32117,-0.63522,-0.22914,0.66395,724,564.95,-2460.7,76128
65.894,0,-8.2534,1.3176,-0.040648,-0.30767,-0.63973,-0.21625,0.67031,734.01,575.53,-2443.9,77329
65.901,0,-8.3227,1.1601,-0.054338,-0.29405,-0.64398,-0.20327,0.67639,731.28,558.66,-2431.5,74745
65.908,0,-8.4248,1.103,-0.29902,-0.2803,-0.64797,-0.1902,0.6822,731.13,573.87,-2446.9,74567
65.915,0,-8.4037,1.0976,-0.16023,-0.26644,-0.65169,-0.17705,0.68772,729.81,553.94,-2466.4,74281
65.922,0,-8.5558,1.1185,-0.17473,-0.25247,-0.65514,-0.16384,0.69297,741.01,572.19,-2447,74958
65.929,0,-8.7322,1.0012,-0.24522,-0.2384,-0.65833,-0.15055,0.69793,743.93,580.28,-2459,75510
65.936,0,-8.5329,0.82321,-0.34679,-0.22423,-0.66124,-0.1372,0.70261,737.51,578.66,-2442.4,77088
65.943,0,-8.6764,0.91559,-0.37944,-0.20997,-0.66389,-0.12379,0.70699,738.56,580.36,-2447,74018
65.95,0,-8.4375,0.79658,-0.34326,-0.19562,-0.66626,-0.11033,0.71109,724,576.41,-2434.7,75312
65.957,0,-8.5024,0.99247,-0.37297,-0.18119,-0.66836,-0.09683,0.7149,722.4,577.23,-2438.4,75915
65.964,0,-8.7365,1.153,-0.54286,-0.16669,-0.67019,-0.083284,0.71842,720.8,586.44,-2434.7,75476
65.971,0,-8.6728,0.89659,-0.58452,-0.15212,-0.67174,-0.069703,0.72164,725.87,581.05,-2421.7,74808
65.978,0,-8.4991,1.0518,-0.67777,-0.13749,-0.67302,-0.056093,0.72457,720.83,572.13,-2440.8,74735
65.985,0,-8.4597,0.77831,-0.57825,-0.1228,-0.67402,-0.042458,0.7272,747.38,572.9,-2446.2,74889
65.992,0,-8.6003,0.82608,-0.41096,-0.10806,-0.67474,-0.028804,0.72953,726.56,574.26,-2453.3,75085
66,0,-8.597,0.78169,-0.55366,-0.093274,-0.67519,-0.015138,0.73157,740.23,572.14,-2440,76318
66.007,0,-8.5555,0.79133,-0.68695,-0.078452,-0.67536,-0.0014638,0.7333,728.53,557.24,-2414.7,74770
66.014,0,-8.674,0.79133,-0.72677,-0.063598,-0.67525,0.012212,0.73474,733.18,550.58,-2431.8,76379
66.021,0,-8.602,0.78959,-0.73249,-0.048717,-0.67487,0.025884,0.73587,746.25,565.95,-2433,75170
66.028,0,-8.6422,0.68715,-0.95908,-0.033817,-0.67421,0.039547,0.73671,742.14,560.29,-2438.4,76252
66.035,0,-8.4964,0.60587,-0.72489,-0.018903,-0.67327,0.053194,0.73724,730.72,567.66,-2423.8,72609
66.042,0,-8.7079,0.65634,-0.86314,-0.0039811,-0.67206,0.066821,0.73747,729.73,557.21,-2436.4,75796
66.049,0,-8.5397,0.66832,-0.79139,0.010942,-0.67057,0.080421,0.7374,751.6,539.29,-2422.1,76223
66.056,0,-8.8815,0.58817,-0.68984,0.025862,-0.6688,0.09399,0.73702,734.58,579.14,-2419.7,74378
66.063,0,-8.7061,0.43281,-0.90755,0.04077,-0.66676,0.10752,0.73635,736.98,557.83,-2452.5,74436
66.07,0,-8.7216,0.53368,-0.92823,0.055662,-0.66444,0.12101,0.73538,733.06,573.18,-2395.4,77378
66.077,0,-8.7869,0.56796,-0.9085,0.070531,-0.66185,0.13445,0.7341,723.89,563.5,-2408.6,76209
66.084,0,-8.5099,0.27271,-0.98952,0.085372,-0.65899,0.14783,0.73252,710.9,561.02,-2417.9,74539
66.091,0,-8.6783,0.49093,-1.0272,0.10018,-0.65586,0.16116,0.73065,738.81,582.69,-2435.2,76211
66.098,0,-8.6375,0.25316,-0.91839,0.11494,-0.65246,0.17442,0.72847,712.75,586.06,-2411.2,75973
66.105,0,-8.715,0.26755,-0.97888,0.12966,-0.64878,0.18761,0.726,731.4,551.05,-2422.7,75762
66.112,0,-8.695,0.2361,-1.1127,0.14433,-0.64485,0.20072,0.72322,740.02,564.92,-2417.7,75254
66.119,0,-8.6157,0.15653,-0.93618,0.15893,-0.64064,0.21375,0.72016,735.46,574.9,-2408.1,73325
66.126,0,-8.7031,0.18569,-0.97408,0.17347,-0.63618,0.2267,0.7168,739.07,574.56,-2396.4,74782
66.133,0,-8.6545,0.098907,-0.98339,0.18795,-0.63145,0.23955,0.71314,738.73,581.55,-2420.5,74571
66.14,0,-8.5538,0.080722,-1.1566,0.20234,-0.62646,0.2523,0.70919,727.18,576.21,-2402,74607
66.147,0,-8.6441,-0.053655,-1.0267,0.21665,-0.62121,0.26495,0.70496,720.38,565.85,-2409.6,76647
66.154,0,-8.6917,-0.12337,-1.0975,0.23088,-0.61571,0.27749,0.70043,730.33,562.41,-2416.7,75573
66.162,0,-8.5942,-0.095858,-1.1141,0.24501,-0.60995,0.28992,0.69561,732.58,561.6,-2408.8,76103
66.169,0,-8.6587,-0.11094,-0.98392,0.25904,-0.60394,0.30223,0.69052,734.33,576.01,-2403.2,75298
66.176,0,-8.7407,-0.20076,-1.1373,0.27296,-0.59768,0.31442,0.68513,721.84,582.23,-2417.2,75319
66.183,0,-8.6727,-0.28478,-0.95926,0.28677,-0.59118,0.32647,0.67947,722.22,565.01,-2393,74961
66.19,0,-8.5898,-0.15837,-1.01,0.30047,-0.58444,0.3384,0.67353,727.85,564.01,-2396.7,76319
66.197,0,-8.5684,-0.060853,-0.88834,0.31404,-0.57745,0.35018,0.66731,718.7,553.21,-2385.5,75984
66.204,1,-8.7979,-0.23193,-0.90345,0.32749,-0.57022,0.36182,0.66082,732.59,563.81,-2387.6,76554
66.211,0,-8.7437,-0.39254,-0.92432,0.3408,-0.56276,0.37331,0.65406,733.31,570,-2412.5,74576
66.218,0,-8.656,-0.25452,-1.0642,0.35397,-0.55507,0.38465,0.64703,752.04,573.44,-2377.5,76137
66.225,0,-8.7989,-0.084921,-1.0815,0.367,-0.54715,0.39583,0.63973,727.85,558.21,-2403.3,74973
66.232,0,-8.5603,-0.54924,-1.0204,0.37988,-0.53901,0.40685,0.63217,746.2,570.17,-2376.1,76023
66.239,0,-8.5126,-0.59426,-1.2163,0.3926,-0.53064,0.4177,0.62435,731.61,579.7,-2392.8,75748
66.246,0,-8.6641,-0.71381,-0.95297,0.40517,-0.52206,0.42837,0.61627,727.75,562.97,-2393,74964
66.253,0,-8.4771,-0.56755,-1.0428,0.41756,-0.51326,0.43888,0.60794,746.03,568.98,-2389.6,76378
66.26,0,-8.6694,-0.72745,-0.99,0.42979,-0.50425,0.4492,0.59936,729.27,566.08,-2390.2,75458
66.267,0,-8.6094,-0.83206,-0.84616,0.44184,-0.49503,0.45933,0.59054,731.76,567.54,-2382.5,75356
66.274,0,-8.7993,-0.71091,-0.9253,0.45371,-0.4856,0.46928,0.58147,723.37,566.49,-2375,76901
66.281,0,-8.7714,-0.78471,-0.86242,0.4654,-0.47598,0.47904,0.57216,728.63,579.49,-2383.8,75903
66.288,0,-8.649,-0.85336,-0.77173,0.4769,-0.46616,0.4886,0.56262,739.02,560.25,-2370.4,74624
66.295,0,-8.8841,-0.78177,-0.77479,0.4882,-0.45615,0.49795,0.55284,745.48,557.75,-2385.2,75407
66.302,0,-8.4844,-0.66718,-0.69629,0.4993,-0.44596,0.5071,0.54284,725.56,572.73,-2363.1,74565
66.309,0,-8.5104,-0.85122,-0.61508,0.51019,-0.43558,0.51605,0.53261,715.69,572.42,-2366,75526
66.316,0,-8.5918,-0.93978,-0.7282,0.52088,-0.42502,0.52478,0.52216,728.86,562.15,-2360,75286
66.324,0,-8.6724,-0.93617,-0.65903,0.53135,-0.41428,0.53329,0.5115,743.15,572.59,-2360.7,76499
66.331,0,-8.704,-0.91713,-0.71431,0.54161,-0.40338,0.54159,0.50063,727.41,569.63,-2361.6,76034
66.338,0,-8.6612,-0.99626,-0.64271,0.55164,-0.3923,0.54966,0.48955,728.25,581.69,-2348.3,74402
66.345,0,-8.6831,-1.0315,-0.63545,0.56145,-0.38107,0.55751,0.47827,736.29,571.55,-2347.7,76674
66.352,0,-8.5195,-0.85628,-0.54964,0.57103,-0.36968,0.56513,0.46679,707.73,572.65,-2358.7,75678
66.359,0,-8.5874,-0.89888,-0.4579,0.58037,-0.35814,0.57251,0.45512,723.51,548.16,-2352.1,77423
66.366,0,-8.6147,-1.0875,-0.52244,0.58948,-0.34645,0.57966,0.44326,727.61,549.47,-2360.1,77249
66.373,0,-8.719,-0.83499,-0.41909,0.59834,-0.33462,0.58658,0.43122,737.8,558.06,-2346.4,75550
66.38,0,-8.6855,-1.0955,-0.28774,0.60696,-0.32265,0.59325,0.419,743.87,555.02,-2356.1,75918
66.387,0,-8.6849,-1.1231,-0.25907,0.61532,-0.31055,0.59967,0.40661,749,572.79,-2360.9,73356
66.394,0,-8.7891,-1.1575,-0.39745,0.62344,-0.29832,0.60585,0.39404,730.5,569.54,-2362.9,75778
66.401,0,-8.7755,-1.0876,-0.12028,0.6313,-0.28596,0.61178,0.38132,745.58,564.91,-2330,75735
66.408,0,-8.6455,-1.1141,-0.0018687,0.6389,-0.27349,0.61746,0.36844,731.55,592.17,-2355.2,77272
66.415,0,-8.7466,-1.1163,-0.2117,0.64624,-0.26091,0.62289,0.35541,720.02,572.6,-2340.9,76700
66.422,0,-8.5237,-1.004,-0.11511,0.65331,-0.24822,0.62806,0.34223,727.88,570.4,-2336.1,76326
66.429,0,-8.6662,-1.1507,-0.12646,0.66011,-0.23542,0.63297,0.32891,733.5,570.54,-2333.5,76090
66.436,0,-8.7493,-1.1879,-0.19631,0.66665,-0.22253,0.63762,0.31545,723.63,577.98,-2349.6,75957
66.443,0,-8.77,-1.297,0.20464,0.67291,-0.20955,0.642,0.30186,741.29,561.05,-2360,75921
66.45,0,-8.8488,-1.1226,0.18903,0.67889,-0.19647,0.64613,0.28815,734.19,578.31,-2331.7,76075
66.457,0,-8.7046,-1.0829,0.1969,0.68459,-0.18332,0.64998,0.27432,750.95,564.25,-2336.6,76227
66.464,0,-8.869,-1.1872,0.29062,0.69001,-0.1701,0.65357,0.26037,738.65,586.42,-2342.5,75058
66.471,0,-8.7829,-1.0259,0.21713,0.69515,-0.1568,0.65689,0.24632,740.73,588.37,-2330.9,77530
66.478,0,-8.3019,-0.82505,0.31142,0.7,-0.14343,0.65994,0.23217,743.7,561.78,-2330,76329
66.486,0,-8.6576,-0.99051,0.38247,0.70456,-0.13001,0.66272,0.21792,728.09,564.24,-2340,75421
66.493,0,-8.7745,-1.1094,0.29352,0.70883,-0.11653,0.66523,0.20358,735.48,543.33,-2338.7,75912
66.5,0,-8.7083,-0.9687,0.4707,0.71282,-0.10301,0.66746,0.18915,723.4,566.64,-2321.5,75438
66.507,0,-8.8946,-0.92081,0.70862,0.7165,-0.089436,0.66942,0.17465,727.54,567.37,-2326.4,75941
66.514,0,-8.6408,-0.92492,0.64432,0.7199,-0.075829,0.6711,0.16008,716.09,577.31,-2321.4,75928
66.521,0,-8.6324,-0.78767,0.50104,0.723,-0.06219,0.6725,0.14544,741.06,573.65,-2322.1,77720
66.528,0,-8.7704,-1.0388,0.4634,0.72579,-0.048524,0.67363,0.13074,731.28,569.27,-2325.3,76171
66.535,0,-8.7747,-0.91245,0.511,0.7283,-0.034838,0.67448,0.11598,731.94,565.83,-2318.6,77955
66.542,0,-8.6947,-0.94863,0.50354,0.7305,-0.021136,0.67505,0.10118,731.9,572.99,-2298.8,76259
66.549,0,-8.6686,-0.82131,0.60998,0.7324,-0.0074254,0.67534,0.086337,738.39,561.64,-2321.6,75927
66.556,0,-8.7234,-0.76731,0.82462,0.734,0.0062896,0.67535,0.071457,734.21,573.11,-2319.2,76922
66.563,0,-8.639,-0.61067,0.74669,0.73529,0.020003,0.67509,0.056548,733.92,575.79,-2319.9,77412
66.57,0,-8.8253,-0.70837,0.74124,0.73629,0.033708,0.67455,0.041615,725.56,551.78,-2325,75980
66.577,0,-8.6996,-0.80359,0.64187,0.73698,0.047401,0.67372,0.026665,732.59,602.06,-2306.3,76346
66.584,0,-8.864,-0.63646,0.87668,0.73737,0.061075,0.67262,0.011704,739.62,580.07,-2296.2,75202
66.591,0,-8.8537,-0.52314,0.82665,0.73745,0.074725,0.67125,-0.0032624,723.53,576.03,-2312.5,77013
66.598,0,-8.7654,-0.40419,0.87515,0.73723,0.088344,0.66959,-0.018227,751.27,562.19,-2322.9,77609
66.605,0,-8.6068,-0.59134,0.78982,0.73671,0.10193,0.66766,-0.033185,733.77,566.4,-2281.8,76152
66.612,0,-8.7988,-0.4949,1.0181,0.73588,0.11547,0.66545,-0.048129,750.02,569.88,-2299.4,75995
66.619,0,-8.8655,-0.59912,0.88155,0.73475,0.12897,0.66297,-0.063053,738.32,581.2,-2297.9,76279
66.626,0,-8.7796,-0.3758,0.81848,0.73332,0.14241,0.66021,-0.077952,762.03,581.48,-2307.5,78070
66.633,0,-8.7841,-0.40781,1.07,0.73159,0.1558,0.65718,-0.092819,745.54,559.24,-2300.5,76771
66.64,0,-8.8194,-0.64293,0.98805,0.72955,0.16912,0.65388,-0.10765,741.11,569.08,-2283.6,76976
66.648,0,-8.9222,-0.36005,0.84195,0.72722,0.18237,0.65031,-0.12243,744.32,566.13,-2323.9,77219
66.655,0,-8.8639,-0.019662,1.1161,0.72458,0.19555,0.64647,-0.13717,719.98,574.34,-2307.7,75716
66.662,0,-8.9592,-0.14211,1.1918,0.72165,0.20865,0.64236,-0.15184,713.06,564.52,-2294,76305
66.669,0,-8.7793,-0.197,1.0604,0.71842,0.22166,0.63799,-0.16646,736.85,562.07,-2258.7,75562
66.676,0,-8.7757,-0.21689,1.1716,0.7149,0.23458,0.63335,-0.18101,729.21,559.25,-2284.1,75881
66.683,0,-8.6635,-0.079534,1.0306,0.71108,0.2474,0.62845,-0.19548,737.67,583.01,-2295,75397
66.69,0,-8.8085,-0.061812,0.99423,0.70696,0.26013,0.62329,-0.20987,750.26,556.66,-2292.2,76477
66.697,0,-8.9362,-0.11898,1.1398,0.70256,0.27274,0.61787,-0.22418,722.79,574.77,-2277.6,75481
66.704,0,-8.8625,0.043861,1.046,0.69786,0.28525,0.6122,-0.2384,737.83,567.43,-2268.7,78725
66.711,0,-8.6232,0.13958,0.88036,0.69288,0.29763,0.60627,-0.25251,747.21,578.73,-2292.8,75819
66.718,0,-8.5511,0.11637,1.1203,0.68761,0.3099,0.6001,-0.26653,733.62,580.47,-2294.5,75797
66.725,0,-8.8243,0.05211,0.87336,0.68206,0.32204,0.59367,-0.28043,739.75,572.05,-2286,76525
66.732,0,-8.6817,0.2585,1.0718,0.67623,0.33404,0.587,-0.29422,741.23,571.82,-2277.1,76514
66.739,0,-8.7797,0.10893,1.0676,0.67012,0.34591,0.58008,-0.30789,742.73,583.43,-2285,75732
66.746,0,-8.6693,0.27862,1.0696,0.66373,0.35763,0.57293,-0.32143,740.63,575.9,-2278.3,76583
66.753,0,-9.044,0.27321,0.92196,0.65707,0.3692,0.56554,-0.33484,741.26,580.98,-2280.3,77399
66.76,0,-8.7404,0.3504,1.0322,0.65014,0.38063,0.55791,-0.34811,741.89,573.82,-2247.4,76889
66.767,0,-9.0617,0.39167,0.94748,0.64294,0.39189,0.55005,-0.36124,750.79,565.72,-2264.5,78178
66.774,0,-8.8026,0.40095,0.98234,0.63547,0.403,0.54197,-0.37422,741.04,583.99,-2271.5,78774
66.781,0,-8.7734,0.54153,0.95517,0.62774,0.41394,0.53366,-0.38704,721.49,583.13,-2260.9,75454
66.788,0,-8.784,0.56702,1.051,0.61976,0.4247,0.52513,-0.39971,730.14,574.33,-2252.9,75647
66.795,0,-8.698,0.5387,1.1553,0.61151,0.4353,0.51638,-0.41222,727.38,576.39,-2262.7,77156
66.802,0,-8.7993,0.63104,0.72253,0.60302,0.44571,0.50742,-0.42455,732.3,567.79,-2253.8,77491
66.81,0,-8.708,0.6192,0.94818,0.59427,0.45594,0.49825,-0.43671,741.39,569.97,-2265.7,78104
66.817,0,-8.7028,0.62051,0.99796,0.58528,0.46597,0.48887,-0.44869,728.52,583.51,-2265.2,76433
66.824,0,-8.9625,0.6065,0.89797,0.57605,0.47582,0.47929,-0.46048,742.5,572.9,-2258,79103
66.831,0,-8.5884,0.81246,0.85316,0.56658,0.48547,0.46951,-0.47209,728.2,586.85,-2257.1,76037
66.838,0,-8.8978,0.76566,0.76457,0.55687,0.49492,0.45954,-0.4835,716.37,562.56,-2240.5,77635
66.845,0,-8.7356,0.7391,0.83803,0.54694,0.50417,0.44938,-0.49471,736.79,567.32,-2264.3,76433
66.852,0,-8.9466,0.77061,0.82796,0.53678,0.5132,0.43903,-0.50572,721.6,568.28,-2256.9,77901
66.859,0,-8.8229,0.86853,0.696,0.52639,0.52203,0.4285,-0.51652,724.38,584.29,-2254.9,77923
66.866,0,-8.6913,0.65725,0.53017,0.51579,0.53064,0.41779,-0.52711,737.53,573.25,-2245.6,77560
66.873,0,-8.7367,1.01,0.59628,0.50498,0.53902,0.40691,-0.53748,729.37,572.95,-2265.5,75421
66.88,0,-8.8716,0.80392,0.78027,0.49395,0.54719,0.39586,-0.54762,747.95,580.65,-2246.4,77705
66.887,0,-8.8197,0.92043,0.67484,0.48272,0.55513,0.38464,-0.55755,740.24,551.99,-2248.3,77469
66.894,0,-8.8945,1.0199,0.47076,0.4713,0.56284,0.37327,-0.56724,733.74,566.03,-2221.3,77715
66.901,0,-8.8821,0.82167,0.60512,0.45967,0.57032,0.36174,-0.5767,734.41,566.18,-2252,77499
66.908,1,-8.7976,1.0727,0.32569,0.44786,0.57756,0.35007,-0.58592,727.24,579.23,-2248.1,74899
66.915,0,-8.8633,0.76164,0.51696,0.43586,0.58456,0.33824,-0.5949,737.1,588.53,-2253.8,79823
66.922,0,-8.6872,1.1531,0.39318,0.42368,0.59132,0.32628,-0.60363,743.95,565.71,-2236,76754
66.929,0,-8.8354,1.0689,0.35205,0.41132,0.59784,0.31418,-0.61212,729.05,575.81,-2220.7,78069
66.936,0,-8.9397,0.96664,0.19773,0.3988,0.60411,0.30196,-0.62035,732.13,571.56,-2207.2,77006
66.943,0,-8.8965,1.0447,0.16493,0.3861,0.61013,0.2896,-0.62833,734.46,557.33,-2232.6,77679
66.95,0,-8.7562,0.96861,0.019466,0.37325,0.6159,0.27713,-0.63605,727.83,570.35,-2226.9,77802
66.957,0,-8.8904,1.2294,0.28112,0.36024,0.62141,0.26454,-0.6435,746.08,572.37,-2221.4,76198
66.964,0,-8.825,1.0522,0.0056531,0.34709,0.62666,0.25185,-0.65069,723.46,576.35,-2226.1,77669
66.972,0,-8.8493,1.1101,-0.0010508,0.33379,0.63166,0.23904,-0.65761,731.82,575.54,-2201.8,77419
66.979,0,-8.8416,1.1691,-0.01985,0.32035,0.63639,0.22614,-0.66426,745.63,575.31,-2227.7,74952
66.986,0,-8.8236,1.1709,0.043707,0.30678,0.64086,0.21315,-0.67063,758.52,584.33,-2231.6,75882
66.993,0,-8.8952,1.2205,-0.094293,0.29308,0.64507,0.20006,-0.67673,728.5,572.48,-2216.5,78250
67,0,-8.9418,1.1773,-0.12057,0.27926,0.64901,0.1869,-0.68255,735.94,559.4,-2221.7,77806
67.007,0,-8.7137,1.0981,-0.27888,0.26532,0.65268,0.17365,-0.68808,734.88,589.73,-2208.8,76623
67.014,0,-8.8846,1.1292,-0.17058,0.25127,0.65608,0.16034,-0.69333,735.85,563.16,-2223.4,77446
67.021,0,-8.8167,1.0886,-0.32462,0.23712,0.65921,0.14695,-0.6983,731.87,573.49,-2211.2,76557
67.028,0,-8.8951,1.2193,-0.2317,0.22287,0.66206,0.13351,-0.70297,750.54,575.85,-2220.5,77408
67.035,0,-8.9325,0.91455,-0.11739,0.20853,0.66465,0.12001,-0.70736,758.38,583.53,-2204.5,76649
67.042,0,-8.9758,1.0828,-0.39604,0.1941,0.66695,0.10646,-0.71145,726.94,558.03,-2208.1,77874
67.049,0,-8.9334,0.88687,-0.50439,0.17959,0.66898,0.092862,-0.71525,729.52,593.19,-2193.3,79164
67.056,0,-8.7341,0.96597,-0.37923,0.16501,0.67074,0.079228,-0.71875,722.68,571.21,-2205.9,76167
67.063,0,-8.8808,0.98109,-0.37691,0.15036,0.67221,0.06556,-0.72196,720.33,563.83,-2192.1,76929
67.07,0,-8.8506,0.97937,-0.52439,0.13564,0.67341,0.051865,-0.72487,743.79,582.52,-2207.8,74757
67.077,0,-8.7942,0.83503,-0.49546,0.12087,0.67433,0.038148,-0.72747,720.03,554.61,-2193.3,77683
67.084,0,-8.7633,0.9676,-0.6081,0.10605,0.67497,0.024414,-0.72978,732.5,561.86,-2188.2,77225
67.091,0,-8.878,0.8908,-0.61257,0.091182,0.67533,0.01067,-0.73178,736.72,564.48,-2193.1,79978
67.098,0,-8.9033,0.65068,-0.69885,0.076278,0.6754,-0.0030795,-0.73349,723.72,576.85,-2213.2,78020
67.105,0,-8.8411,0.77422,-0.95795,0.061342,0.6752,-0.016828,-0.73488,738.35,562.72,-2186.7,77722
67.112,0,-8.7424,0.71594,-0.7703,0.046381,0.67472,-0.03057,-0.73598,737.29,575.59,-2176.9,80313
67.119,0,-9.0253,0.80497,-0.74952,0.0314,0.67396,-0.044301,-0.73677,714.45,574.72,-2198.7,77639
67.127,0,-8.686,0.63912,-0.81698,0.016406,0.67292,-0.058013,-0.73725,745.11,589.9,-2188.1,78553
67.134,0,-8.8387,0.61887,-0.85948,0.0014045,0.6716,-0.071702,-0.73743,722.98,582.41,-2191.3,78170
67.141,0,-8.9831,0.6072,-0.87417,-0.013597,0.67001,-0.085362,-0.73731,747.48,570.71,-2187.1,79163
67.148,0,-8.9271,0.48384,-1.0354,-0.028594,0.66813,-0.098988,-0.73688,742.03,569.36,-2183.9,76951
67.155,0,-8.8502,0.71099,-1.0437,-0.043579,0.66598,-0.11257,-0.73614,743.43,569.47,-2193.9,78622
67.162,0,-8.9423,0.47636,-0.89191,-0.058546,0.66355,-0.12611,-0.7351,731.63,568.52,-2181.2,79685
67.169,0,-8.9045,0.45503,-1.0271,-0.073489,0.66084,-0.1396,-0.73376,739.4,585.8,-2194.3,77802
67.176,0,-9.0784,0.33618,-0.99217,-0.088402,0.65786,-0.15303,-0.73211,750.47,571.92,-2185.7,78815
67.183,0,-8.9092,0.52617,-1.1024,-0.10328,0.65461,-0.16639,-0.73016,730.3,574.87,-2177.1,77545
67.19,0,-8.8513,0.44795,-0.96069,-0.11811,0.65109,-0.17969,-0.72791,724.09,565.58,-2170.2,76700
67.197,0,-8.9798,0.20266,-0.99797,-0.1329,0.64729,-0.19292,-0.72535,750.88,588.16,-2187.1,78843
67.204,0,-8.8686,0.091315,-1.0289,-0.14763,0.64323,-0.20606,-0.7225,761.41,578.68,-2158,76934
67.211,0,-8.8535,0.12093,-0.92447,-0.1623,0.6389,-0.21912,-0.71934,748.03,584.36,-2173.3,79836
67.218,0,-8.9281,0.25116,-1.2228,-0.1769,0.6343,-0.23209,-0.71589,727.86,576.85,-2177,77637
67.225,0,-8.9596,0.28008,-1.115,-0.19143,0.62944,-0.24497,-0.71214,747.57,580.92,-2155.2,78563
67.232,0,-8.8432,-0.024379,-1.0182,-0.20588,0.62432,-0.25774,-0.7081,733.14,575.43,-2170.6,77403
67.239,0,-8.8786,0.11742,-1.145,-0.22025,0.61894,-0.2704,-0.70377,737.56,564.73,-2161.3,77023
67.246,0,-9.1237,-0.013532,-1.0682,-0.23452,0.6133,-0.28296,-0.69914,739.63,570.02,-2169.4,78906
67.253,0,-8.7542,0.045685,-1.1695,-0.2487,0.60741,-0.2954,-0.69422,743.12,584.13,-2169.1,78854
67.26,0,-8.9451,-0.11406,-1.1534,-0.26278,0.60126,-0.30771,-0.68902,736.17,569.44,-2174.7,79761
67.267,0,-9.0747,-0.098663,-1.0402,-0.27674,0.59487,-0.3199,-0.68353,719,572.76,-2146.2,78258
67.274,0,-8.9054,-0.088739,-1.0159,-0.29059,0.58822,-0.33195,-0.67776,731.36,566.98,-2165.3,78061
67.281,0,-8.8764,-0.24574,-1.1293,-0.30433,0.58134,-0.34387,-0.6717,742.63,576.64,-2146.9,78289
67.289,0,-8.9042,-0.17307,-0.97426,-0.31793,0.57421,-0.35565,-0.66537,734.48,576.51,-2142.6,77015
67.296,0,-8.9545,-0.18729,-1.2166,-0.33141,0.56684,-0.36727,-0.65876,735.56,559.91,-2148.2,77797
67.303,0,-8.9209,-0.29568,-0.81205,-0.34475,0.55924,-0.37875,-0.65188,739.8,583.78,-2166.1,78777
67.31,0,-8.7792,-0.35053,-1.1395,-0.35795,0.5514,-0.39007,-0.64473,749.74,589.37,-2147.6,77357
67.317,0,-8.8006,-0.45659,-0.98286,-0.37099,0.54334,-0.40122,-0.63731,753.95,574.68,-2162.6,77107
67.324,0,-9.0127,-0.31541,-0.96375,-0.38389,0.53505,-0.41221,-0.62963,731.92,567.84,-2168.8,77698
67.331,0,-8.9479,-0.2311,-0.9892,-0.39663,0.52653,-0.42303,-0.62169,749.37,562.8,-2152.9,76502
67.338,0,-8.8717,-0.64001,-0.90322,-0.4092,0.5178,-0.43368,-0.61349,734.11,564.14,-2138.6,79325
67.345,0,-8.8917,-0.70508,-1.0252,-0.4216,0.50885,-0.44414,-0.60503,750.59,569.04,-2141.1,77120
67.352,0,-8.9856,-0.70798,-1.0439,-0.43383,0.49969,-0.45442,-0.59632,746.63,578.29,-2128.1,78495
67.359,0,-8.8998,-0.52654,-0.88325,-0.44588,0.49032,-0.46451,-0.58737,738.2,577.78,-2134.6,80133
67.366,0,-8.9113,-0.70337,-0.71474,-0.45775,0.48075,-0.47441,-0.57817,747.4,573.04,-2134.4,79127
67.373,0,-8.7878,-0.54639,-0.90466,-0.46942,0.47098,-0.48411,-0.56873,741.19,588.22,-2150,77530
67.38,0,-8.8484,-0.78122,-0.82742,-0.4809,0.46102,-0.49361,-0.55906,731.48,577.77,-2134.4,78264
67.387,0,-9.002,-0.76528,-0.75029,-0.49219,0.45086,-0.50291,-0.54915,721.85,572.97,-2131.8,77204
67.394,0,-8.7203,-0.87158,-0.67631,-0.50326,0.44051,-0.51199,-0.53902,747.34,574.57,-2127.6,78044
67.401,0,-8.9577,-0.80755,-0.82864,-0.51413,0.42998,-0.52087,-0.52866,733.96,574.66,-2123.2,75371
67.408,0,-8.9551,-0.78612,-0.75284,-0.52479,0.41927,-0.52952,-0.51808,754.5,576.68,-2115.5,79080
67.415,0,-8.9956,-1.0302,-0.64158,-0.53523,0.40839,-0.53796,-0.50729,725.74,572.99,-2132.1,78954
67.422,0,-8.9663,-0.85173,-0.48598,-0.54545,0.39734,-0.54618,-0.49628,745.94,564.35,-2138,77884
67.429,0,-8.6704,-0.91951,-0.57756,-0.55544,0.38612,-0.55416,-0.48507,728.51,579.08,-2133.2,78399
67.436,0,-8.9072,-0.94717,-0.73063,-0.56521,0.37474,-0.56192,-0.47366,746.1,585.78,-2129.9,78380
67.443,0,-8.8602,-0.97781,-0.53546,-0.57474,0.36321,-0.56944,-0.46205,723.31,581.18,-2117.9,76499
67.451,0,-8.807,-1.0312,-0.50155,-0.58403,0.35152,-0.57673,-0.45025,745.25,569.08,-2120.8,79007
67.458,0,-9.0768,-0.98097,-0.20144,-0.59308,0.33969,-0.58378,-0.43826,744.41,577.83,-2127.5,76472
67.465,0,-8.9463,-0.84816,-0.41229,-0.60188,0.32771,-0.59058,-0.42609,737.85,564.51,-2117.1,77922
67.472,0,-8.8945,-1.0278,-0.20485,-0.61043,0.3156,-0.59714,-0.41375,728.96,579.86,-2128,79851
67.479,0,-9.043,-1.2486,-0.30836,-0.61873,0.30336,-0.60346,-0.40123,759.87,598.03,-2105.8,77307
67.486,0,-8.9754,-1.0726,-0.27262,-0.62678,0.291,-0.60952,-0.38854,742.78,571.69,-2111.5,79231
67.493,0,-9.038,-1.0204,-0.37528,-0.63456,0.27851,-0.61533,-0.37569,743.99,587.28,-2101.9,77299
67.5,0,-9.0162,-1.0983,-0.12936,-0.64208,0.2659,-0.62088,-0.36269,748.21,574.37,-2113.6,79741
67.507,0,-9.0971,-1.0289,-0.15197,-0.64933,0.25319,-0.62617,-0.34953,746.22,584.5,-2095.2,78162
67.514,0,-8.8546,-0.97073,0.0065744,-0.65632,0.24036,-0.63121,-0.33623,726.22,569.34,-2093.9,79535
67.521,0,-8.9678,-1.1633,-0.082183,-0.66303,0.22744,-0.63598,-0.32279,735.17,582.51,-2093.1,76284
67.528,0,-8.9626,-1.0159,-0.11857,-0.66947,0.21443,-0.64048,-0.30921,734.55,582.88,-2094.1,76814
67.535,0,-8.8347,-1.1689,0.27621,-0.67563,0.20132,-0.64473,-0.29551,737.95,580.71,-2098.8,78136
67.542,0,-8.8,-1.1099,0.32974,-0.68151,0.18813,-0.6487,-0.28168,740.07,577.59,-2110.3,80905
67.549,0,-8.9833,-1.1308,0.21951,-0.6871,0.17486,-0.6524,-0.26774,737.25,567.65,-2117.2,77851
67.556,0,-8.9418,-1.14,0.030673,-0.69242,0.16152,-0.65583,-0.25368,759.95,574.58,-2109.9,78734
67.563,0,-8.8846,-0.93246,0.24316,-0.69744,0.14811,-0.65899,-0.23952,738.94,566.68,-2091,79384
67.57,0,-8.9724,-1.1438,0.24694,-0.70217,0.13464,-0.66188,-0.22525,741.54,551.49,-2109.8,79279
67.577,0,-8.9233,-0.93094,0.34001,-0.70662,0.12111,-0.66449,-0.2109,743.34,575.17,-2075,78617
67.584,0,-9.0432,-1.1153,0.47677,-0.71077,0.10754,-0.66682,-0.19646,730.69,583.37,-2090.3,78681
67.591,0,-8.8178,-0.96687,0.4067,-0.71462,0.093914,-0.66888,-0.18193,739.43,572.98,-2090.2,78617
67.598,0,-8.8963,-1.1835,0.78564,-0.71818,0.080251,-0.67066,-0.16733,741.19,570.84,-2089.8,79831
67.605,0,-8.9447,-0.95108,0.3569,-0.72144,0.066555,-0.67215,-0.15266,749.51,570.7,-2093.3,78839
67.613,1,-9.1403,-1.0313,0.56501,-0.7244,0.05283,-0.67337,-0.13792,731.46,565.62,-2067.8,77950
67.62,0,-9.1261,-0.93739,0.4241,-0.72706,0.039083,-0.67431,-0.12313,745.12,569.49,-2075.4,78351
67.627,0,-8.9462,-0.76258,0.69003,-0.72942,0.02532,-0.67497,-0.10828,733.55,581.93,-2091.5,77329
67.634,0,-8.9542,-0.88788,0.60427,-0.73147,0.011545,-0.67535,-0.093394,752.43,579.27,-2094.1,79788
67.641,0,-9.1453,-0.87165,0.78184,-0.73322,-0.0022346,-0.67545,-0.078465,743.91,596.42,-2078.6,79273
67.648,0,-8.9838,-0.81419,0.88011,-0.73467,-0.016014,-0.67526,-0.063503,737.77,596.13,-2078.1,77340
67.655,0,-8.8402,-0.87915,0.65687,-0.73581,-0.029787,-0.6748,-0.048515,738.59,560.87,-2083.6,78524
67.662,0,-9.0176,-0.89411,0.8241,-0.73664,-0.043548,-0.67405,-0.033506,725.2,580.16,-2052,78066
67.669,0,-8.9384,-0.77311,0.90091,-0.73717,-0.057292,-0.67302,-0.018484,723.82,584.27,-2076.5,79869
67.676,0,-9.0223,-0.57412,0.79372,-0.73739,-0.071012,-0.67171,-0.0034528,755.81,593.41,-2057.3,79747
67.683,0,-8.7835,-0.71801,0.87418,-0.73731,-0.084703,-0.67013,0.01158,728.53,574.71,-2055.8,78354
67.69,0,-9.1034,-0.59044,0.81452,-0.73692,-0.098359,-0.66826,0.026608,738.71,566.5,-2077.4,79453
67.697,0,-9.0297,-0.65229,0.77193,-0.73622,-0.11197,-0.66611,0.041625,756,567.37,-2065.6,79548
67.704,0,-8.8782,-0.53836,0.80214,-0.73522,-0.12554,-0.66369,0.056625,739.14,570.17,-2073.3,79926
67.711,0,-9.0509,-0.47288,1.0676,-0.73391,-0.13906,-0.66099,0.071602,732.4,577.21,-2043.8,79033
67.718,0,-8.824,-0.38903,1.1243,-0.7323,-0.15252,-0.65802,0.086549,744.39,556.98,-2068.4,78361
67.725,0,-9.0533,-0.38693,1.0094,-0.73038,-0.16592,-0.65477,0.10146,731.39,583.2,-2045.6,79255
67.732,0,-9.0797,-0.41428,0.99766,-0.72816,-0.17925,-0.65125,0.11633,753.39,584.58,-2060.8,79991
67.739,0,-8.8063,-0.3129,0.89323,-0.72563,-0.1925,-0.64745,0.13115,751.02,570.3,-2053.3,78357
67.746,0,-8.9733,-0.41929,1.022,-0.72281,-0.20568,-0.64339,0.14592,744.16,560.6,-2059.4,79360
67.753,0,-9.0232,-0.21368,1.0534,-0.71968,-0.21877,-0.63906,0.16063,740.58,583.38,-2048.1,80328
67.76,0,-8.9892,-0.35101,1.0107,-0.71626,-0.23176,-0.63446,0.17527,729.4,575.04,-2057.9,77484
67.767,0,-9.1275,-0.22069,1.2177,-0.71254,-0.24467,-0.6296,0.18983,727.35,580.35,-2044.7,79495
67.775,0,-9.0035,-0.064893,1.0769,-0.70852,-0.25747,-0.62447,0.20432,741.33,579.89,-2041.7,78437
67.782,0,-9.1861,0.10462,1.0737,-0.7042,-0.27016,-0.61909,0.21873,737.59,585.84,-2062.5,79622
67.789,0,-9.1838,-0.068364,0.99744,-0.6996,-0.28274,-0.61344,0.23304,751.54,585.16,-2035.6,79358
67.796,0,-9.1925,0.03099,1.145,-0.6947,-0.29521,-0.60754,0.24726,752.59,572.32,-2031.2,79599
67.803,0,-9.1032,0.05918,1.3155,-0.68951,-0.30755,-0.60139,0.26137,759.53,586.25,-2035,78323
67.81,0,-9.062,0.28658,1.0477,-0.68404,-0.31976,-0.59499,0.27538,743.95,567.13,-2023.9,78893
67.817,0,-8.9886,0.13159,0.97457,-0.67828,-0.33184,-0.58833,0.28927,741.41,573.12,-2039.2,79060
67.824,0,-9.1791,0.18535,1.2774,-0.67224,-0.34379,-0.58144,0.30304,732.1,567.81,-2052.1,76132
67.831,0,-8.8986,0.34764,1.4063,-0.66592,-0.35559,-0.5743,0.31669,741.75,583.85,-2050.4,78606
67.838,0,-8.9436,0.40973,1.1819,-0.65932,-0.36724,-0.56692,0.3302,755.58,580.82,-2022.1,80403
67.845,0,-9.0244,0.21433,1.141,-0.65245,-0.37874,-0.5593,0.34358,752.76,568.53,-2061.5,80678
67.852,0,-9.0779,0.34352,1.0214,-0.64531,-0.39008,-0.55145,0.35682,753.69,578.08,-2049.2,79120
67.859,0,-9.0992,0.56217,1.1257,-0.6379,-0.40126,-0.54337,0.3699,744.72,575.1,-2042.9,78261
67.866,0,-9.0034,0.40726,0.85058,-0.63022,-0.41227,-0.53506,0.38284,743.16,577.04,-2032.4,79996
67.873,0,-8.9723,0.81584,1.1175,-0.62228,-0.42311,-0.52653,0.39561,741.27,575.93,-2023.6,78435
67.88,0,-9.0703,0.63106,1.0395,-0.61408,-0.43377,-0.51778,0.40822,752.32,566.41,-2021.3,79044
67.887,0,-9.1827,0.54542,0.96754,-0.60563,-0.44426,-0.50882,0.42066,746.56,557.32,-2032.2,78168
67.894,0,-8.9058,0.59386,0.95854,-0.59692,-0.45456,-0.49964,0.43293,742.23,583.2,-2028.7,79431
67.901,0,-9.2114,0.71984,0.82562,-0.58797,-0.46466,-0.49025,0.44501,730.35,571.41,-2013.5,78202
67.908,0,-9.2212,0.85804,0.66733,-0.57877,-0.47458,-0.48066,0.45691,738.72,586.3,-2021.7,80098
67.915,0,-9.0027,0.83465,0.95184,-0.56933,-0.4843,-0.47086,0.46863,728.22,572.54,-2033.5,78395
67.922,0,-9.0476,0.83856,0.83876,-0.55965,-0.49381,-0.46087,0.48014,719.89,574.66,-2012.3,79511
67.929,0,-9.106,0.74951,0.91295,-0.54974,-0.50312,-0.45069,0.49146,741.98,583.3,-2008.7,78333
67.937,0,-9.1064,0.84385,0.79477,-0.5396,-0.51222,-0.44032,0.50257,753.34,565.28,-2024.1,77142
67.944,0,-8.7486,0.88951,0.73735,-0.52923,-0.52111,-0.42977,0.51348,746.37,601.99,-2015.8,79394
67.951,0,-9.0049,0.97925,0.82336,-0.51865,-0.52977,-0.41903,0.52417,746.31,570.67,-2001,80524
67.958,0,-8.9913,0.92417,0.69715,-0.50785,-0.53822,-0.40812,0.53465,748.33,586.03,-2025.1,80259
67.965,0,-9.0591,0.93704,0.42876,-0.49684,-0.54644,-0.39704,0.5449,766.77,573.38,-2003.6,80730
67.972,0,-9.0405,0.94869,0.8046,-0.48562,-0.55443,-0.3858,0.55493,740.93,571.4,-2001.7,78400
67.979,0,-9.1072,0.89851,0.59398,-0.4742,-0.56219,-0.37439,0.56472,728.26,584.2,-1999.4,77100
67.986,0,-9.1156,0.86078,0.65025,-0.46258,-0.56972,-0.36283,0.57429,735.16,597.26,-2026.8,79117
67.993,0,-9.1739,1.0625,0.52824,-0.45076,-0.577,-0.35111,0.58361,753.84,580.19,-2013.9,78742
68,0,-8.9441,0.97327,0.43531,-0.43877,-0.58405,-0.33925,0.59269,746.07,569.17,-2009.2,80563
68.007,0,-8.8248,0.90587,0.49793,-0.42658,-0.59085,-0.32724,0.60153,750.52,570.05,-1980.9,80456
68.014,0,-8.9463,1.0222,0.63344,-0.41422,-0.5974,-0.3151,0.61012,743.4,582.5,-1996.6,79222
68.021,0,-9.1754,0.93207,0.2859,-0.40169,-0.6037,-0.30283,0.61846,739.88,579.15,-1982.7,78831
68.028,0,-9.1141,0.93717,0.30596,-0.38899,-0.60975,-0.29043,0.62653,738.76,558.72,-1989.5,79527
68.035,0,-9.0476,0.91123,0.29117,-0.37612,-0.61554,-0.27791,0.63435,725.18,573.54,-2005.4,78917
68.042,0,-9.1719,1.0046,0.18934,-0.3631,-0.62108,-0.26527,0.64191,732.32,588.67,-1980.6,80374
68.049,0,-9.2312,1.1145,0.17876,-0.34993,-0.62635,-0.25253,0.6492,710.81,578.62,-1984.2,79651
68.056,0,-9.1234,1.1455,0.25521,-0.33661,-0.63137,-0.23968,0.65622,750.78,586.8,-1983.1,78808
68.063,0,-9.0175,1.0349,0.16232,-0.32315,-0.63611,-0.22672,0.66297,732.26,598.74,-1991.1,80830
68.07,0,-9.0963,1.0729,-0.021864,-0.30956,-0.6406,-0.21368,0.66944,725.98,568.61,-2006.1,78046
68.077,0,-9.1124,1.0314,-0.086867,-0.29583,-0.64481,-0.20054,0.67564,744.95,548.1,-1979.1,80611
68.084,0,-8.9473,1.1288,-0.14749,-0.28198,-0.64875,-0.18733,0.68155,753.95,576.63,-1978.3,80871
68.091,0,-9.1347,1.0934,-0.054413,-0.26801,-0.65243,-0.17403,0.68718,753.17,567.63,-1977.3,81115
68.099,0,-9.0599,1.1217,-0.040739,-0.25393,-0.65582,-0.16066,0.69253,751.05,578.11,-1966.8,81468
68.106,0,-9.3028,1.2697,-0.2018,-0.23975,-0.65895,-0.14723,0.69759,739.23,574.27,-1964.4,80293
68.113,0,-9.0543,1.0638,-0.32687,-0.22546,-0.6618,-0.13373,0.70236,739.5,566.56,-1956.2,78339
68.12,0,-9.1962,1.0625,-0.31099,-0.21107,-0.66437,-0.12018,0.70684,739.12,570.08,-1971.7,78551
68.127,0,-9.0281,1.0058,-0.33886,-0.1966,-0.66666,-0.10658,0.71102,742.6,571.23,-1994.1,80088
68.134,0,-8.9332,1.0528,-0.35334,-0.18205,-0.66868,-0.09294,0.71491,743.36,587.34,-1977.8,80118
68.141,0,-9.2196,0.93005,-0.36924,-0.16741,-0.67042,-0.079259,0.71849,739.86,573.05,-1979.3,81245
68.148,0,-8.8491,0.96084,-0.58004,-0.15271,-0.67187,-0.065545,0.72178,727.76,587.44,-1956.2,79551
68.155,0,-9.2784,1.0074,-0.67509,-0.13794,-0.67305,-0.051805,0.72477,754.11,580.56,-1982,79903
68.162,0,-9.2251,0.83143,-0.477,-0.12311,-0.67394,-0.038044,0.72746,744.66,582.53,-1966.7,78593
68.169,0,-9.2331,0.96272,-0.71542,-0.10823,-0.67455,-0.024267,0.72985,744.77,579.56,-1962.5,79219
68.176,0,-9.1814,1.14,-0.69939,-0.093304,-0.67488,-0.010481,0.73193,723.46,559.33,-1964.7,80825
68.183,0,-9.1703,0.84098,-0.73827,-0.078337,-0.67493,0.0033085,0.7337,756.64,578.07,-1961.5,78106
68.19,0,-9.011,0.94707,-0.85109,-0.063337,-0.6747,0.017096,0.73517,734.51,554.9,-1962.7,78425
68.197,0,-9.2942,0.73745,-0.80341,-0.048309,-0.67419,0.030876,0.73633,732.16,592.55,-1963.6,79507
68.204,0,-9.1266,0.67695,-0.79919,-0.033259,-0.67339,0.044643,0.73718,733.81,575.24,-1946.2,78413
68.211,0,-9.0023,0.71142,-0.92783,-0.018195,-0.67232,0.05839,0.73773,749.4,569.09,-1968.9,80820
68.218,0,-9.2494,0.72655,-0.90156,-0.003122,-0.67096,0.072113,0.73797,737.73,583.86,-1949.4,80884
68.225,0,-9.1441,0.67525,-0.81612,0.011953,-0.66933,0.085805,0.7379,734.41,594.6,-1951.2,78955
68.232,0,-9.0788,0.74759,-0.90066,0.027025,-0.66741,0.099461,0.73752,733.37,591.15,-1938.1,80130
68.239,0,-9.1972,0.64312,-1.2281,0.042086,-0.66522,0.11307,0.73683,725.64,596.33,-1939.6,80215
68.246,0,-9.1407,0.59091,-1.0061,0.05713,-0.66275,0.12664,0.73584,756.71,575.66,-1941.7,79403
68.253,0,-9.2559,0.38278,-0.95921,0.072151,-0.66001,0.14015,0.73453,737.17,560.44,-1937.3,80143
68.261,0,-9.0053,0.28687,-1.1844,0.087144,-0.65699,0.15361,0.73292,752.94,581.61,-1938.8,80230
68.268,0,-9.0147,0.4909,-1.1618,0.1021,-0.65369,0.167,0.73101,740.63,584.79,-1930.7,80732
68.275,0,-9.0514,0.30285,-1.1696,0.11701,-0.65013,0.18032,0.72879,737.5,580.16,-1946.1,80166
68.282,0,-9.1314,0.2407,-0.97996,0.13188,-0.64629,0.19356,0.72626,746.38,574.44,-1952.1,80227
68.289,0,-9.1063,0.15501,-1.2364,0.14669,-0.64218,0.20673,0.72343,729.35,587.02,-1914,81457
68.296,0,-9.2721,0.32623,-1.223,0.16144,-0.63781,0.21981,0.72029,758.2,576.83,-1939.8,81804
68.303,0,-9.184,0.19842,-1.1434,0.17613,-0.63317,0.23279,0.71686,750.46,565.26,-1922.7,79904
68.31,0,-9.3059,0.20742,-1.1668,0.19074,-0.62826,0.24568,0.71312,736.44,572.65,-1934.1,81282
68.317,1,-9.1928,-0.061423,-1.2992,0.20527,-0.6231,0.25847,0.70909,734.92,577.47,-1928.7,79960
68.324,0,-9.2598,0.064931,-1.1255,0.21972,-0.61767,0.27115,0.70476,742.13,586.54,-1936.2,80516
68.331,0,-9.2169,-0.13255,-1.0952,0.23407,-0.61199,0.28371,0.70013,752.31,569.73,-1924.2,81708
68.338,0,-9.2273,-0.023802,-1.1724,0.24833,-0.60605,0.29616,0.69521,745.67,590.49,-1927.7,80517
68.345,0,-9.0855,-0.04636,-1.3227,0.26249,-0.59986,0.30849,0.69,755.49,584.86,-1922.3,80901
68.352,0,-9.1981,-0.0218,-1.1854,0.27653,-0.59342,0.32068,0.68451,756.33,565.24,-1926.1,77975
68.359,0,-9.2367,-0.34785,-1.171,0.29046,-0.58673,0.33274,0.67872,747.44,580.67,-1927.6,81054
68.366,0,-9.1243,-0.2798,-1.2987,0.30427,-0.57979,0.34467,0.67265,740.72,578.96,-1908.7,79332
68.373,0,-9.1849,-0.47668,-1.2339,0.31795,-0.57262,0.35645,0.6663,760.16,587.23,-1916.3,80328
68.38,0,-9.1794,-0.28971,-0.92604,0.3315,-0.5652,0.36808,0.65967,744.11,591.24,-1913.8,80543
68.387,0,-9.2302,-0.28636,-1.2826,0.34491,-0.55755,0.37955,0.65277,734.39,576.52,-1941.8,80396
68.394,0,-9.2774,-0.41624,-1.0187,0.35818,-0.54967,0.39087,0.64559,735.42,587.1,-1932.4,79631
68.401,0,-9.18,-0.40766,-1.1446,0.3713,-0.54156,0.40203,0.63814,735.63,569.18,-1912.3,81655
68.408,0,-9.2916,-0.51011,-1.0642,0.38426,-0.53322,0.41302,0.63043,756.31,577.75,-1896.7,80335
68.416,0,-9.1764,-0.61639,-0.93344,0.39707,-0.52465,0.42383,0.62245,743.95,577.84,-1911.1,80159
68.423,0,-9.2902,-0.55117,-0.85371,0.40971,-0.51587,0.43447,0.61421,753.55,583.16,-1918.8,81903
68.43,0,-9.1831,-0.57329,-0.80319,0.42217,-0.50687,0.44493,0.60571,753.46,562.3,-1910.9,79909
68.437,0,-9.1163,-0.80237,-0.85081,0.43446,-0.49766,0.4552,0.59697,755.87,581.35,-1900.3,80352
68.444,0,-9.1607,-0.65339,-0.95488,0.44657,-0.48825,0.46528,0.58797,722.59,580.01,-1905.8,78556
68.451,0,-9.218,-0.68743,-0.84225,0.4585,-0.47862,0.47516,0.57872,747.05,593.45,-1912.4,81050
68.458,0,-9.232,-0.49474,-0.89633,0.47023,-0.4688,0.48485,0.56924,740.56,575.27,-1887.2,80088
68.465,0,-9.1521,-0.74197,-0.76999,0.48177,-0.45878,0.49433,0.55951,738.7,582.86,-1905.8,80722
68.472,0,-9.2616,-0.88841,-0.85539,0.4931,-0.44857,0.50361,0.54955,732.89,580.78,-1911,80665
68.479,0,-9.1478,-0.84345,-0.79718,0.50423,-0.43817,0.51268,0.53936,723.93,604.86,-1890.3,81547
68.486,0,-9.1831,-0.84203,-0.65845,0.51516,-0.42759,0.52153,0.52895,748.12,574.13,-1882.5,79132
68.493,0,-9.2072,-0.93163,-0.56882,0.52586,-0.41683,0.53016,0.51832,754.2,585.69,-1882.9,80303
68.5,0,-8.9926,-1.0126,-0.64506,0.53635,-0.40589,0.53857,0.50746,735.03,586.08,-1877,81261
68.507,0,-9.1523,-0.95541,-0.52569,0.54661,-0.39479,0.54676,0.4964,739.99,584.63,-1890.5,79607
68.514,0,-9.0348,-1.1556,-0.54277,0.55665,-0.38352,0.55471,0.48513,749.72,590.99,-1895.8,80825
68.521,0,-9.3264,-0.74254,-0.69711,0.56645,-0.37209,0.56244,0.47366,748.11,590.71,-1885.1,80973
68.528,0,-9.2787,-0.94974,-0.53751,0.57602,-0.3605,0.56992,0.46198,738.38,561.51,-1880.7,81748
68.535,0,-9.368,-0.98442,-0.50533,0.58535,-0.34876,0.57717,0.45012,739.81,567.91,-1872,80078
68.542,0,-9.0657,-0.91943,-0.35226,0.59443,-0.33687,0.58418,0.43806,731.63,571.57,-1900.1,80375
68.549,0,-9.1793,-0.97238,-0.39955,0.60327,-0.32485,0.59094,0.42583,750.67,582.95,-1898.9,78557
68.556,0,-9.2464,-1.0241,-0.41802,0.61186,-0.31269,0.59745,0.41341,734.22,573.63,-1876.4,81404
68.563,0,-9.3789,-1.2208,-0.30992,0.62019,-0.3004,0.60372,0.40082,743.65,583.7,-1886.1,81170
68.57,0,-9.3416,-1.0989,-0.24431,0.62826,-0.28798,0.60973,0.38806,738.73,564,-1873.5,80374
68.578,0,-9.2378,-1.1828,-0.17721,0.63607,-0.27544,0.61548,0.37514,737.75,583.59,-1861.6,79955
68.585,0,-9.2204,-1.1187,-0.10663,0.64361,-0.26279,0.62098,0.36207,749.36,585.99,-1868.5,80919
68.592,0,-9.222,-1.021,-0.034638,0.65089,-0.25002,0.62621,0.34884,753.04,561.37,-1877.8,79980
68.599,0,-9.2981,-1.1014,-0.074259,0.6579,-0.23715,0.63118,0.33546,742.62,574.11,-1891.6,81729
68.606,0,-9.1792,-1.0468,-0.15045,0.66463,-0.22419,0.63589,0.32195,736.85,580.24,-1859.3,80520
68.613,0,-9.342,-1.1504,-0.20661,0.67109,-0.21113,0.64033,0.3083,769.37,573.74,-1867.2,81055
68.62,0,-9.2913,-1.0161,0.039137,0.67726,-0.19798,0.6445,0.29452,739.75,589.83,-1856.5,79729
68.627,0,-9.1346,-1.1716,0.13884,0.68316,-0.18475,0.6484,0.28061,748.03,583.12,-1851.7,81659
68.634,0,-9.277,-1.1498,-0.011849,0.68876,-0.17144,0.65203,0.26659,746.8,578.9,-1875.3,80530
68.641,0,-9.2485,-1.0929,-0.048778,0.69408,-0.15806,0.65539,0.25245,737.81,585,-1851,81257
68.648,0,-9.312,-1.0954,0.38919,0.69912,-0.14461,0.65847,0.23821,752.43,576.54,-1860.7,81353
68.655,0,-9.2071,-0.99447,0.30185,0.70386,-0.13111,0.66127,0.22387,751.63,578.05,-1852.9,81006
68.662,0,-9.2175,-1.1846,0.42407,0.7083,-0.11755,0.6638,0.20944,746.7,574.31,-1858.7,81437
68.669,0,-9.327,-1.0397,0.53958,0.71245,-0.10394,0.66605,0.19491,747.9,564.63,-1860,80811
68.676,0,-9.3312,-1.0389,0.41321,0.7163,-0.090291,0.66802,0.1803,757.03,582.28,-1856.6,80746
68.683,0,-9.049,-0.90911,0.50535,0.71986,-0.076603,0.66971,0.16562,747.57,582.98,-1859.4,80385
68.69,0,-9.3968,-1.0806,0.60095,0.72311,-0.062883,0.67111,0.15087,734.35,588.18,-1852.5,79642
68.697,0,-9.121,-1.1163,0.78686,0.72606,-0.049137,0.67224,0.13605,717.05,572.13,-1851.6,80759
68.704,0,-9.0858,-0.97877,0.64561,0.72871,-0.035372,0.67309,0.12117,746.45,567.84,-1844.7,81585
68.711,0,-9.1324,-0.80411,0.78912,0.73105,-0.021592,0.67365,0.10625,746.53,586.22,-1836.4,80660
68.718,0,-9.2325,-0.97077,0.53907,0.73309,-0.0078036,0.67393,0.091272,746.38,591.22,-1844,80309
68.725,0,-9.1214,-0.81817,0.67972,0.73482,0.0059875,0.67393,0.076261,745.35,560.96,-1848.7,79210
68.732,0,-9.1689,-0.92315,0.73009,0.73624,0.019775,0.67365,0.061216,743.4,576.89,-1845.3,82685
68.74,0,-9.3407,-0.84268,0.61115,0.73736,0.033555,0.67309,0.046144,732.16,592.22,-1844.4,80932
68.747,0,-9.3147,-0.84002,0.95873,0.73817,0.047319,0.67224,0.031053,762.04,565.98,-1849.8,80307
68.754,0,-9.1349,-0.88023,0.82732,0.73866,0.061064,0.67111,0.015947,746.57,583.42,-1814.1,82121
68.761,0,-9.1739,-0.72417,0.91438,0.73885,0.074782,0.66971,0.00083439,752.13,557.55,-1851.7,83936
68.768,0,-9.3332,-0.5968,0.77117,0.73873,0.088469,0.66802,-0.01428,755.38,595.81,-1829.8,80754
68.775,0,-9.3981,-0.61705,0.91881,0.7383,0.10212,0.66605,-0.029389,755.76,582.19,-1816.5,81344
68.782,0,-9.3503,-0.56537,1.0719,0.73756,0.11572,0.6638,-0.044487,758.07,572.84,-1838,82266
68.789,0,-9.3528,-0.45345,1.1773,0.73651,0.12928,0.66128,-0.059566,747.71,571.51,-1833.9,81858
68.796,0,-9.242,-0.2512,0.79042,0.73515,0.14278,0.65848,-0.074622,740.78,583,-1855.5,83463
68.803,0,-9.1236,-0.47078,1.1795,0.73349,0.15623,0.6554,-0.089647,737.93,590.35,-1829.6,82673
68.81,0,-9.4357,-0.070375,1.1023,0.73152,0.1696,0.65205,-0.10464,750.74,597.73,-1818.6,81412
68.817,0,-9.3386,-0.48165,1.2834,0.72924,0.18291,0.64843,-0.11958,732.95,587.12,-1827,79732
68.824,0,-9.1942,-0.31935,1.094,0.72665,0.19614,0.64453,-0.13448,746.68,568.6,-1809.1,81723
68.831,0,-9.3473,-0.38913,1.2445,0.72376,0.20928,0.64037,-0.14932,740.84,601.54,-1812.9,80323
68.838,0,-9.4075,-0.24676,1.0772,0.72057,0.22234,0.63594,-0.1641,762.37,569.64,-1823.5,80440
68.845,0,-9.3372,-0.23322,1.0305,0.71707,0.23531,0.63124,-0.17881,740.86,579.76,-1819.4,81766
68.852,0,-9.1719,-0.26624,1.2311,0.71328,0.24818,0.62628,-0.19344,759.84,583.4,-1807.4,80530
68.859,0,-9.236,0.049152,1.3424,0.70918,0.26094,0.62105,-0.208,733.61,594.39,-1791.1,81222
68.866,0,-9.1791,0.046241,1.0236,0.70479,0.27359,0.61557,-0.22247,774.3,573.15,-1808.5,80674
68.873,0,-9.2991,0.32143,1.1941,0.7001,0.28613,0.60983,-0.23684,747.77,591.34,-1789,81357
68.88,0,-9.2601,0.063317,1.1583,0.69512,0.29855,0.60383,-0.25112,755.13,581.67,-1793.8,82370
68.887,0,-9.2355,0.11241,1.0948,0.68985,0.31084,0.59758,-0.26529,746.27,578.92,-1813.9,81136
68.894,0,-9.2464,0.041543,1.2003,0.68429,0.32301,0.59108,-0.27935,738.17,569.56,-1802.6,82074
68.902,0,-9.1052,0.30735,1.2103,0.67844,0.33504,0.58434,-0.2933,737.68,590.11,-1826.8,83011
68.909,0,-9.2632,0.12321,1.1028,0.67231,0.34692,0.57734,-0.30712,747.55,589.19,-1819.1,82400
68.916,0,-9.2513,0.43938,1.1499,0.66589,0.35867,0.57011,-0.32082,746.09,571.88,-1787,81009
68.923,0,-9.2061,0.22816,1.1023,0.65919,0.37026,0.56264,-0.33438,755.69,585.94,-1790.5,80492
68.93,0,-9.3016,0.43742,1.2574,0.65222,0.3817,0.55493,-0.3478,736.53,581.99,-1795.7,83165
68.937,0,-9.4385,0.41304,1.0427,0.64498,0.39297,0.54699,-0.36107,751,607,-1790.8,83266
68.944,0,-9.2678,0.3376,1.0074,0.63746,0.40409,0.53882,-0.3742,756.7,587.74,-1786,81004
68.951,0,-9.1907,0.4148,1.0172,0.62968,0.41503,0.53043,-0.38717,757.42,585.32,-1803.9,81793
68.958,0,-9.3824,0.70187,0.90106,0.62163,0.4258,0.52181,-0.39998,737.09,570.56,-1791.5,81867
68.965,0,-9.1388,0.49908,1.0311,0.61333,0.43639,0.51298,-0.41262,756.23,573,-1796.1,80923
68.972,0,-9.2744,0.55522,0.84736,0.60476,0.4468,0.50393,-0.42508,760.2,575.1,-1787.3,81824
68.979,0,-9.2414,0.67823,0.92215,0.59594,0.45702,0.49466,-0.43737,764.6,574.6,-1798.1,81473
68.986,0,-9.436,0.64072,1.0964,0.58688,0.46704,0.4852,-0.44948,757.21,599.65,-1772.2,81293
68.993,0,-9.2638,0.72586,0.8685,0.57756,0.47688,0.47552,-0.4614,746.57,578.1,-1769.8,80909
69,0,-9.313,0.54045,0.64265,0.568,0.48651,0.46565,-0.47313,749.29,579.89,-1792.4,80444
69.007,0,-9.3427,0.74434,0.75684,0.55821,0.49594,0.45558,-0.48465,742.61,596.21,-1784.2,81173
69.014,0,-9.1866,0.80516,0.85321,0.54818,0.50516,0.44533,-0.49598,752.97,574.14,-1785.7,82896
69.021,1,-9.4603,0.6638,0.7732,0.53792,0.51417,0.43488,-0.5071,756.84,598.57,-1794.6,78797
69.028,0,-9.2506,0.84806,0.67214,0.52744,0.52296,0.42426,-0.51801,759.79,574.29,-1779.9,82653
69.035,0,-9.3603,0.97925,0.73812,0.51673,0.53153,0.41345,-0.5287,748.68,577.13,-1762.8,82335
69.042,0,-9.4043,0.93376,0.73091,0.50581,0.53988,0.40247,-0.53917,758.08,588.08,-1764.2,82051
69.049,0,-9.375,0.92477,0.84628,0.49468,0.54801,0.39133,-0.54941,741.04,579.45,-1764,80163
69.056,0,-9.2378,0.96584,0.6119,0.48333,0.5559,0.38001,-0.55942,747.26,580.08,-1784.9,81254
69.064,0,-9.3986,0.93619,0.50454,0.47179,0.56356,0.36854,-0.5692,756.01,589.24,-1780.2,81739
69.071,0,-9.2196,1.001,0.51263,0.46005,0.57098,0.35692,-0.57875,768.63,566.55,-1777,81594
69.078,0,-9.4539,1.282,0.34625,0.44811,0.57816,0.34514,-0.58805,733.7,574.39,-1764.2,82053
69.085,0,-9.1784,0.98423,0.33823,0.43599,0.5851,0.33323,-0.5971,766.49,595.22,-1782.4,83444
69.092,0,-9.3931,1.1793,0.42366,0.42368,0.5918,0.32117,-0.60591,755.63,596.42,-1757.9,81000
69.099,0,-9.3861,1.1838,0.33107,0.41119,0.59824,0.30897,-0.61446,742.56,581.69,-1756.9,81221
69.106,0,-9.461,1.1674,0.13703,0.39854,0.60443,0.29665,-0.62276,740.98,602.01,-1777.3,82820
69.113,0,-9.3793,1.1874,0.42061,0.38571,0.61037,0.2842,-0.63079,753.24,580.92,-1770,79946
69.12,0,-9.5033,1.2296,0.13931,0.37272,0.61606,0.27164,-0.63856,753.89,580.34,-1765.3,82265
69.127,0,-9.3589,0.95203,0.047931,0.35958,0.62148,0.25896,-0.64607,728.29,589.54,-1753.7,81848
69.134,0,-9.2818,1.2412,0.017387,0.34628,0.62664,0.24617,-0.6533,749.25,571.27,-1764.2,80427
69.141,0,-9.5073,1.1396,0.1143,0.33284,0.63154,0.23328,-0.66026,743.58,566.84,-1748.7,81630
69.148,0,-9.4515,0.90142,-0.078447,0.31926,0.63618,0.22029,-0.66695,751.18,588.09,-1752.3,81045
69.155,0,-9.3243,1.2695,0.074132,0.30555,0.64055,0.20721,-0.67336,755.86,590.79,-1750.6,82945
69.162,0,-9.3912,1.2924,0.018278,0.2917,0.64464,0.19404,-0.67948,760.67,582.2,-1744.1,83763
69.169,0,-9.3907,1.0751,-0.0051013,0.27774,0.64847,0.18079,-0.68532,749.49,587.49,-1755.1,81443
69.176,0,-9.2709,1.2359,-0.22902,0.26365,0.65202,0.16746,-0.69088,772.92,573.93,-1738.4,80052
69.183,0,-9.3699,1.128,-0.12652,0.24946,0.6553,0.15407,-0.69614,749.77,588.32,-1756.8,79928
69.19,0,-9.2454,1.0514,-0.21916,0.23516,0.65831,0.14061,-0.70111,729.03,570.37,-1743.9,82438
69.197,0,-9.4096,0.84905,-0.26921,0.22076,0.66104,0.12709,-0.70579,757.95,581.66,-1738.7,82177
69.204,0,-9.3727,1.106,-0.29644,0.20626,0.66349,0.11352,-0.71018,755.83,586.31,-1732.3,82201
69.211,0,-9.3651,0.9564,-0.3036,0.19168,0.66566,0.099907,-0.71427,758.58,554.58,-1733.3,81640
69.218,0,-9.3388,0.9969,-0.60967,0.17702,0.66755,0.086248,-0.71805,746.98,569.86,-1711.4,82964
69.226,0,-9.2932,1.1125,-0.33832,0.16229,0.66916,0.072554,-0.72154,752.56,577.75,-1729.1,82272
69.233,0,-9.4025,1.0136,-0.46531,0.14748,0.67049,0.058829,-0.72473,746.56,598.34,-1738.4,82357
69.24,0,-9.4817,0.94208,-0.49793,0.13261,0.67154,0.04508,-0.72761,755.45,583.97,-1726.9,82938
69.247,0,-9.4626,0.81083,-0.67258,0.11769,0.67231,0.031313,-0.73018,755.09,574.27,-1726.4,81032
69.254,0,-9.4005,0.95601,-0.72372,0.10272,0.67279,0.017534,-0.73246,735.49,586.48,-1740.5,82785
69.261,0,-9.2517,0.78393,-0.80469,0.087698,0.673,0.003747,-0.73442,744.54,592.17,-1707.4,83632
69.268,0,-9.4356,0.89934,-0.85828,0.072643,0.67291,-0.010041,-0.73608,732.94,570.32,-1705.7,81325
69.275,0,-9.419,1.0545,-0.7809,0.057556,0.67255,-0.023824,-0.73742,748.23,580.5,-1734.3,82693
69.282,0,-9.3555,0.86985,-0.78914,0.042444,0.67191,-0.037596,-0.73846,744.27,582.08,-1715.3,82527
69.289,0,-9.5679,0.78778,-0.85724,0.027314,0.67098,-0.051352,-0.73919,743.49,582.12,-1733.4,82107
69.296,0,-9.4711,0.68194,-0.99108,0.012171,0.66977,-0.065087,-0.73961,760.33,586.33,-1732.1,82381
69.303,0,-9.4043,0.67827,-0.68527,-0.0029775,0.66828,-0.078793,-0.73972,749.88,573.34,-1722.5,83074
69.31,0,-9.4133,0.64423,-0.86081,-0.018126,0.66651,-0.092466,-0.73952,751.48,581.85,-1701.7,82382
69.317,0,-9.392,0.6297,-1.0167,-0.033267,0.66446,-0.1061,-0.739,745.48,577.46,-1712,82181
69.324,0,-9.3449,0.55619,-0.96415,-0.048395,0.66213,-0.11969,-0.73818,766.61,592.11,-1711.9,81361
69.331,0,-9.4846,0.75488,-1.026,-0.063503,0.65953,-0.13323,-0.73705,736.41,581.33,-1695.4,82664
69.338,0,-9.3811,0.4369,-0.93951,-0.078585,0.65664,-0.14671,-0.73561,734.58,579.69,-1708.8,83748
69.345,0,-9.4653,0.57966,-1.065,-0.093636,0.65348,-0.16013,-0.73386,741.04,595.21,-1702,83605
69.352,0,-9.4187,0.34369,-1.0365,-0.10865,0.65005,-0.17348,-0.7318,754.11,584.81,-1725.4,80446
69.359,0,-9.1513,0.48764,-1.0737,-0.12361,0.64635,-0.18676,-0.72944,749.28,576.96,-1701,84517
69.366,0,-9.4912,0.32298,-0.98925,-0.13853,0.64237,-0.19996,-0.72676,765.43,582.14,-1706.1,82171
69.373,0,-9.2832,0.3211,-1.063,-0.15339,0.63812,-0.21308,-0.72379,745.78,590.05,-1704.7,81579
69.38,0,-9.3458,0.066928,-1.112,-0.16818,0.63361,-0.2261,-0.72051,765.07,570.95,-1692.5,81329
69.388,0,-9.2625,0.023545,-1.173,-0.18291,0.62883,-0.23904,-0.71692,744.49,573.23,-1678.9,82478
69.395,0,-9.1189,0.075217,-1.2244,-0.19755,0.62379,-0.25187,-0.71304,743.79,572.27,-1691.7,82729
69.402,0,-9.3323,-0.021433,-1.1855,-0.21212,0.61848,-0.26459,-0.70885,765.05,596.04,-1668,81897
69.409,0,-9.4095,0.031534,-1.0707,-0.2266,0.61292,-0.2772,-0.70437,755.16,584.77,-1714.3,82522
69.416,0,-9.4789,-0.15846,-1.2377,-0.24098,0.6071,-0.2897,-0.6996,743.31,593.5,-1699.6,82334
69.423,0,-9.2651,-0.16313,-1.13,-0.25526,0.60102,-0.30208,-0.69452,743.57,585.04,-1696.1,84313
69.43,0,-9.3963,-0.11671,-1.2552,-0.26944,0.59469,-0.31432,-0.68916,730.63,581.93,-1681.8,81243
69.437,0,-9.4243,-0.16376,-1.144,-0.2835,0.58812,-0.32644,-0.68351,759.46,596.99,-1680.3,83806
69.444,0,-9.5196,-0.052115,-1.1819,-0.29744,0.58129,-0.33842,-0.67757,744.68,575.49,-1680.6,82561
69.451,0,-9.3546,-0.054738,-1.2372,-0.31126,0.57423,-0.35026,-0.67134,756.56,590.4,-1679.7,82947
69.458,0,-9.5407,-0.25975,-0.90049,-0.32495,0.56692,-0.36195,-0.66484,747.66,573.48,-1687.5,83544
69.465,0,-9.245,-0.53716,-1.1599,-0.33851,0.55937,-0.37348,-0.65805,753.66,585.93,-1686.7,83084
69.472,0,-9.5347,-0.47975,-1.0381,-0.35192,0.55159,-0.38486,-0.65099,771.31,585.18,-1697.6,83113
69.479,0,-9.4594,-0.3158,-1.0349,-0.36518,0.54357,-0.39608,-0.64365,753.33,601.57,-1691.9,83151
69.486,0,-9.5425,-0.537,-0.96188,-0.37829,0.53533,-0.40713,-0.63605,752.32,587.55,-1663.3,82683
69.493,0,-9.4776,-0.52086,-1.1988,-0.39125,0.52687,-0.41801,-0.62817,761.28,584.16,-1677.1,84152
69.5,0,-9.4002,-0.46309,-1.0268,-0.40404,0.51818,-0.42872,-0.62003,756.87,580.14,-1688.6,84111
69.507,0,-9.3963,-0.88235,-0.94771,-0.41666,0.50928,-0.43924,-0.61164,755.78,573.41,-1667.8,84118
69.514,0,-9.3006,-0.76843,-0.89213,-0.4291,0.50016,-0.44958,-0.60298,762.38,594.24,-1660.2,83568
69.521,0,-9.3292,-0.59511,-0.92535,-0.44137,0.49083,-0.45973,-0.59407,740.72,575.06,-1665.2,83041
69.528,0,-9.2719,-0.79561,-0.81671,-0.45345,0.4813,-0.46969,-0.58491,743.15,579.38,-1664.7,83513
69.535,0,-9.3398,-0.6444,-0.98241,-0.46534,0.47156,-0.47945,-0.57551,763.03,588.14,-1661,82794
69.542,0,-9.3775,-0.7016,-0.83514,-0.47704,0.46163,-0.48901,-0.56586,754.54,582.56,-1658.5,83476
69.55,0,-9.6266,-0.8142,-0.83681,-0.48854,0.4515,-0.49836,-0.55598,758.36,559.21,-1652.8,84017
69.557,0,-9.3605,-0.7782,-0.78528,-0.49983,0.44118,-0.50751,-0.54586,756.23,587.55,-1659.4,82353
69.564,0,-9.4259,-1.1075,-0.89112,-0.51091,0.43068,-0.51644,-0.53551,736.69,579.3,-1652.3,82189
69.571,0,-9.6307,-0.87486,-0.7353,-0.52178,0.41999,-0.52515,-0.52494,746.8,585.4,-1667.5,81566
69.578,0,-9.4743,-0.93756,-0.60251,-0.53243,0.40913,-0.53364,-0.51415,745.26,576.62,-1635.1,83418
69.585,0,-9.3802,-0.86965,-0.66688,-0.54286,0.3981,-0.54191,-0.50314,769.39,571.16,-1637,82952
69.592,0,-9.4359,-1.0017,-0.61276,-0.55306,0.3869,-0.54995,-0.49192,745.65,591.15,-1645.8,83276
69.599,0,-9.4054,-1.0639,-0.68113,-0.56303,0.37554,-0.55776,-0.48049,735.71,569.71,-1641.8,82848
69.606,0,-9.4031,-0.97723,-0.60999,-0.57276,0.36402,-0.56533,-0.46886,752.67,584.42,-1636,83728
69.613,0,-9.6831,-0.99946,-0.58178,-0.58225,0.35235,-0.57267,-0.45704,754.15,583.54,-1636.3,82850
69.62,0,-9.4685,-1.043,-0.55482,-0.5915,0.34053,-0.57976,-0.44502,750.73,582.19,-1649.6,85291
69.627,0,-9.4326,-1.0618,-0.2395,-0.6005,0.32857,-0.58661,-0.43281,745.18,590.77,-1659.2,83142
69.634,0,-9.5222,-1.0775,-0.41026,-0.60925,0.31647,-0.59321,-0.42043,750.92,586.64,-1622.6,82170
69.641,0,-9.5065,-1.2407,-0.29255,-0.61774,0.30424,-0.59957,-0.40786,740.64,574.47,-1632.4,81865
69.648,0,-9.5276,-1.1136,-0.18666,-0.62598,0.29187,-0.60567,-0.39512,756.15,577.88,-1650.6,81750
69.655,0,-9.4273,-1.3124,-0.036529,-0.63395,0.27939,-0.61152,-0.38222,751.14,584.02,-1633.5,83405
69.662,0,-9.5128,-1.0498,-0.19632,-0.64166,0.26679,-0.61711,-0.36916,749.27,591.39,-1631.3,82765
69.669,0,-9.5106,-1.2193,-0.033191,-0.6491,0.25408,-0.62243,-0.35594,754.46,562.43,-1639.3,84099
69.676,0,-9.4339,-1.1666,-0.19479,-0.65626,0.24126,-0.6275,-0.34257,740.65,579.25,-1635.8,84547
69.683,0,-9.5739,-1.1395,-0.0039604,-0.66315,0.22834,-0.63231,-0.32906,747.48,590.12,-1616.5,81672
69.69,0,-9.3471,-1.0214,0.01712,-0.66977,0.21532,-0.63684,-0.3154,749.47,579.4,-1637.7,82954
69.697,0,-9.4563,-1.1309,-0.017054,-0.6761,0.20222,-0.64111,-0.30162,734.14,587.69,-1644.8,84971
69.704,0,-9.4328,-1.1043,-0.12774,-0.68215,0.18903,-0.64511,-0.28771,757.12,591.84,-1624,82833
69.712,0,-9.3377,-1.1902,0.12497,-0.68791,0.17576,-0.64884,-0.27367,746.74,576.06,-1620.2,83819
69.719,0,-9.4675,-1.135,0.19717,-0.69338,0.16242,-0.65229,-0.25952,733.03,590.75,-1632,84445
69.726,1,-9.5178,-1.1684,0.20831,-0.69857,0.14901,-0.65547,-0.24527,747.29,593.01,-1617.2,82553
69.733,0,-9.4853,-1.2184,0.49309,-0.70346,0.13553,-0.65838,-0.2309,776.63,593.65,-1607.1,83864
69.74,0,-9.4895,-1.0965,0.32542,-0.70805,0.122,-0.66101,-0.21644,753.21,585.92,-1611.9,84221
69.747,0,-9.4778,-1.1317,0.44734,-0.71235,0.10842,-0.66336,-0.20189,760.38,594.83,-1644.3,83003
69.754,0,-9.5847,-1.0296,0.4718,-0.71635,0.094797,-0.66543,-0.18725,743.56,585.57,-1614.7,81936
69.761,0,-9.343,-1.2004,0.6536,-0.72005,0.081132,-0.66722,-0.17254,746.91,572.91,-1620.5,83915
69.768,0,-9.3634,-1.0441,0.51318,-0.72345,0.067433,-0.66873,-0.15775,734.71,583.12,-1609.9,83235
69.775,0,-9.5767,-1.2485,0.46433,-0.72654,0.053707,-0.66995,-0.14289,741.79,576.06,-1613.2,84739
69.782,0,-9.3157,-0.88582,0.57535,-0.72933,0.039958,-0.6709,-0.12798,745.37,589.69,-1601.9,82476
69.789,0,-9.6177,-0.91142,0.84447,-0.73181,0.026193,-0.67157,-0.11301,753.66,564.36,-1619.2,82287
69.796,0,-9.5339,-1.0378,0.71686,-0.73398,0.012418,-0.67195,-0.097986,755.13,576.46,-1620.7,82555
69.803,0,-9.4915,-0.93763,0.74838,-0.73585,-0.0013623,-0.67205,-0.082925,744.5,584.33,-1602.4,81966
69.81,0,-9.5993,-1.0199,0.73879,-0.73741,-0.015142,-0.67186,-0.067829,732.52,585.45,-1618.2,84068
69.817,0,-9.5432,-0.85707,0.88315,-0.73866,-0.028914,-0.6714,-0.052703,774.16,578.02,-1598.7,82633
69.824,0,-9.5271,-1.0019,0.69896,-0.73959,-0.042674,-0.67065,-0.037554,761.7,582.94,-1606.4,82256
69.831,0,-9.4092,-0.94116,0.84243,-0.74022,-0.056415,-0.66962,-0.022389,757.04,575.86,-1600.2,82422
69.838,0,-9.3855,-0.7043,0.88931,-0.74054,-0.070132,-0.66831,-0.0072141,755.81,592.84,-1603.2,83977
69.845,0,-9.671,-0.78865,1.0547,-0.74054,-0.083819,-0.66672,0.0079647,748.39,587.34,-1613.4,81564
69.852,0,-9.4981,-0.79959,0.91479,-0.74024,-0.097471,-0.66484,0.023141,743.55,579.63,-1570.6,84195
69.859,0,-9.4314,-0.59966,0.91604,-0.73962,-0.11108,-0.66269,0.038308,752.85,587.82,-1596.3,83776
69.867,0,-9.5756,-0.64251,1.051,-0.73869,-0.12464,-0.66026,0.053459,760.48,596.96,-1579.6,85199
69.874,0,-9.6491,-0.53161,1.0139,-0.73745,-0.13815,-0.65755,0.068589,747.5,590.12,-1592.4,85585
69.881,0,-9.5366,-0.60312,1.0693,-0.7359,-0.15161,-0.65457,0.08369,755.12,588.75,-1599.8,82525
69.888,0,-9.6309,-0.58635,0.95623,-0.73405,-0.16499,-0.65131,0.098757,760.29,572.55,-1597.4,82913
69.895,0,-9.659,-0.3651,1.0488,-0.73188,-0.17831,-0.64777,0.11378,756.06,590.42,-1586.3,82194
69.902,0,-9.418,-0.16478,1.233,-0.72941,-0.19155,-0.64397,0.12876,733.68,587.24,-1594.5,83341
69.909,0,-9.4519,-0.23279,1.2077,-0.72663,-0.20471,-0.63989,0.14369,756.8,607.66,-1570.1,83068
69.916,0,-9.7091,-0.17727,1.1795,-0.72354,-0.21779,-0.63554,0.15855,754.73,571.32,-1590.6,83931
69.923,0,-9.5281,-0.32096,0.98535,-0.72015,-0.23077,-0.63093,0.17335,776.13,576.79,-1613.6,83421
69.93,0,-9.5288,-0.25535,1.2873,-0.71646,-0.24366,-0.62605,0.18808,752.82,583.93,-1591.5,83769
69.937,0,-9.504,-0.0024953,1.1698,-0.71246,-0.25644,-0.62091,0.20273,770.84,575.1,-1585.1,81199
69.944,0,-9.5309,-0.092141,1.0712,-0.70817,-0.26912,-0.61551,0.21729,751.92,592.47,-1577.8,86415
69.951,0,-9.5697,-0.15097,1.1682,-0.70358,-0.28168,-0.60985,0.23177,752.9,582.67,-1578,84573
69.958,0,-9.478,0.010847,1.1591,-0.69869,-0.29412,-0.60394,0.24614,741.39,581.06,-1564.1,83893
69.965,0,-9.7459,-0.0046819,1.1215,-0.69351,-0.30644,-0.59777,0.26041,755.77,584.73,-1569.6,84344
69.972,0,-9.5738,0.076944,1.1469,-0.68804,-0.31863,-0.59134,0.27458,757.08,589.79,-1576,85093
69.979,0,-9.3663,0.016258,1.3075,-0.68228,-0.33068,-0.58467,0.28863,749.22,581.15,-1569.1,83148
69.986,0,-9.6435,0.24114,1.168,-0.67623,-0.3426,-0.57776,0.30256,739.85,593.36,-1573.2,84784
69.993,0,-9.6272,0.25623,1.1542,-0.66989,-0.35437,-0.5706,0.31636,758.94,585.28,-1570.5,82022
70,0,-9.4859,0.33208,1.196,-0.66328,-0.36599,-0.5632,0.33003,740.22,604.81,-1564.3,83571
70.007,0,-9.468,0.25173,1.1337,-0.65638,-0.37746,-0.55557,0.34356,765.21,598.32,-1555.4,83868
70.014,0,-9.5725,0.27084,1.181,-0.64921,-0.38877,-0.5477,0.35695,747.38,593.38,-1543.9,84722
70.021,0,-9.4425,0.55389,1.1622,-0.64177,-0.39991,-0.5396,0.37018,750.34,585.71,-1559.8,82243
70.029,0,-9.518,0.53437,1.1171,-0.63405,-0.41089,-0.53128,0.38327,742.88,579.21,-1554.7,81681
70.036,0,-9.5679,0.41883,1.0137,-0.62607,-0.42169,-0.52273,0.39619,747.15,582.9,-1554.5,84360
70.043,0,-9.5702,0.54684,1.0331,-0.61783,-0.43232,-0.51396,0.40894,744.81,574.68,-1563.1,83346
70.05,0,-9.6228,0.56296,1.1535,-0.60932,-0.44276,-0.50498,0.42153,757.41,584.44,-1547.1,83899
70.057,0,-9.5601,0.71559,0.98701,-0.60056,-0.45302,-0.49578,0.43393,754.21,591.55,-1560.1,85025
70.064,0,-9.5274,0.5611,0.902,-0.59155,-0.46309,-0.48638,0.44616,754.17,599.42,-1549,82621
70.071,0,-9.5163,0.63437,0.97217,-0.58229,-0.47296,-0.47677,0.4582,760.94,588.53,-1556.1,82107
70.078,0,-9.6097,0.72219,0.85239,-0.57278,-0.48263,-0.46696,0.47004,758.77,589.71,-1522.7,85067
70.085,0,-9.4827,0.91425,0.90488,-0.56303,-0.4921,-0.45695,0.48169,763.88,586.26,-1541.3,84480
70.092,0,-9.5396,0.80169,0.84324,-0.55305,-0.50136,-0.44675,0.49314,747.87,586.5,-1535.1,82765
70.099,0,-9.5711,0.91641,0.87164,-0.54283,-0.51041,-0.43637,0.50438,745.03,589.31,-1558.9,83362
70.106,0,-9.5867,0.86569,0.67656,-0.53238,-0.51925,-0.4258,0.51541,749.89,584.63,-1534.5,84429
70.113,0,-9.4917,0.85606,0.46934,-0.52171,-0.52786,-0.41505,0.52622,759.38,593.89,-1520.1,84314
70.12,0,-9.5611,0.89409,0.65375,-0.51082,-0.53626,-0.40413,0.53681,752.55,586.78,-1545.9,83394
70.127,0,-9.3917,0.78854,0.59663,-0.49972,-0.54443,-0.39304,0.54718,753.58,593.15,-1519.8,84121
70.134,0,-9.5779,0.97077,0.51493,-0.4884,-0.55237,-0.38178,0.55731,770.41,574.39,-1537,82944
70.141,0,-9.5917,0.97485,0.48618,-0.47688,-0.56007,-0.37036,0.56721,756.64,598.74,-1535,83196
70.148,0,-9.6754,1.1486,0.62822,-0.46516,-0.56754,-0.35879,0.57688,744.13,566.55,-1521.9,83887
70.155,0,-9.5778,1.0881,0.54168,-0.45324,-0.57478,-0.34707,0.5863,764.39,590.31,-1525.2,84666
70.162,0,-9.6309,1.2834,0.43943,-0.44113,-0.58177,-0.3352,0.59548,761.13,577.58,-1525.4,82736
70.169,0,-9.5098,1.158,0.54881,-0.42884,-0.58851,-0.32319,0.6044,758.4,581.9,-1533.3,83985
70.176,0,-9.6491,0.92628,0.53165,-0.41636,-0.59501,-0.31104,0.61308,764.45,577.87,-1534,84687
70.183,0,-9.5823,1.2498,0.067029,-0.40371,-0.60125,-0.29877,0.62149,747.63,587.17,-1506,84415
70.191,0,-9.536,1.2516,0.39909,-0.39089,-0.60724,-0.28636,0.62965,748.63,579.39,-1519.7,83826
70.198,0,-9.6152,1.1705,0.24325,-0.37791,-0.61298,-0.27384,0.63754,755.96,589.34,-1509.2,84729
70.205,0,-9.5587,1.2027,0.24508,-0.36476,-0.61846,-0.26121,0.64516,745.72,582.25,-1512.8,84384
70.212,0,-9.7183,1.1625,0.15542,-0.35146,-0.62368,-0.24846,0.65251,754.72,592.3,-1523.1,83064
70.219,0,-9.5264,1.2229,0.0125,-0.33802,-0.62863,-0.23561,0.65959,752.51,581.41,-1517,84732
70.226,0,-9.6721,1.1773,0.13582,-0.32443,-0.63332,-0.22266,0.66639,763.35,596.09,-1515.8,84103
70.233,0,-9.6249,1.2053,0.22142,-0.3107,-0.63775,-0.20962,0.67291,754,593.8,-1492.4,86195
70.24,0,-9.718,1.2447,-0.18409,-0.29684,-0.6419,-0.19649,0.67915,732.59,593.54,-1496.6,85195
70.247,0,-9.6296,1.0872,-0.19277,-0.28286,-0.64578,-0.18327,0.6851,762.38,578.05,-1521.8,85245
70.254,0,-9.4311,1.2109,-0.12888,-0.26876,-0.6494,-0.16998,0.69077,772.6,581.26,-1500.6,82523
70.261,0,-9.8001,1.0601,-0.073108,-0.25454,-0.65274,-0.15662,0.69614,746.56,586.31,-1500.8,85407
70.268,0,-9.6671,1.1006,-0.33308,-0.24022,-0.6558,-0.1432,0.70122,747.22,598.93,-1503.6,85158
70.275,0,-9.4475,1.1508,-0.31418,-0.2258,-0.65859,-0.12971,0.70601,751.98,594.16,-1506.6,83428
70.282,0,-9.5879,0.9882,-0.25783,-0.21128,-0.6611,-0.11617,0.71051,768.34,591.6,-1513.7,85234
70.289,0,-9.7351,1.1446,-0.47176,-0.19667,-0.66333,-0.10258,0.7147,752.91,578.32,-1501.1,84875
70.296,0,-9.6926,1.0463,-0.53922,-0.18198,-0.66528,-0.08895,0.71859,766.43,608.57,-1513.1,84003
70.303,0,-9.5199,1.0211,-0.48789,-0.16721,-0.66695,-0.075282,0.72218,766.06,584.39,-1501.8,82186
70.31,0,-9.6186,1.0348,-0.43595,-0.15237,-0.66834,-0.061583,0.72547,751.54,590.03,-1502,83985
70.317,0,-9.6844,0.98976,-0.62237,-0.13746,-0.66945,-0.047858,0.72845,758.46,596.4,-1494.3,83774
70.324,0,-9.4803,1.106,-0.50269,-0.1225,-0.67028,-0.034113,0.73113,764.02,559.86,-1492.5,84353
70.331,0,-9.5857,1.1309,-0.62076,-0.10748,-0.67083,-0.020355,0.7335,750.48,587.66,-1478.2,84651
70.338,0,-9.6578,0.94789,-0.76539,-0.092419,-0.67109,-0.0065892,0.73556,752.99,595.06,-1510,84420
70.345,0,-9.638,0.84251,-0.75357,-0.077318,-0.67108,0.007179,0.73731,768.41,594.79,-1489.7,85348
70.353,0,-9.6848,0.80614,-0.73316,-0.062183,-0.67078,0.020943,0.73875,758.43,595.84,-1491.5,84783
70.36,0,-9.6026,0.91455,-0.78954,-0.047021,-0.67019,0.034698,0.73988,773.09,569.79,-1495.5,84625
70.367,0,-9.66,0.9393,-0.82117,-0.031839,-0.66933,0.048438,0.7407,756.42,603.88,-1480.1,86161
70.374,0,-9.6122,0.93257,-0.88719,-0.016642,-0.66819,0.062156,0.74121,763.62,575.59,-1467.7,84237
70.381,0,-9.428,0.75964,-0.93553,-0.0014375,-0.66676,0.075847,0.7414,760.07,598.08,-1490.5,85159
70.388,0,-9.68,0.92053,-1.0791,0.013769,-0.66506,0.089506,0.74128,763.75,591.25,-1480.8,85330
70.395,0,-9.722,0.8104,-1.0288,0.02897,-0.66307,0.10313,0.74085,761.87,562.62,-1470.3,82777
70.402,0,-9.6667,0.69533,-1.0939,0.04416,-0.66081,0.1167,0.74011,762.07,588.47,-1477.5,83755
70.409,0,-9.7636,0.45968,-1.0261,0.059332,-0.65827,0.13023,0.73905,786.88,588.39,-1460.7,85792
70.416,0,-9.5525,0.61484,-1.1161,0.07448,-0.65546,0.1437,0.73769,751.56,572.45,-1475.8,86275
70.423,0,-9.4838,0.58778,-1.42,0.089597,-0.65237,0.15711,0.73601,752.76,582.87,-1492.3,85357
70.43,1,-9.6239,0.46332,-1.3538,0.10468,-0.649,0.17045,0.73402,765.28,585.87,-1478.3,85994
